service,profile,file,class,test_method,is_complex_method,call_index,call_expected_status_code,endpoint,http,asserted_code,asserts_the_expected_HTTP_status_codes?,assert_count,missing_url_parameter_values,missing_request_body,credentials_header,file_type,file_path,imports_count,wildcard_imports,compiled,compile_error_count,compile_error_types,missing_imports,incorrect_imports,unused_imports,dependency_availability_pct,syntax_errors,type_errors,undefined_variables,type_annotation_errors,generic_type_misuses,compile_exit_code,compile_timeout,compile_error_summary,class_log_dir,compile_log_path,compile_stdout_log_path,compile_stderr_log_path,runs,run_detected,runtime_error_count,runtime_error_types,run_exit_code,run_timeout,execution_seconds,cpu_seconds,peak_working_set_mb,run_error_summary,method_log_dir,run_log_path,run_stdout_log_path,run_stderr_log_path
ts-admin-basic-service,admin,EvoMaster_Test_faults.java,EvoMaster_Test_faults,test_0_getOnPricesShowsFaults_100_101,False,1,500,/api/v1/adminbasicservice/adminbasic/prices,GET,500,.statusCode(500) .assertThat(),6,".get(baseUrlOfSut + ""/api/v1/adminbasicservice/adminbasic/prices"")",,".header(""Authorization"", ""Bearer eyJhbGciOiJIUzI1NiJ9.eyJzdWIiOiJhZG1pbiIsInJvbGVzIjpbIlJPTEVfQURNSU4iXSwiaWQiOiIyZmIyYjZhZS1lMWQ2LTQ2NTUtYTYwZC1lMjcxNzU2ZmQ0YWEiLCJpYXQiOjE3NjYwMjk5ODAsImV4cCI6MTc2NjAzMzU4MH0.wYo9isGw3fRavSi-W906xTQYYm25YueCV5QFEEoiwb0"")",faults,/home/azureuser/train-ticket-aitest/evomaster/generated-tests/blackbox/ts-admin-basic-service/admin/EvoMaster_Test_faults.java,21,6,True,0,,0,0,,100.0,0,0,0,0,0,0,False,,/home/azureuser/train-ticket-aitest/evomaster/evomaster-config/runtime-logs/classes/ts-admin-basic-service/admin/EvoMaster_Test_faults,/home/azureuser/train-ticket-aitest/evomaster/evomaster-config/runtime-logs/classes/ts-admin-basic-service/admin/EvoMaster_Test_faults/compile.log,/home/azureuser/train-ticket-aitest/evomaster/evomaster-config/runtime-logs/classes/ts-admin-basic-service/admin/EvoMaster_Test_faults/compile_stdout.log,/home/azureuser/train-ticket-aitest/evomaster/evomaster-config/runtime-logs/classes/ts-admin-basic-service/admin/EvoMaster_Test_faults/compile_stderr.log,False,True,1,java.lang.AssertionError;test_failure,1,False,7.52,5.53,158.83,"Tests run: 1, Failures: 1, Errors: 0, Skipped: 0",/home/azureuser/train-ticket-aitest/evomaster/evomaster-config/runtime-logs/methods/ts-admin-basic-service/admin/EvoMaster_Test_faults/test_0_getOnPricesShowsFaults_100_101,/home/azureuser/train-ticket-aitest/evomaster/evomaster-config/runtime-logs/methods/ts-admin-basic-service/admin/EvoMaster_Test_faults/test_0_getOnPricesShowsFaults_100_101/run.log,/home/azureuser/train-ticket-aitest/evomaster/evomaster-config/runtime-logs/methods/ts-admin-basic-service/admin/EvoMaster_Test_faults/test_0_getOnPricesShowsFaults_100_101/run_stdout.log,/home/azureuser/train-ticket-aitest/evomaster/evomaster-config/runtime-logs/methods/ts-admin-basic-service/admin/EvoMaster_Test_faults/test_0_getOnPricesShowsFaults_100_101/run_stderr.log
ts-admin-basic-service,admin,EvoMaster_Test_faults.java,EvoMaster_Test_faults,test_1_getOnPricesShowsFaults_100_101,True,1,403,/api/v1/adminbasicservice/adminbasic/prices,POST,403;500;200,.statusCode(403) .assertThat() | .statusCode(500) .assertThat() | .statusCode(200) .assertThat(),38,".post(baseUrlOfSut + ""/api/v1/adminbasicservice/adminbasic/prices"") | .post(baseUrlOfSut + ""/api/v1/adminbasicservice/adminbasic/prices"") | .post(baseUrlOfSut + ""/api/v1/adminbasicservice/adminbasic/prices"") | .get(baseUrlOfSut + ""/api/v1/adminbasicservice/adminbasic/prices"")",".body("" { "" + 
                    "" \""id\"": \""SFGvVcQ4MMHHa\"", "" + 
                    "" \""basicPriceRate\"": 0.48849308205745423 "" + 
                    "" } "") | .body("" { "" + 
                    "" \""id\"": \""AiWp1uNpa0gZHx\"", "" + 
                    "" \""routeId\"": \""2Cir\"", "" + 
                    "" \""basicPriceRate\"": 0.9171885418634638, "" + 
                    "" \""firstClassPriceRate\"": 0.09262696372460955 "" + 
                    "" } "") | .body("" { "" + 
                    "" \""id\"": \""knZGfFzH8yAINz\"" "" + 
                    "" } "")",".header(""Authorization"", ""Bearer eyJhbGciOiJIUzI1NiJ9.eyJzdWIiOiJhZG1pbiIsInJvbGVzIjpbIlJPTEVfQURNSU4iXSwiaWQiOiIyZmIyYjZhZS1lMWQ2LTQ2NTUtYTYwZC1lMjcxNzU2ZmQ0YWEiLCJpYXQiOjE3NjYwMjk5ODAsImV4cCI6MTc2NjAzMzU4MH0.wYo9isGw3fRavSi-W906xTQYYm25YueCV5QFEEoiwb0"") | .header(""Authorization"", ""Bearer eyJhbGciOiJIUzI1NiJ9.eyJzdWIiOiJhZG1pbiIsInJvbGVzIjpbIlJPTEVfQURNSU4iXSwiaWQiOiIyZmIyYjZhZS1lMWQ2LTQ2NTUtYTYwZC1lMjcxNzU2ZmQ0YWEiLCJpYXQiOjE3NjYwMjk5ODAsImV4cCI6MTc2NjAzMzU4MH0.wYo9isGw3fRavSi-W906xTQYYm25YueCV5QFEEoiwb0"") | .header(""Authorization"", ""Bearer eyJhbGciOiJIUzI1NiJ9.eyJzdWIiOiJhZG1pbiIsInJvbGVzIjpbIlJPTEVfQURNSU4iXSwiaWQiOiIyZmIyYjZhZS1lMWQ2LTQ2NTUtYTYwZC1lMjcxNzU2ZmQ0YWEiLCJpYXQiOjE3NjYwMjk5ODAsImV4cCI6MTc2NjAzMzU4MH0.wYo9isGw3fRavSi-W906xTQYYm25YueCV5QFEEoiwb0"") | .header(""Authorization"", ""Bearer eyJhbGciOiJIUzI1NiJ9.eyJzdWIiOiJhZG1pbiIsInJvbGVzIjpbIlJPTEVfQURNSU4iXSwiaWQiOiIyZmIyYjZhZS1lMWQ2LTQ2NTUtYTYwZC1lMjcxNzU2ZmQ0YWEiLCJpYXQiOjE3NjYwMjk5ODAsImV4cCI6MTc2NjAzMzU4MH0.wYo9isGw3fRavSi-W906xTQYYm25YueCV5QFEEoiwb0"")",faults,/home/azureuser/train-ticket-aitest/evomaster/generated-tests/blackbox/ts-admin-basic-service/admin/EvoMaster_Test_faults.java,21,6,True,0,,0,0,,100.0,0,0,0,0,0,0,False,,/home/azureuser/train-ticket-aitest/evomaster/evomaster-config/runtime-logs/classes/ts-admin-basic-service/admin/EvoMaster_Test_faults,/home/azureuser/train-ticket-aitest/evomaster/evomaster-config/runtime-logs/classes/ts-admin-basic-service/admin/EvoMaster_Test_faults/compile.log,/home/azureuser/train-ticket-aitest/evomaster/evomaster-config/runtime-logs/classes/ts-admin-basic-service/admin/EvoMaster_Test_faults/compile_stdout.log,/home/azureuser/train-ticket-aitest/evomaster/evomaster-config/runtime-logs/classes/ts-admin-basic-service/admin/EvoMaster_Test_faults/compile_stderr.log,False,True,1,java.lang.AssertionError;test_failure,1,False,6.51,5.26,160.25,"Tests run: 1, Failures: 1, Errors: 0, Skipped: 0",/home/azureuser/train-ticket-aitest/evomaster/evomaster-config/runtime-logs/methods/ts-admin-basic-service/admin/EvoMaster_Test_faults/test_1_getOnPricesShowsFaults_100_101,/home/azureuser/train-ticket-aitest/evomaster/evomaster-config/runtime-logs/methods/ts-admin-basic-service/admin/EvoMaster_Test_faults/test_1_getOnPricesShowsFaults_100_101/run.log,/home/azureuser/train-ticket-aitest/evomaster/evomaster-config/runtime-logs/methods/ts-admin-basic-service/admin/EvoMaster_Test_faults/test_1_getOnPricesShowsFaults_100_101/run_stdout.log,/home/azureuser/train-ticket-aitest/evomaster/evomaster-config/runtime-logs/methods/ts-admin-basic-service/admin/EvoMaster_Test_faults/test_1_getOnPricesShowsFaults_100_101/run_stderr.log
ts-admin-basic-service,admin,EvoMaster_Test_faults.java,EvoMaster_Test_faults,test_1_getOnPricesShowsFaults_100_101,True,2,500,/api/v1/adminbasicservice/adminbasic/prices,POST,403;500;200,.statusCode(403) .assertThat() | .statusCode(500) .assertThat() | .statusCode(200) .assertThat(),38,".post(baseUrlOfSut + ""/api/v1/adminbasicservice/adminbasic/prices"") | .post(baseUrlOfSut + ""/api/v1/adminbasicservice/adminbasic/prices"") | .post(baseUrlOfSut + ""/api/v1/adminbasicservice/adminbasic/prices"") | .get(baseUrlOfSut + ""/api/v1/adminbasicservice/adminbasic/prices"")",".body("" { "" + 
                    "" \""id\"": \""SFGvVcQ4MMHHa\"", "" + 
                    "" \""basicPriceRate\"": 0.48849308205745423 "" + 
                    "" } "") | .body("" { "" + 
                    "" \""id\"": \""AiWp1uNpa0gZHx\"", "" + 
                    "" \""routeId\"": \""2Cir\"", "" + 
                    "" \""basicPriceRate\"": 0.9171885418634638, "" + 
                    "" \""firstClassPriceRate\"": 0.09262696372460955 "" + 
                    "" } "") | .body("" { "" + 
                    "" \""id\"": \""knZGfFzH8yAINz\"" "" + 
                    "" } "")",".header(""Authorization"", ""Bearer eyJhbGciOiJIUzI1NiJ9.eyJzdWIiOiJhZG1pbiIsInJvbGVzIjpbIlJPTEVfQURNSU4iXSwiaWQiOiIyZmIyYjZhZS1lMWQ2LTQ2NTUtYTYwZC1lMjcxNzU2ZmQ0YWEiLCJpYXQiOjE3NjYwMjk5ODAsImV4cCI6MTc2NjAzMzU4MH0.wYo9isGw3fRavSi-W906xTQYYm25YueCV5QFEEoiwb0"") | .header(""Authorization"", ""Bearer eyJhbGciOiJIUzI1NiJ9.eyJzdWIiOiJhZG1pbiIsInJvbGVzIjpbIlJPTEVfQURNSU4iXSwiaWQiOiIyZmIyYjZhZS1lMWQ2LTQ2NTUtYTYwZC1lMjcxNzU2ZmQ0YWEiLCJpYXQiOjE3NjYwMjk5ODAsImV4cCI6MTc2NjAzMzU4MH0.wYo9isGw3fRavSi-W906xTQYYm25YueCV5QFEEoiwb0"") | .header(""Authorization"", ""Bearer eyJhbGciOiJIUzI1NiJ9.eyJzdWIiOiJhZG1pbiIsInJvbGVzIjpbIlJPTEVfQURNSU4iXSwiaWQiOiIyZmIyYjZhZS1lMWQ2LTQ2NTUtYTYwZC1lMjcxNzU2ZmQ0YWEiLCJpYXQiOjE3NjYwMjk5ODAsImV4cCI6MTc2NjAzMzU4MH0.wYo9isGw3fRavSi-W906xTQYYm25YueCV5QFEEoiwb0"") | .header(""Authorization"", ""Bearer eyJhbGciOiJIUzI1NiJ9.eyJzdWIiOiJhZG1pbiIsInJvbGVzIjpbIlJPTEVfQURNSU4iXSwiaWQiOiIyZmIyYjZhZS1lMWQ2LTQ2NTUtYTYwZC1lMjcxNzU2ZmQ0YWEiLCJpYXQiOjE3NjYwMjk5ODAsImV4cCI6MTc2NjAzMzU4MH0.wYo9isGw3fRavSi-W906xTQYYm25YueCV5QFEEoiwb0"")",faults,/home/azureuser/train-ticket-aitest/evomaster/generated-tests/blackbox/ts-admin-basic-service/admin/EvoMaster_Test_faults.java,21,6,True,0,,0,0,,100.0,0,0,0,0,0,0,False,,/home/azureuser/train-ticket-aitest/evomaster/evomaster-config/runtime-logs/classes/ts-admin-basic-service/admin/EvoMaster_Test_faults,/home/azureuser/train-ticket-aitest/evomaster/evomaster-config/runtime-logs/classes/ts-admin-basic-service/admin/EvoMaster_Test_faults/compile.log,/home/azureuser/train-ticket-aitest/evomaster/evomaster-config/runtime-logs/classes/ts-admin-basic-service/admin/EvoMaster_Test_faults/compile_stdout.log,/home/azureuser/train-ticket-aitest/evomaster/evomaster-config/runtime-logs/classes/ts-admin-basic-service/admin/EvoMaster_Test_faults/compile_stderr.log,False,True,1,java.lang.AssertionError;test_failure,1,False,6.52,5.59,164.46,"Tests run: 1, Failures: 1, Errors: 0, Skipped: 0",/home/azureuser/train-ticket-aitest/evomaster/evomaster-config/runtime-logs/methods/ts-admin-basic-service/admin/EvoMaster_Test_faults/test_1_getOnPricesShowsFaults_100_101,/home/azureuser/train-ticket-aitest/evomaster/evomaster-config/runtime-logs/methods/ts-admin-basic-service/admin/EvoMaster_Test_faults/test_1_getOnPricesShowsFaults_100_101/run.log,/home/azureuser/train-ticket-aitest/evomaster/evomaster-config/runtime-logs/methods/ts-admin-basic-service/admin/EvoMaster_Test_faults/test_1_getOnPricesShowsFaults_100_101/run_stdout.log,/home/azureuser/train-ticket-aitest/evomaster/evomaster-config/runtime-logs/methods/ts-admin-basic-service/admin/EvoMaster_Test_faults/test_1_getOnPricesShowsFaults_100_101/run_stderr.log
ts-admin-basic-service,admin,EvoMaster_Test_faults.java,EvoMaster_Test_faults,test_1_getOnPricesShowsFaults_100_101,True,3,500,/api/v1/adminbasicservice/adminbasic/prices,POST,403;500;200,.statusCode(403) .assertThat() | .statusCode(500) .assertThat() | .statusCode(200) .assertThat(),38,".post(baseUrlOfSut + ""/api/v1/adminbasicservice/adminbasic/prices"") | .post(baseUrlOfSut + ""/api/v1/adminbasicservice/adminbasic/prices"") | .post(baseUrlOfSut + ""/api/v1/adminbasicservice/adminbasic/prices"") | .get(baseUrlOfSut + ""/api/v1/adminbasicservice/adminbasic/prices"")",".body("" { "" + 
                    "" \""id\"": \""SFGvVcQ4MMHHa\"", "" + 
                    "" \""basicPriceRate\"": 0.48849308205745423 "" + 
                    "" } "") | .body("" { "" + 
                    "" \""id\"": \""AiWp1uNpa0gZHx\"", "" + 
                    "" \""routeId\"": \""2Cir\"", "" + 
                    "" \""basicPriceRate\"": 0.9171885418634638, "" + 
                    "" \""firstClassPriceRate\"": 0.09262696372460955 "" + 
                    "" } "") | .body("" { "" + 
                    "" \""id\"": \""knZGfFzH8yAINz\"" "" + 
                    "" } "")",".header(""Authorization"", ""Bearer eyJhbGciOiJIUzI1NiJ9.eyJzdWIiOiJhZG1pbiIsInJvbGVzIjpbIlJPTEVfQURNSU4iXSwiaWQiOiIyZmIyYjZhZS1lMWQ2LTQ2NTUtYTYwZC1lMjcxNzU2ZmQ0YWEiLCJpYXQiOjE3NjYwMjk5ODAsImV4cCI6MTc2NjAzMzU4MH0.wYo9isGw3fRavSi-W906xTQYYm25YueCV5QFEEoiwb0"") | .header(""Authorization"", ""Bearer eyJhbGciOiJIUzI1NiJ9.eyJzdWIiOiJhZG1pbiIsInJvbGVzIjpbIlJPTEVfQURNSU4iXSwiaWQiOiIyZmIyYjZhZS1lMWQ2LTQ2NTUtYTYwZC1lMjcxNzU2ZmQ0YWEiLCJpYXQiOjE3NjYwMjk5ODAsImV4cCI6MTc2NjAzMzU4MH0.wYo9isGw3fRavSi-W906xTQYYm25YueCV5QFEEoiwb0"") | .header(""Authorization"", ""Bearer eyJhbGciOiJIUzI1NiJ9.eyJzdWIiOiJhZG1pbiIsInJvbGVzIjpbIlJPTEVfQURNSU4iXSwiaWQiOiIyZmIyYjZhZS1lMWQ2LTQ2NTUtYTYwZC1lMjcxNzU2ZmQ0YWEiLCJpYXQiOjE3NjYwMjk5ODAsImV4cCI6MTc2NjAzMzU4MH0.wYo9isGw3fRavSi-W906xTQYYm25YueCV5QFEEoiwb0"") | .header(""Authorization"", ""Bearer eyJhbGciOiJIUzI1NiJ9.eyJzdWIiOiJhZG1pbiIsInJvbGVzIjpbIlJPTEVfQURNSU4iXSwiaWQiOiIyZmIyYjZhZS1lMWQ2LTQ2NTUtYTYwZC1lMjcxNzU2ZmQ0YWEiLCJpYXQiOjE3NjYwMjk5ODAsImV4cCI6MTc2NjAzMzU4MH0.wYo9isGw3fRavSi-W906xTQYYm25YueCV5QFEEoiwb0"")",faults,/home/azureuser/train-ticket-aitest/evomaster/generated-tests/blackbox/ts-admin-basic-service/admin/EvoMaster_Test_faults.java,21,6,True,0,,0,0,,100.0,0,0,0,0,0,0,False,,/home/azureuser/train-ticket-aitest/evomaster/evomaster-config/runtime-logs/classes/ts-admin-basic-service/admin/EvoMaster_Test_faults,/home/azureuser/train-ticket-aitest/evomaster/evomaster-config/runtime-logs/classes/ts-admin-basic-service/admin/EvoMaster_Test_faults/compile.log,/home/azureuser/train-ticket-aitest/evomaster/evomaster-config/runtime-logs/classes/ts-admin-basic-service/admin/EvoMaster_Test_faults/compile_stdout.log,/home/azureuser/train-ticket-aitest/evomaster/evomaster-config/runtime-logs/classes/ts-admin-basic-service/admin/EvoMaster_Test_faults/compile_stderr.log,False,True,1,java.lang.AssertionError;test_failure,1,False,6.51,5.68,175.38,"Tests run: 1, Failures: 1, Errors: 0, Skipped: 0",/home/azureuser/train-ticket-aitest/evomaster/evomaster-config/runtime-logs/methods/ts-admin-basic-service/admin/EvoMaster_Test_faults/test_1_getOnPricesShowsFaults_100_101,/home/azureuser/train-ticket-aitest/evomaster/evomaster-config/runtime-logs/methods/ts-admin-basic-service/admin/EvoMaster_Test_faults/test_1_getOnPricesShowsFaults_100_101/run.log,/home/azureuser/train-ticket-aitest/evomaster/evomaster-config/runtime-logs/methods/ts-admin-basic-service/admin/EvoMaster_Test_faults/test_1_getOnPricesShowsFaults_100_101/run_stdout.log,/home/azureuser/train-ticket-aitest/evomaster/evomaster-config/runtime-logs/methods/ts-admin-basic-service/admin/EvoMaster_Test_faults/test_1_getOnPricesShowsFaults_100_101/run_stderr.log
ts-admin-basic-service,admin,EvoMaster_Test_faults.java,EvoMaster_Test_faults,test_1_getOnPricesShowsFaults_100_101,True,4,200,/api/v1/adminbasicservice/adminbasic/prices,GET,403;500;200,.statusCode(403) .assertThat() | .statusCode(500) .assertThat() | .statusCode(200) .assertThat(),38,".post(baseUrlOfSut + ""/api/v1/adminbasicservice/adminbasic/prices"") | .post(baseUrlOfSut + ""/api/v1/adminbasicservice/adminbasic/prices"") | .post(baseUrlOfSut + ""/api/v1/adminbasicservice/adminbasic/prices"") | .get(baseUrlOfSut + ""/api/v1/adminbasicservice/adminbasic/prices"")",".body("" { "" + 
                    "" \""id\"": \""SFGvVcQ4MMHHa\"", "" + 
                    "" \""basicPriceRate\"": 0.48849308205745423 "" + 
                    "" } "") | .body("" { "" + 
                    "" \""id\"": \""AiWp1uNpa0gZHx\"", "" + 
                    "" \""routeId\"": \""2Cir\"", "" + 
                    "" \""basicPriceRate\"": 0.9171885418634638, "" + 
                    "" \""firstClassPriceRate\"": 0.09262696372460955 "" + 
                    "" } "") | .body("" { "" + 
                    "" \""id\"": \""knZGfFzH8yAINz\"" "" + 
                    "" } "")",".header(""Authorization"", ""Bearer eyJhbGciOiJIUzI1NiJ9.eyJzdWIiOiJhZG1pbiIsInJvbGVzIjpbIlJPTEVfQURNSU4iXSwiaWQiOiIyZmIyYjZhZS1lMWQ2LTQ2NTUtYTYwZC1lMjcxNzU2ZmQ0YWEiLCJpYXQiOjE3NjYwMjk5ODAsImV4cCI6MTc2NjAzMzU4MH0.wYo9isGw3fRavSi-W906xTQYYm25YueCV5QFEEoiwb0"") | .header(""Authorization"", ""Bearer eyJhbGciOiJIUzI1NiJ9.eyJzdWIiOiJhZG1pbiIsInJvbGVzIjpbIlJPTEVfQURNSU4iXSwiaWQiOiIyZmIyYjZhZS1lMWQ2LTQ2NTUtYTYwZC1lMjcxNzU2ZmQ0YWEiLCJpYXQiOjE3NjYwMjk5ODAsImV4cCI6MTc2NjAzMzU4MH0.wYo9isGw3fRavSi-W906xTQYYm25YueCV5QFEEoiwb0"") | .header(""Authorization"", ""Bearer eyJhbGciOiJIUzI1NiJ9.eyJzdWIiOiJhZG1pbiIsInJvbGVzIjpbIlJPTEVfQURNSU4iXSwiaWQiOiIyZmIyYjZhZS1lMWQ2LTQ2NTUtYTYwZC1lMjcxNzU2ZmQ0YWEiLCJpYXQiOjE3NjYwMjk5ODAsImV4cCI6MTc2NjAzMzU4MH0.wYo9isGw3fRavSi-W906xTQYYm25YueCV5QFEEoiwb0"") | .header(""Authorization"", ""Bearer eyJhbGciOiJIUzI1NiJ9.eyJzdWIiOiJhZG1pbiIsInJvbGVzIjpbIlJPTEVfQURNSU4iXSwiaWQiOiIyZmIyYjZhZS1lMWQ2LTQ2NTUtYTYwZC1lMjcxNzU2ZmQ0YWEiLCJpYXQiOjE3NjYwMjk5ODAsImV4cCI6MTc2NjAzMzU4MH0.wYo9isGw3fRavSi-W906xTQYYm25YueCV5QFEEoiwb0"")",faults,/home/azureuser/train-ticket-aitest/evomaster/generated-tests/blackbox/ts-admin-basic-service/admin/EvoMaster_Test_faults.java,21,6,True,0,,0,0,,100.0,0,0,0,0,0,0,False,,/home/azureuser/train-ticket-aitest/evomaster/evomaster-config/runtime-logs/classes/ts-admin-basic-service/admin/EvoMaster_Test_faults,/home/azureuser/train-ticket-aitest/evomaster/evomaster-config/runtime-logs/classes/ts-admin-basic-service/admin/EvoMaster_Test_faults/compile.log,/home/azureuser/train-ticket-aitest/evomaster/evomaster-config/runtime-logs/classes/ts-admin-basic-service/admin/EvoMaster_Test_faults/compile_stdout.log,/home/azureuser/train-ticket-aitest/evomaster/evomaster-config/runtime-logs/classes/ts-admin-basic-service/admin/EvoMaster_Test_faults/compile_stderr.log,False,True,1,java.lang.AssertionError;test_failure,1,False,7.01,5.56,157.03,"Tests run: 1, Failures: 1, Errors: 0, Skipped: 0",/home/azureuser/train-ticket-aitest/evomaster/evomaster-config/runtime-logs/methods/ts-admin-basic-service/admin/EvoMaster_Test_faults/test_1_getOnPricesShowsFaults_100_101,/home/azureuser/train-ticket-aitest/evomaster/evomaster-config/runtime-logs/methods/ts-admin-basic-service/admin/EvoMaster_Test_faults/test_1_getOnPricesShowsFaults_100_101/run.log,/home/azureuser/train-ticket-aitest/evomaster/evomaster-config/runtime-logs/methods/ts-admin-basic-service/admin/EvoMaster_Test_faults/test_1_getOnPricesShowsFaults_100_101/run_stdout.log,/home/azureuser/train-ticket-aitest/evomaster/evomaster-config/runtime-logs/methods/ts-admin-basic-service/admin/EvoMaster_Test_faults/test_1_getOnPricesShowsFaults_100_101/run_stderr.log
ts-admin-basic-service,admin,EvoMaster_Test_faults.java,EvoMaster_Test_faults,test_2_postOnPricesShowsFaults_100_101,False,1,500,/api/v1/adminbasicservice/adminbasic/prices,POST,500,.statusCode(500) .assertThat(),6,".post(baseUrlOfSut + ""/api/v1/adminbasicservice/adminbasic/prices"")",".body("" { "" + 
                    "" \""id\"": \""3OTjM_q8IvXFZ8\"", "" + 
                    "" \""routeId\"": \""i\"" "" + 
                    "" } "")",".header(""Authorization"", ""Bearer eyJhbGciOiJIUzI1NiJ9.eyJzdWIiOiJhZG1pbiIsInJvbGVzIjpbIlJPTEVfQURNSU4iXSwiaWQiOiIyZmIyYjZhZS1lMWQ2LTQ2NTUtYTYwZC1lMjcxNzU2ZmQ0YWEiLCJpYXQiOjE3NjYwMjk5ODAsImV4cCI6MTc2NjAzMzU4MH0.wYo9isGw3fRavSi-W906xTQYYm25YueCV5QFEEoiwb0"")",faults,/home/azureuser/train-ticket-aitest/evomaster/generated-tests/blackbox/ts-admin-basic-service/admin/EvoMaster_Test_faults.java,21,6,True,0,,0,0,,100.0,0,0,0,0,0,0,False,,/home/azureuser/train-ticket-aitest/evomaster/evomaster-config/runtime-logs/classes/ts-admin-basic-service/admin/EvoMaster_Test_faults,/home/azureuser/train-ticket-aitest/evomaster/evomaster-config/runtime-logs/classes/ts-admin-basic-service/admin/EvoMaster_Test_faults/compile.log,/home/azureuser/train-ticket-aitest/evomaster/evomaster-config/runtime-logs/classes/ts-admin-basic-service/admin/EvoMaster_Test_faults/compile_stdout.log,/home/azureuser/train-ticket-aitest/evomaster/evomaster-config/runtime-logs/classes/ts-admin-basic-service/admin/EvoMaster_Test_faults/compile_stderr.log,False,True,1,java.lang.AssertionError;test_failure,1,False,6.53,5.5,160.37,"Tests run: 1, Failures: 1, Errors: 0, Skipped: 0",/home/azureuser/train-ticket-aitest/evomaster/evomaster-config/runtime-logs/methods/ts-admin-basic-service/admin/EvoMaster_Test_faults/test_2_postOnPricesShowsFaults_100_101,/home/azureuser/train-ticket-aitest/evomaster/evomaster-config/runtime-logs/methods/ts-admin-basic-service/admin/EvoMaster_Test_faults/test_2_postOnPricesShowsFaults_100_101/run.log,/home/azureuser/train-ticket-aitest/evomaster/evomaster-config/runtime-logs/methods/ts-admin-basic-service/admin/EvoMaster_Test_faults/test_2_postOnPricesShowsFaults_100_101/run_stdout.log,/home/azureuser/train-ticket-aitest/evomaster/evomaster-config/runtime-logs/methods/ts-admin-basic-service/admin/EvoMaster_Test_faults/test_2_postOnPricesShowsFaults_100_101/run_stderr.log
ts-admin-basic-service,admin,EvoMaster_Test_faults.java,EvoMaster_Test_faults,test_3_postOnPricesReturnsMismatchResponseWithSchema,False,1,403,/api/v1/adminbasicservice/adminbasic/prices,POST,403,.statusCode(403) .assertThat(),2,".post(baseUrlOfSut + ""/api/v1/adminbasicservice/adminbasic/prices"")",".body("" { "" + 
                    "" \""routeId\"": \""sKhds0dZ5\"", "" + 
                    "" \""basicPriceRate\"": 0.9898820078686315, "" + 
                    "" \""firstClassPriceRate\"": 0.8522259903113127 "" + 
                    "" } "")",".header(""Authorization"", ""Bearer eyJhbGciOiJIUzI1NiJ9.eyJzdWIiOiJhZG1pbiIsInJvbGVzIjpbIlJPTEVfQURNSU4iXSwiaWQiOiIyZmIyYjZhZS1lMWQ2LTQ2NTUtYTYwZC1lMjcxNzU2ZmQ0YWEiLCJpYXQiOjE3NjYwMjk5ODAsImV4cCI6MTc2NjAzMzU4MH0.wYo9isGw3fRavSi-W906xTQYYm25YueCV5QFEEoiwb0"")",faults,/home/azureuser/train-ticket-aitest/evomaster/generated-tests/blackbox/ts-admin-basic-service/admin/EvoMaster_Test_faults.java,21,6,True,0,,0,0,,100.0,0,0,0,0,0,0,False,,/home/azureuser/train-ticket-aitest/evomaster/evomaster-config/runtime-logs/classes/ts-admin-basic-service/admin/EvoMaster_Test_faults,/home/azureuser/train-ticket-aitest/evomaster/evomaster-config/runtime-logs/classes/ts-admin-basic-service/admin/EvoMaster_Test_faults/compile.log,/home/azureuser/train-ticket-aitest/evomaster/evomaster-config/runtime-logs/classes/ts-admin-basic-service/admin/EvoMaster_Test_faults/compile_stdout.log,/home/azureuser/train-ticket-aitest/evomaster/evomaster-config/runtime-logs/classes/ts-admin-basic-service/admin/EvoMaster_Test_faults/compile_stderr.log,True,True,0,,0,False,6.52,5.37,158.27,Test passed (detected via Surefire XML),/home/azureuser/train-ticket-aitest/evomaster/evomaster-config/runtime-logs/methods/ts-admin-basic-service/admin/EvoMaster_Test_faults/test_3_postOnPricesReturnsMismatchResponseWithSchema,/home/azureuser/train-ticket-aitest/evomaster/evomaster-config/runtime-logs/methods/ts-admin-basic-service/admin/EvoMaster_Test_faults/test_3_postOnPricesReturnsMismatchResponseWithSchema/run.log,/home/azureuser/train-ticket-aitest/evomaster/evomaster-config/runtime-logs/methods/ts-admin-basic-service/admin/EvoMaster_Test_faults/test_3_postOnPricesReturnsMismatchResponseWithSchema/run_stdout.log,/home/azureuser/train-ticket-aitest/evomaster/evomaster-config/runtime-logs/methods/ts-admin-basic-service/admin/EvoMaster_Test_faults/test_3_postOnPricesReturnsMismatchResponseWithSchema/run_stderr.log
ts-admin-basic-service,admin,EvoMaster_Test_faults.java,EvoMaster_Test_faults,test_4_deleteOnStationShowsFaults_100_101,False,1,500,/api/v1/adminbasicservice/adminbasic/stations/{id},DELETE,500,.statusCode(500) .assertThat(),6,".delete(baseUrlOfSut + ""/api/v1/adminbasicservice/adminbasic/stations/Uxh7xWS_VxcYzoa9"")",,".header(""Authorization"", ""Bearer eyJhbGciOiJIUzI1NiJ9.eyJzdWIiOiJhZG1pbiIsInJvbGVzIjpbIlJPTEVfQURNSU4iXSwiaWQiOiIyZmIyYjZhZS1lMWQ2LTQ2NTUtYTYwZC1lMjcxNzU2ZmQ0YWEiLCJpYXQiOjE3NjYwMjk5ODAsImV4cCI6MTc2NjAzMzU4MH0.wYo9isGw3fRavSi-W906xTQYYm25YueCV5QFEEoiwb0"")",faults,/home/azureuser/train-ticket-aitest/evomaster/generated-tests/blackbox/ts-admin-basic-service/admin/EvoMaster_Test_faults.java,21,6,True,0,,0,0,,100.0,0,0,0,0,0,0,False,,/home/azureuser/train-ticket-aitest/evomaster/evomaster-config/runtime-logs/classes/ts-admin-basic-service/admin/EvoMaster_Test_faults,/home/azureuser/train-ticket-aitest/evomaster/evomaster-config/runtime-logs/classes/ts-admin-basic-service/admin/EvoMaster_Test_faults/compile.log,/home/azureuser/train-ticket-aitest/evomaster/evomaster-config/runtime-logs/classes/ts-admin-basic-service/admin/EvoMaster_Test_faults/compile_stdout.log,/home/azureuser/train-ticket-aitest/evomaster/evomaster-config/runtime-logs/classes/ts-admin-basic-service/admin/EvoMaster_Test_faults/compile_stderr.log,False,True,1,java.lang.AssertionError;test_failure,1,False,6.51,5.52,161.15,"Tests run: 1, Failures: 1, Errors: 0, Skipped: 0",/home/azureuser/train-ticket-aitest/evomaster/evomaster-config/runtime-logs/methods/ts-admin-basic-service/admin/EvoMaster_Test_faults/test_4_deleteOnStationShowsFaults_100_101,/home/azureuser/train-ticket-aitest/evomaster/evomaster-config/runtime-logs/methods/ts-admin-basic-service/admin/EvoMaster_Test_faults/test_4_deleteOnStationShowsFaults_100_101/run.log,/home/azureuser/train-ticket-aitest/evomaster/evomaster-config/runtime-logs/methods/ts-admin-basic-service/admin/EvoMaster_Test_faults/test_4_deleteOnStationShowsFaults_100_101/run_stdout.log,/home/azureuser/train-ticket-aitest/evomaster/evomaster-config/runtime-logs/methods/ts-admin-basic-service/admin/EvoMaster_Test_faults/test_4_deleteOnStationShowsFaults_100_101/run_stderr.log
ts-admin-basic-service,admin,EvoMaster_Test_faults.java,EvoMaster_Test_faults,test_5_deleteOnStationReturnsMismatchResponseWithSchema,False,1,200,/api/v1/adminbasicservice/adminbasic/stations/{id},DELETE,200,.statusCode(200) .assertThat(),5,".delete(baseUrlOfSut + ""/api/v1/adminbasicservice/adminbasic/stations/huGyj2vFHgc4qVcw"")",,".header(""Authorization"", ""Bearer eyJhbGciOiJIUzI1NiJ9.eyJzdWIiOiJhZG1pbiIsInJvbGVzIjpbIlJPTEVfQURNSU4iXSwiaWQiOiIyZmIyYjZhZS1lMWQ2LTQ2NTUtYTYwZC1lMjcxNzU2ZmQ0YWEiLCJpYXQiOjE3NjYwMjk5ODAsImV4cCI6MTc2NjAzMzU4MH0.wYo9isGw3fRavSi-W906xTQYYm25YueCV5QFEEoiwb0"")",faults,/home/azureuser/train-ticket-aitest/evomaster/generated-tests/blackbox/ts-admin-basic-service/admin/EvoMaster_Test_faults.java,21,6,True,0,,0,0,,100.0,0,0,0,0,0,0,False,,/home/azureuser/train-ticket-aitest/evomaster/evomaster-config/runtime-logs/classes/ts-admin-basic-service/admin/EvoMaster_Test_faults,/home/azureuser/train-ticket-aitest/evomaster/evomaster-config/runtime-logs/classes/ts-admin-basic-service/admin/EvoMaster_Test_faults/compile.log,/home/azureuser/train-ticket-aitest/evomaster/evomaster-config/runtime-logs/classes/ts-admin-basic-service/admin/EvoMaster_Test_faults/compile_stdout.log,/home/azureuser/train-ticket-aitest/evomaster/evomaster-config/runtime-logs/classes/ts-admin-basic-service/admin/EvoMaster_Test_faults/compile_stderr.log,False,True,1,java.lang.AssertionError;test_failure,1,False,6.51,5.36,167.15,"Tests run: 1, Failures: 1, Errors: 0, Skipped: 0",/home/azureuser/train-ticket-aitest/evomaster/evomaster-config/runtime-logs/methods/ts-admin-basic-service/admin/EvoMaster_Test_faults/test_5_deleteOnStationReturnsMismatchResponseWithSchema,/home/azureuser/train-ticket-aitest/evomaster/evomaster-config/runtime-logs/methods/ts-admin-basic-service/admin/EvoMaster_Test_faults/test_5_deleteOnStationReturnsMismatchResponseWithSchema/run.log,/home/azureuser/train-ticket-aitest/evomaster/evomaster-config/runtime-logs/methods/ts-admin-basic-service/admin/EvoMaster_Test_faults/test_5_deleteOnStationReturnsMismatchResponseWithSchema/run_stdout.log,/home/azureuser/train-ticket-aitest/evomaster/evomaster-config/runtime-logs/methods/ts-admin-basic-service/admin/EvoMaster_Test_faults/test_5_deleteOnStationReturnsMismatchResponseWithSchema/run_stderr.log
ts-admin-basic-service,admin,EvoMaster_Test_successes.java,EvoMaster_Test_successes,test_0_postOnPricesReturns200,False,1,200,/api/v1/adminbasicservice/adminbasic/prices,POST,200,.statusCode(200) .assertThat(),8,".post(baseUrlOfSut + ""/api/v1/adminbasicservice/adminbasic/prices"")",".body("" { "" + 
                    "" \""routeId\"": \""nmlfi_tPzcOf\"", "" + 
                    "" \""basicPriceRate\"": 0.036533802614197475 "" + 
                    "" } "")",".header(""Authorization"", ""Bearer eyJhbGciOiJIUzI1NiJ9.eyJzdWIiOiJhZG1pbiIsInJvbGVzIjpbIlJPTEVfQURNSU4iXSwiaWQiOiIyZmIyYjZhZS1lMWQ2LTQ2NTUtYTYwZC1lMjcxNzU2ZmQ0YWEiLCJpYXQiOjE3NjYwMjk5ODAsImV4cCI6MTc2NjAzMzU4MH0.wYo9isGw3fRavSi-W906xTQYYm25YueCV5QFEEoiwb0"")",successes,/home/azureuser/train-ticket-aitest/evomaster/generated-tests/blackbox/ts-admin-basic-service/admin/EvoMaster_Test_successes.java,21,6,True,0,,0,0,,100.0,0,0,0,0,0,0,False,,/home/azureuser/train-ticket-aitest/evomaster/evomaster-config/runtime-logs/classes/ts-admin-basic-service/admin/EvoMaster_Test_successes,/home/azureuser/train-ticket-aitest/evomaster/evomaster-config/runtime-logs/classes/ts-admin-basic-service/admin/EvoMaster_Test_successes/compile.log,/home/azureuser/train-ticket-aitest/evomaster/evomaster-config/runtime-logs/classes/ts-admin-basic-service/admin/EvoMaster_Test_successes/compile_stdout.log,/home/azureuser/train-ticket-aitest/evomaster/evomaster-config/runtime-logs/classes/ts-admin-basic-service/admin/EvoMaster_Test_successes/compile_stderr.log,False,True,1,java.lang.AssertionError;test_failure,1,False,6.51,5.63,174.95,"Tests run: 1, Failures: 1, Errors: 0, Skipped: 0",/home/azureuser/train-ticket-aitest/evomaster/evomaster-config/runtime-logs/methods/ts-admin-basic-service/admin/EvoMaster_Test_successes/test_0_postOnPricesReturns200,/home/azureuser/train-ticket-aitest/evomaster/evomaster-config/runtime-logs/methods/ts-admin-basic-service/admin/EvoMaster_Test_successes/test_0_postOnPricesReturns200/run.log,/home/azureuser/train-ticket-aitest/evomaster/evomaster-config/runtime-logs/methods/ts-admin-basic-service/admin/EvoMaster_Test_successes/test_0_postOnPricesReturns200/run_stdout.log,/home/azureuser/train-ticket-aitest/evomaster/evomaster-config/runtime-logs/methods/ts-admin-basic-service/admin/EvoMaster_Test_successes/test_0_postOnPricesReturns200/run_stderr.log
ts-admin-basic-service,none,EvoMaster_Test_faults.java,EvoMaster_Test_faults,test_0_getOnPricesShowsFaults_100_101,False,1,500,/api/v1/adminbasicservice/adminbasic/prices,GET,500,.statusCode(500) .assertThat(),6,".get(baseUrlOfSut + ""/api/v1/adminbasicservice/adminbasic/prices"")",,,faults,/home/azureuser/train-ticket-aitest/evomaster/generated-tests/blackbox/ts-admin-basic-service/none/EvoMaster_Test_faults.java,21,6,True,0,,0,0,,100.0,0,0,0,0,0,0,False,,/home/azureuser/train-ticket-aitest/evomaster/evomaster-config/runtime-logs/classes/ts-admin-basic-service/none/EvoMaster_Test_faults,/home/azureuser/train-ticket-aitest/evomaster/evomaster-config/runtime-logs/classes/ts-admin-basic-service/none/EvoMaster_Test_faults/compile.log,/home/azureuser/train-ticket-aitest/evomaster/evomaster-config/runtime-logs/classes/ts-admin-basic-service/none/EvoMaster_Test_faults/compile_stdout.log,/home/azureuser/train-ticket-aitest/evomaster/evomaster-config/runtime-logs/classes/ts-admin-basic-service/none/EvoMaster_Test_faults/compile_stderr.log,False,True,1,java.lang.AssertionError;test_failure,1,False,8.1,5.29,157.17,"Tests run: 1, Failures: 1, Errors: 0, Skipped: 0",/home/azureuser/train-ticket-aitest/evomaster/evomaster-config/runtime-logs/methods/ts-admin-basic-service/none/EvoMaster_Test_faults/test_0_getOnPricesShowsFaults_100_101,/home/azureuser/train-ticket-aitest/evomaster/evomaster-config/runtime-logs/methods/ts-admin-basic-service/none/EvoMaster_Test_faults/test_0_getOnPricesShowsFaults_100_101/run.log,/home/azureuser/train-ticket-aitest/evomaster/evomaster-config/runtime-logs/methods/ts-admin-basic-service/none/EvoMaster_Test_faults/test_0_getOnPricesShowsFaults_100_101/run_stdout.log,/home/azureuser/train-ticket-aitest/evomaster/evomaster-config/runtime-logs/methods/ts-admin-basic-service/none/EvoMaster_Test_faults/test_0_getOnPricesShowsFaults_100_101/run_stderr.log
ts-admin-basic-service,none,EvoMaster_Test_faults.java,EvoMaster_Test_faults,test_1_postOnPricesShowsFaults_100_101,False,1,500,/api/v1/adminbasicservice/adminbasic/prices,POST,500,.statusCode(500) .assertThat(),6,".post(baseUrlOfSut + ""/api/v1/adminbasicservice/adminbasic/prices"")",".body("" { "" + 
                    "" \""id\"": \""D4kzk\"", "" + 
                    "" \""basicPriceRate\"": 0.3688176499111895, "" + 
                    "" \""firstClassPriceRate\"": 0.18262088134666543 "" + 
                    "" } "")",,faults,/home/azureuser/train-ticket-aitest/evomaster/generated-tests/blackbox/ts-admin-basic-service/none/EvoMaster_Test_faults.java,21,6,True,0,,0,0,,100.0,0,0,0,0,0,0,False,,/home/azureuser/train-ticket-aitest/evomaster/evomaster-config/runtime-logs/classes/ts-admin-basic-service/none/EvoMaster_Test_faults,/home/azureuser/train-ticket-aitest/evomaster/evomaster-config/runtime-logs/classes/ts-admin-basic-service/none/EvoMaster_Test_faults/compile.log,/home/azureuser/train-ticket-aitest/evomaster/evomaster-config/runtime-logs/classes/ts-admin-basic-service/none/EvoMaster_Test_faults/compile_stdout.log,/home/azureuser/train-ticket-aitest/evomaster/evomaster-config/runtime-logs/classes/ts-admin-basic-service/none/EvoMaster_Test_faults/compile_stderr.log,False,True,1,java.lang.AssertionError;test_failure,1,False,7.01,5.52,160.65,"Tests run: 1, Failures: 1, Errors: 0, Skipped: 0",/home/azureuser/train-ticket-aitest/evomaster/evomaster-config/runtime-logs/methods/ts-admin-basic-service/none/EvoMaster_Test_faults/test_1_postOnPricesShowsFaults_100_101,/home/azureuser/train-ticket-aitest/evomaster/evomaster-config/runtime-logs/methods/ts-admin-basic-service/none/EvoMaster_Test_faults/test_1_postOnPricesShowsFaults_100_101/run.log,/home/azureuser/train-ticket-aitest/evomaster/evomaster-config/runtime-logs/methods/ts-admin-basic-service/none/EvoMaster_Test_faults/test_1_postOnPricesShowsFaults_100_101/run_stdout.log,/home/azureuser/train-ticket-aitest/evomaster/evomaster-config/runtime-logs/methods/ts-admin-basic-service/none/EvoMaster_Test_faults/test_1_postOnPricesShowsFaults_100_101/run_stderr.log
ts-admin-basic-service,none,EvoMaster_Test_faults.java,EvoMaster_Test_faults,test_2_postOnPricesReturnsMismatchResponseWithSchema,False,1,403,/api/v1/adminbasicservice/adminbasic/prices,POST,403,.statusCode(403) .assertThat(),2,".post(baseUrlOfSut + ""/api/v1/adminbasicservice/adminbasic/prices"")",".body("" {} "")",,faults,/home/azureuser/train-ticket-aitest/evomaster/generated-tests/blackbox/ts-admin-basic-service/none/EvoMaster_Test_faults.java,21,6,True,0,,0,0,,100.0,0,0,0,0,0,0,False,,/home/azureuser/train-ticket-aitest/evomaster/evomaster-config/runtime-logs/classes/ts-admin-basic-service/none/EvoMaster_Test_faults,/home/azureuser/train-ticket-aitest/evomaster/evomaster-config/runtime-logs/classes/ts-admin-basic-service/none/EvoMaster_Test_faults/compile.log,/home/azureuser/train-ticket-aitest/evomaster/evomaster-config/runtime-logs/classes/ts-admin-basic-service/none/EvoMaster_Test_faults/compile_stdout.log,/home/azureuser/train-ticket-aitest/evomaster/evomaster-config/runtime-logs/classes/ts-admin-basic-service/none/EvoMaster_Test_faults/compile_stderr.log,True,True,0,,0,False,6.51,5.42,163.23,Test passed (detected via Surefire XML),/home/azureuser/train-ticket-aitest/evomaster/evomaster-config/runtime-logs/methods/ts-admin-basic-service/none/EvoMaster_Test_faults/test_2_postOnPricesReturnsMismatchResponseWithSchema,/home/azureuser/train-ticket-aitest/evomaster/evomaster-config/runtime-logs/methods/ts-admin-basic-service/none/EvoMaster_Test_faults/test_2_postOnPricesReturnsMismatchResponseWithSchema/run.log,/home/azureuser/train-ticket-aitest/evomaster/evomaster-config/runtime-logs/methods/ts-admin-basic-service/none/EvoMaster_Test_faults/test_2_postOnPricesReturnsMismatchResponseWithSchema/run_stdout.log,/home/azureuser/train-ticket-aitest/evomaster/evomaster-config/runtime-logs/methods/ts-admin-basic-service/none/EvoMaster_Test_faults/test_2_postOnPricesReturnsMismatchResponseWithSchema/run_stderr.log
ts-admin-basic-service,none,EvoMaster_Test_faults.java,EvoMaster_Test_faults,test_3_deleteOnStationShowsFaults_100_101,False,1,500,/api/v1/adminbasicservice/adminbasic/stations/{id},DELETE,500,.statusCode(500) .assertThat(),6,".delete(baseUrlOfSut + ""/api/v1/adminbasicservice/adminbasic/stations/Ni"")",,,faults,/home/azureuser/train-ticket-aitest/evomaster/generated-tests/blackbox/ts-admin-basic-service/none/EvoMaster_Test_faults.java,21,6,True,0,,0,0,,100.0,0,0,0,0,0,0,False,,/home/azureuser/train-ticket-aitest/evomaster/evomaster-config/runtime-logs/classes/ts-admin-basic-service/none/EvoMaster_Test_faults,/home/azureuser/train-ticket-aitest/evomaster/evomaster-config/runtime-logs/classes/ts-admin-basic-service/none/EvoMaster_Test_faults/compile.log,/home/azureuser/train-ticket-aitest/evomaster/evomaster-config/runtime-logs/classes/ts-admin-basic-service/none/EvoMaster_Test_faults/compile_stdout.log,/home/azureuser/train-ticket-aitest/evomaster/evomaster-config/runtime-logs/classes/ts-admin-basic-service/none/EvoMaster_Test_faults/compile_stderr.log,False,True,1,java.lang.AssertionError;test_failure,1,False,6.53,5.45,162.83,"Tests run: 1, Failures: 1, Errors: 0, Skipped: 0",/home/azureuser/train-ticket-aitest/evomaster/evomaster-config/runtime-logs/methods/ts-admin-basic-service/none/EvoMaster_Test_faults/test_3_deleteOnStationShowsFaults_100_101,/home/azureuser/train-ticket-aitest/evomaster/evomaster-config/runtime-logs/methods/ts-admin-basic-service/none/EvoMaster_Test_faults/test_3_deleteOnStationShowsFaults_100_101/run.log,/home/azureuser/train-ticket-aitest/evomaster/evomaster-config/runtime-logs/methods/ts-admin-basic-service/none/EvoMaster_Test_faults/test_3_deleteOnStationShowsFaults_100_101/run_stdout.log,/home/azureuser/train-ticket-aitest/evomaster/evomaster-config/runtime-logs/methods/ts-admin-basic-service/none/EvoMaster_Test_faults/test_3_deleteOnStationShowsFaults_100_101/run_stderr.log
ts-admin-basic-service,user,EvoMaster_Test_faults.java,EvoMaster_Test_faults,test_0_getOnPricesShowsFaults_100_101,False,1,500,/api/v1/adminbasicservice/adminbasic/prices,GET,500,.statusCode(500) .assertThat(),6,".get(baseUrlOfSut + ""/api/v1/adminbasicservice/adminbasic/prices"")",,".header(""Authorization"", ""Bearer eyJhbGciOiJIUzI1NiJ9.eyJzdWIiOiJmZHNlX21pY3Jvc2VydmljZSIsInJvbGVzIjpbIlJPTEVfVVNFUiJdLCJpZCI6IjRkMmE0NmM3LTcxY2ItNGNmMS1iNWJiLWI2ODQwNmQ5ZGE2ZiIsImlhdCI6MTc2NjAzMDY1NywiZXhwIjoxNzY2MDM0MjU3fQ.4utt0ftIpx2jzrwjD8h95FQ8vLlyGt4HwQkpS27MnM8"")",faults,/home/azureuser/train-ticket-aitest/evomaster/generated-tests/blackbox/ts-admin-basic-service/user/EvoMaster_Test_faults.java,21,6,True,0,,0,0,,100.0,0,0,0,0,0,0,False,,/home/azureuser/train-ticket-aitest/evomaster/evomaster-config/runtime-logs/classes/ts-admin-basic-service/user/EvoMaster_Test_faults,/home/azureuser/train-ticket-aitest/evomaster/evomaster-config/runtime-logs/classes/ts-admin-basic-service/user/EvoMaster_Test_faults/compile.log,/home/azureuser/train-ticket-aitest/evomaster/evomaster-config/runtime-logs/classes/ts-admin-basic-service/user/EvoMaster_Test_faults/compile_stdout.log,/home/azureuser/train-ticket-aitest/evomaster/evomaster-config/runtime-logs/classes/ts-admin-basic-service/user/EvoMaster_Test_faults/compile_stderr.log,False,True,1,java.lang.AssertionError;test_failure,1,False,6.57,5.52,160.58,"Tests run: 1, Failures: 1, Errors: 0, Skipped: 0",/home/azureuser/train-ticket-aitest/evomaster/evomaster-config/runtime-logs/methods/ts-admin-basic-service/user/EvoMaster_Test_faults/test_0_getOnPricesShowsFaults_100_101,/home/azureuser/train-ticket-aitest/evomaster/evomaster-config/runtime-logs/methods/ts-admin-basic-service/user/EvoMaster_Test_faults/test_0_getOnPricesShowsFaults_100_101/run.log,/home/azureuser/train-ticket-aitest/evomaster/evomaster-config/runtime-logs/methods/ts-admin-basic-service/user/EvoMaster_Test_faults/test_0_getOnPricesShowsFaults_100_101/run_stdout.log,/home/azureuser/train-ticket-aitest/evomaster/evomaster-config/runtime-logs/methods/ts-admin-basic-service/user/EvoMaster_Test_faults/test_0_getOnPricesShowsFaults_100_101/run_stderr.log
ts-admin-basic-service,user,EvoMaster_Test_faults.java,EvoMaster_Test_faults,test_1_postOnPricesShowsFaults_100_101,False,1,500,/api/v1/adminbasicservice/adminbasic/prices,POST,500,.statusCode(500) .assertThat(),6,".post(baseUrlOfSut + ""/api/v1/adminbasicservice/adminbasic/prices"")",".body("" { "" + 
                    "" \""trainType\"": \""SmZz9ksj\"", "" + 
                    "" \""routeId\"": \""Iju0yKErysQ\"", "" + 
                    "" \""basicPriceRate\"": 0.8183078201635795 "" + 
                    "" } "")",".header(""Authorization"", ""Bearer eyJhbGciOiJIUzI1NiJ9.eyJzdWIiOiJmZHNlX21pY3Jvc2VydmljZSIsInJvbGVzIjpbIlJPTEVfVVNFUiJdLCJpZCI6IjRkMmE0NmM3LTcxY2ItNGNmMS1iNWJiLWI2ODQwNmQ5ZGE2ZiIsImlhdCI6MTc2NjAzMDY1NywiZXhwIjoxNzY2MDM0MjU3fQ.4utt0ftIpx2jzrwjD8h95FQ8vLlyGt4HwQkpS27MnM8"")",faults,/home/azureuser/train-ticket-aitest/evomaster/generated-tests/blackbox/ts-admin-basic-service/user/EvoMaster_Test_faults.java,21,6,True,0,,0,0,,100.0,0,0,0,0,0,0,False,,/home/azureuser/train-ticket-aitest/evomaster/evomaster-config/runtime-logs/classes/ts-admin-basic-service/user/EvoMaster_Test_faults,/home/azureuser/train-ticket-aitest/evomaster/evomaster-config/runtime-logs/classes/ts-admin-basic-service/user/EvoMaster_Test_faults/compile.log,/home/azureuser/train-ticket-aitest/evomaster/evomaster-config/runtime-logs/classes/ts-admin-basic-service/user/EvoMaster_Test_faults/compile_stdout.log,/home/azureuser/train-ticket-aitest/evomaster/evomaster-config/runtime-logs/classes/ts-admin-basic-service/user/EvoMaster_Test_faults/compile_stderr.log,False,True,1,java.lang.AssertionError;test_failure,1,False,6.6,5.33,155.86,"Tests run: 1, Failures: 1, Errors: 0, Skipped: 0",/home/azureuser/train-ticket-aitest/evomaster/evomaster-config/runtime-logs/methods/ts-admin-basic-service/user/EvoMaster_Test_faults/test_1_postOnPricesShowsFaults_100_101,/home/azureuser/train-ticket-aitest/evomaster/evomaster-config/runtime-logs/methods/ts-admin-basic-service/user/EvoMaster_Test_faults/test_1_postOnPricesShowsFaults_100_101/run.log,/home/azureuser/train-ticket-aitest/evomaster/evomaster-config/runtime-logs/methods/ts-admin-basic-service/user/EvoMaster_Test_faults/test_1_postOnPricesShowsFaults_100_101/run_stdout.log,/home/azureuser/train-ticket-aitest/evomaster/evomaster-config/runtime-logs/methods/ts-admin-basic-service/user/EvoMaster_Test_faults/test_1_postOnPricesShowsFaults_100_101/run_stderr.log
ts-admin-basic-service,user,EvoMaster_Test_faults.java,EvoMaster_Test_faults,test_2_postOnPricesReturnsMismatchResponseWithSchema,False,1,403,/api/v1/adminbasicservice/adminbasic/prices,POST,403,.statusCode(403) .assertThat(),2,".post(baseUrlOfSut + ""/api/v1/adminbasicservice/adminbasic/prices"")",".body("" { "" + 
                    "" \""routeId\"": \""7kBI\"", "" + 
                    "" \""firstClassPriceRate\"": 0.8558958300134507 "" + 
                    "" } "")",".header(""Authorization"", ""Bearer eyJhbGciOiJIUzI1NiJ9.eyJzdWIiOiJmZHNlX21pY3Jvc2VydmljZSIsInJvbGVzIjpbIlJPTEVfVVNFUiJdLCJpZCI6IjRkMmE0NmM3LTcxY2ItNGNmMS1iNWJiLWI2ODQwNmQ5ZGE2ZiIsImlhdCI6MTc2NjAzMDY1NywiZXhwIjoxNzY2MDM0MjU3fQ.4utt0ftIpx2jzrwjD8h95FQ8vLlyGt4HwQkpS27MnM8"")",faults,/home/azureuser/train-ticket-aitest/evomaster/generated-tests/blackbox/ts-admin-basic-service/user/EvoMaster_Test_faults.java,21,6,True,0,,0,0,,100.0,0,0,0,0,0,0,False,,/home/azureuser/train-ticket-aitest/evomaster/evomaster-config/runtime-logs/classes/ts-admin-basic-service/user/EvoMaster_Test_faults,/home/azureuser/train-ticket-aitest/evomaster/evomaster-config/runtime-logs/classes/ts-admin-basic-service/user/EvoMaster_Test_faults/compile.log,/home/azureuser/train-ticket-aitest/evomaster/evomaster-config/runtime-logs/classes/ts-admin-basic-service/user/EvoMaster_Test_faults/compile_stdout.log,/home/azureuser/train-ticket-aitest/evomaster/evomaster-config/runtime-logs/classes/ts-admin-basic-service/user/EvoMaster_Test_faults/compile_stderr.log,True,True,0,,0,False,7.01,5.61,155.02,Test passed (detected via Surefire XML),/home/azureuser/train-ticket-aitest/evomaster/evomaster-config/runtime-logs/methods/ts-admin-basic-service/user/EvoMaster_Test_faults/test_2_postOnPricesReturnsMismatchResponseWithSchema,/home/azureuser/train-ticket-aitest/evomaster/evomaster-config/runtime-logs/methods/ts-admin-basic-service/user/EvoMaster_Test_faults/test_2_postOnPricesReturnsMismatchResponseWithSchema/run.log,/home/azureuser/train-ticket-aitest/evomaster/evomaster-config/runtime-logs/methods/ts-admin-basic-service/user/EvoMaster_Test_faults/test_2_postOnPricesReturnsMismatchResponseWithSchema/run_stdout.log,/home/azureuser/train-ticket-aitest/evomaster/evomaster-config/runtime-logs/methods/ts-admin-basic-service/user/EvoMaster_Test_faults/test_2_postOnPricesReturnsMismatchResponseWithSchema/run_stderr.log
ts-admin-basic-service,user,EvoMaster_Test_faults.java,EvoMaster_Test_faults,test_3_deleteOnStationShowsFaults_100_101,False,1,500,/api/v1/adminbasicservice/adminbasic/stations/{id},DELETE,500,.statusCode(500) .assertThat(),6,".delete(baseUrlOfSut + ""/api/v1/adminbasicservice/adminbasic/stations/WbVr6"")",,".header(""Authorization"", ""Bearer eyJhbGciOiJIUzI1NiJ9.eyJzdWIiOiJmZHNlX21pY3Jvc2VydmljZSIsInJvbGVzIjpbIlJPTEVfVVNFUiJdLCJpZCI6IjRkMmE0NmM3LTcxY2ItNGNmMS1iNWJiLWI2ODQwNmQ5ZGE2ZiIsImlhdCI6MTc2NjAzMDY1NywiZXhwIjoxNzY2MDM0MjU3fQ.4utt0ftIpx2jzrwjD8h95FQ8vLlyGt4HwQkpS27MnM8"")",faults,/home/azureuser/train-ticket-aitest/evomaster/generated-tests/blackbox/ts-admin-basic-service/user/EvoMaster_Test_faults.java,21,6,True,0,,0,0,,100.0,0,0,0,0,0,0,False,,/home/azureuser/train-ticket-aitest/evomaster/evomaster-config/runtime-logs/classes/ts-admin-basic-service/user/EvoMaster_Test_faults,/home/azureuser/train-ticket-aitest/evomaster/evomaster-config/runtime-logs/classes/ts-admin-basic-service/user/EvoMaster_Test_faults/compile.log,/home/azureuser/train-ticket-aitest/evomaster/evomaster-config/runtime-logs/classes/ts-admin-basic-service/user/EvoMaster_Test_faults/compile_stdout.log,/home/azureuser/train-ticket-aitest/evomaster/evomaster-config/runtime-logs/classes/ts-admin-basic-service/user/EvoMaster_Test_faults/compile_stderr.log,False,True,1,java.lang.AssertionError;test_failure,1,False,6.51,5.38,155.52,"Tests run: 1, Failures: 1, Errors: 0, Skipped: 0",/home/azureuser/train-ticket-aitest/evomaster/evomaster-config/runtime-logs/methods/ts-admin-basic-service/user/EvoMaster_Test_faults/test_3_deleteOnStationShowsFaults_100_101,/home/azureuser/train-ticket-aitest/evomaster/evomaster-config/runtime-logs/methods/ts-admin-basic-service/user/EvoMaster_Test_faults/test_3_deleteOnStationShowsFaults_100_101/run.log,/home/azureuser/train-ticket-aitest/evomaster/evomaster-config/runtime-logs/methods/ts-admin-basic-service/user/EvoMaster_Test_faults/test_3_deleteOnStationShowsFaults_100_101/run_stdout.log,/home/azureuser/train-ticket-aitest/evomaster/evomaster-config/runtime-logs/methods/ts-admin-basic-service/user/EvoMaster_Test_faults/test_3_deleteOnStationShowsFaults_100_101/run_stderr.log
ts-admin-order-service,admin,EvoMaster_Test_faults.java,EvoMaster_Test_faults,test_0_putOnAdminorderShowsFaults_100_101,False,1,500,/api/v1/adminorderservice/adminorder,PUT,500,.statusCode(500) .assertThat(),6,".put(baseUrlOfSut + ""/api/v1/adminorderservice/adminorder"")",".body("" { "" + 
                    "" \""id\"": \""NnC17Oj3i\"", "" + 
                    "" \""boughtDate\"": \""1901-07-17\"", "" + 
                    "" \""travelTime\"": \""2077-07-00T04:49:03+07:33\"", "" + 
                    "" \""seatClass\"": 679, "" + 
                    "" \""seatNumber\"": \""a\"", "" + 
                    "" \""status\"": 873 "" + 
                    "" } "")",".header(""Authorization"", ""Bearer eyJhbGciOiJIUzI1NiJ9.eyJzdWIiOiJhZG1pbiIsInJvbGVzIjpbIlJPTEVfQURNSU4iXSwiaWQiOiIyZmIyYjZhZS1lMWQ2LTQ2NTUtYTYwZC1lMjcxNzU2ZmQ0YWEiLCJpYXQiOjE3NjYwMzAyOTAsImV4cCI6MTc2NjAzMzg5MH0.ogKOBLOhTYFA74GjpJ6yxZF6Eg4yS8ASm68hzI1aZJ8"")",faults,/home/azureuser/train-ticket-aitest/evomaster/generated-tests/blackbox/ts-admin-order-service/admin/EvoMaster_Test_faults.java,21,6,True,0,,0,0,,100.0,0,0,0,0,0,0,False,,/home/azureuser/train-ticket-aitest/evomaster/evomaster-config/runtime-logs/classes/ts-admin-order-service/admin/EvoMaster_Test_faults,/home/azureuser/train-ticket-aitest/evomaster/evomaster-config/runtime-logs/classes/ts-admin-order-service/admin/EvoMaster_Test_faults/compile.log,/home/azureuser/train-ticket-aitest/evomaster/evomaster-config/runtime-logs/classes/ts-admin-order-service/admin/EvoMaster_Test_faults/compile_stdout.log,/home/azureuser/train-ticket-aitest/evomaster/evomaster-config/runtime-logs/classes/ts-admin-order-service/admin/EvoMaster_Test_faults/compile_stderr.log,False,True,1,java.lang.AssertionError;test_failure,1,False,8.12,5.75,161.93,"Tests run: 1, Failures: 1, Errors: 0, Skipped: 0",/home/azureuser/train-ticket-aitest/evomaster/evomaster-config/runtime-logs/methods/ts-admin-order-service/admin/EvoMaster_Test_faults/test_0_putOnAdminorderShowsFaults_100_101,/home/azureuser/train-ticket-aitest/evomaster/evomaster-config/runtime-logs/methods/ts-admin-order-service/admin/EvoMaster_Test_faults/test_0_putOnAdminorderShowsFaults_100_101/run.log,/home/azureuser/train-ticket-aitest/evomaster/evomaster-config/runtime-logs/methods/ts-admin-order-service/admin/EvoMaster_Test_faults/test_0_putOnAdminorderShowsFaults_100_101/run_stdout.log,/home/azureuser/train-ticket-aitest/evomaster/evomaster-config/runtime-logs/methods/ts-admin-order-service/admin/EvoMaster_Test_faults/test_0_putOnAdminorderShowsFaults_100_101/run_stderr.log
ts-admin-order-service,admin,EvoMaster_Test_faults.java,EvoMaster_Test_faults,test_1_putOnAdminorderReturnsMismatchResponseWithSchema,False,1,403,/api/v1/adminorderservice/adminorder,PUT,403,.statusCode(403) .assertThat(),2,".put(baseUrlOfSut + ""/api/v1/adminorderservice/adminorder"")",".body("" { "" + 
                    "" \""id\"": \""Tl5if58R2\"", "" + 
                    "" \""boughtDate\"": \""1912-05-19\"", "" + 
                    "" \""travelDate\"": \""1951-08-21\"", "" + 
                    "" \""travelTime\"": \""2080-07-05T16:03:29.989-10:11\"", "" + 
                    "" \""accountId\"": \""m3Zc\"", "" + 
                    "" \""contactsDocumentNumber\"": \""lZsskrKCC5flN\"", "" + 
                    "" \""trainNumber\"": \""6W9Rm6\"", "" + 
                    "" \""coachNumber\"": 566, "" + 
                    "" \""seatClass\"": 579, "" + 
                    "" \""seatNumber\"": \""S8lC9tNv061RlPjK\"", "" + 
                    "" \""from\"": \""\"", "" + 
                    "" \""to\"": \""uKv\"", "" + 
                    "" \""price\"": 0.9960761439821391 "" + 
                    "" } "")",".header(""Authorization"", ""Bearer eyJhbGciOiJIUzI1NiJ9.eyJzdWIiOiJhZG1pbiIsInJvbGVzIjpbIlJPTEVfQURNSU4iXSwiaWQiOiIyZmIyYjZhZS1lMWQ2LTQ2NTUtYTYwZC1lMjcxNzU2ZmQ0YWEiLCJpYXQiOjE3NjYwMzAyOTAsImV4cCI6MTc2NjAzMzg5MH0.ogKOBLOhTYFA74GjpJ6yxZF6Eg4yS8ASm68hzI1aZJ8"")",faults,/home/azureuser/train-ticket-aitest/evomaster/generated-tests/blackbox/ts-admin-order-service/admin/EvoMaster_Test_faults.java,21,6,True,0,,0,0,,100.0,0,0,0,0,0,0,False,,/home/azureuser/train-ticket-aitest/evomaster/evomaster-config/runtime-logs/classes/ts-admin-order-service/admin/EvoMaster_Test_faults,/home/azureuser/train-ticket-aitest/evomaster/evomaster-config/runtime-logs/classes/ts-admin-order-service/admin/EvoMaster_Test_faults/compile.log,/home/azureuser/train-ticket-aitest/evomaster/evomaster-config/runtime-logs/classes/ts-admin-order-service/admin/EvoMaster_Test_faults/compile_stdout.log,/home/azureuser/train-ticket-aitest/evomaster/evomaster-config/runtime-logs/classes/ts-admin-order-service/admin/EvoMaster_Test_faults/compile_stderr.log,True,True,0,,0,False,7.06,5.83,164.94,Test passed (detected via Surefire XML),/home/azureuser/train-ticket-aitest/evomaster/evomaster-config/runtime-logs/methods/ts-admin-order-service/admin/EvoMaster_Test_faults/test_1_putOnAdminorderReturnsMismatchResponseWithSchema,/home/azureuser/train-ticket-aitest/evomaster/evomaster-config/runtime-logs/methods/ts-admin-order-service/admin/EvoMaster_Test_faults/test_1_putOnAdminorderReturnsMismatchResponseWithSchema/run.log,/home/azureuser/train-ticket-aitest/evomaster/evomaster-config/runtime-logs/methods/ts-admin-order-service/admin/EvoMaster_Test_faults/test_1_putOnAdminorderReturnsMismatchResponseWithSchema/run_stdout.log,/home/azureuser/train-ticket-aitest/evomaster/evomaster-config/runtime-logs/methods/ts-admin-order-service/admin/EvoMaster_Test_faults/test_1_putOnAdminorderReturnsMismatchResponseWithSchema/run_stderr.log
ts-admin-order-service,admin,EvoMaster_Test_faults.java,EvoMaster_Test_faults,test_2_deleteOnAdminordShowsFaults_100_101,False,1,500,/api/v1/adminorderservice/adminorder/{orderId}/{trainNumber},DELETE,500,.statusCode(500) .assertThat(),6,".delete(baseUrlOfSut + ""/api/v1/adminorderservice/adminorder/enBamyD/Jp"")",,".header(""Authorization"", ""Bearer eyJhbGciOiJIUzI1NiJ9.eyJzdWIiOiJhZG1pbiIsInJvbGVzIjpbIlJPTEVfQURNSU4iXSwiaWQiOiIyZmIyYjZhZS1lMWQ2LTQ2NTUtYTYwZC1lMjcxNzU2ZmQ0YWEiLCJpYXQiOjE3NjYwMzAyOTAsImV4cCI6MTc2NjAzMzg5MH0.ogKOBLOhTYFA74GjpJ6yxZF6Eg4yS8ASm68hzI1aZJ8"")",faults,/home/azureuser/train-ticket-aitest/evomaster/generated-tests/blackbox/ts-admin-order-service/admin/EvoMaster_Test_faults.java,21,6,True,0,,0,0,,100.0,0,0,0,0,0,0,False,,/home/azureuser/train-ticket-aitest/evomaster/evomaster-config/runtime-logs/classes/ts-admin-order-service/admin/EvoMaster_Test_faults,/home/azureuser/train-ticket-aitest/evomaster/evomaster-config/runtime-logs/classes/ts-admin-order-service/admin/EvoMaster_Test_faults/compile.log,/home/azureuser/train-ticket-aitest/evomaster/evomaster-config/runtime-logs/classes/ts-admin-order-service/admin/EvoMaster_Test_faults/compile_stdout.log,/home/azureuser/train-ticket-aitest/evomaster/evomaster-config/runtime-logs/classes/ts-admin-order-service/admin/EvoMaster_Test_faults/compile_stderr.log,False,True,1,java.lang.AssertionError;test_failure,1,False,6.52,5.54,156.74,"Tests run: 1, Failures: 1, Errors: 0, Skipped: 0",/home/azureuser/train-ticket-aitest/evomaster/evomaster-config/runtime-logs/methods/ts-admin-order-service/admin/EvoMaster_Test_faults/test_2_deleteOnAdminordShowsFaults_100_101,/home/azureuser/train-ticket-aitest/evomaster/evomaster-config/runtime-logs/methods/ts-admin-order-service/admin/EvoMaster_Test_faults/test_2_deleteOnAdminordShowsFaults_100_101/run.log,/home/azureuser/train-ticket-aitest/evomaster/evomaster-config/runtime-logs/methods/ts-admin-order-service/admin/EvoMaster_Test_faults/test_2_deleteOnAdminordShowsFaults_100_101/run_stdout.log,/home/azureuser/train-ticket-aitest/evomaster/evomaster-config/runtime-logs/methods/ts-admin-order-service/admin/EvoMaster_Test_faults/test_2_deleteOnAdminordShowsFaults_100_101/run_stderr.log
ts-admin-order-service,admin,EvoMaster_Test_faults.java,EvoMaster_Test_faults,test_3_deleteOnAdminordReturnsMismatchResponseWithSchema,False,1,403,/api/v1/adminorderservice/adminorder/{orderId}/{trainNumber},DELETE,403,.statusCode(403) .assertThat(),2,".delete(baseUrlOfSut + ""/api/v1/adminorderservice/adminorder/Bw30i_V/4"")",,".header(""Authorization"", ""Bearer eyJhbGciOiJIUzI1NiJ9.eyJzdWIiOiJhZG1pbiIsInJvbGVzIjpbIlJPTEVfQURNSU4iXSwiaWQiOiIyZmIyYjZhZS1lMWQ2LTQ2NTUtYTYwZC1lMjcxNzU2ZmQ0YWEiLCJpYXQiOjE3NjYwMzAyOTAsImV4cCI6MTc2NjAzMzg5MH0.ogKOBLOhTYFA74GjpJ6yxZF6Eg4yS8ASm68hzI1aZJ8"")",faults,/home/azureuser/train-ticket-aitest/evomaster/generated-tests/blackbox/ts-admin-order-service/admin/EvoMaster_Test_faults.java,21,6,True,0,,0,0,,100.0,0,0,0,0,0,0,False,,/home/azureuser/train-ticket-aitest/evomaster/evomaster-config/runtime-logs/classes/ts-admin-order-service/admin/EvoMaster_Test_faults,/home/azureuser/train-ticket-aitest/evomaster/evomaster-config/runtime-logs/classes/ts-admin-order-service/admin/EvoMaster_Test_faults/compile.log,/home/azureuser/train-ticket-aitest/evomaster/evomaster-config/runtime-logs/classes/ts-admin-order-service/admin/EvoMaster_Test_faults/compile_stdout.log,/home/azureuser/train-ticket-aitest/evomaster/evomaster-config/runtime-logs/classes/ts-admin-order-service/admin/EvoMaster_Test_faults/compile_stderr.log,True,True,0,,0,False,6.51,5.38,156.62,Test passed (detected via Surefire XML),/home/azureuser/train-ticket-aitest/evomaster/evomaster-config/runtime-logs/methods/ts-admin-order-service/admin/EvoMaster_Test_faults/test_3_deleteOnAdminordReturnsMismatchResponseWithSchema,/home/azureuser/train-ticket-aitest/evomaster/evomaster-config/runtime-logs/methods/ts-admin-order-service/admin/EvoMaster_Test_faults/test_3_deleteOnAdminordReturnsMismatchResponseWithSchema/run.log,/home/azureuser/train-ticket-aitest/evomaster/evomaster-config/runtime-logs/methods/ts-admin-order-service/admin/EvoMaster_Test_faults/test_3_deleteOnAdminordReturnsMismatchResponseWithSchema/run_stdout.log,/home/azureuser/train-ticket-aitest/evomaster/evomaster-config/runtime-logs/methods/ts-admin-order-service/admin/EvoMaster_Test_faults/test_3_deleteOnAdminordReturnsMismatchResponseWithSchema/run_stderr.log
ts-admin-order-service,none,EvoMaster_Test_faults.java,EvoMaster_Test_faults,test_0_putOnAdminorderShowsFaults_100_101,False,1,500,/api/v1/adminorderservice/adminorder,PUT,500,.statusCode(500) .assertThat(),6,".put(baseUrlOfSut + ""/api/v1/adminorderservice/adminorder"")",".body("" { "" + 
                    "" \""travelDate\"": \""2092-00-12\"", "" + 
                    "" \""documentType\"": 977, "" + 
                    "" \""trainNumber\"": \""6aONtOC\"", "" + 
                    "" \""status\"": 958 "" + 
                    "" } "")",,faults,/home/azureuser/train-ticket-aitest/evomaster/generated-tests/blackbox/ts-admin-order-service/none/EvoMaster_Test_faults.java,21,6,True,0,,0,0,,100.0,0,0,0,0,0,0,False,,/home/azureuser/train-ticket-aitest/evomaster/evomaster-config/runtime-logs/classes/ts-admin-order-service/none/EvoMaster_Test_faults,/home/azureuser/train-ticket-aitest/evomaster/evomaster-config/runtime-logs/classes/ts-admin-order-service/none/EvoMaster_Test_faults/compile.log,/home/azureuser/train-ticket-aitest/evomaster/evomaster-config/runtime-logs/classes/ts-admin-order-service/none/EvoMaster_Test_faults/compile_stdout.log,/home/azureuser/train-ticket-aitest/evomaster/evomaster-config/runtime-logs/classes/ts-admin-order-service/none/EvoMaster_Test_faults/compile_stderr.log,False,True,1,java.lang.AssertionError;test_failure,1,False,6.52,5.63,154.82,"Tests run: 1, Failures: 1, Errors: 0, Skipped: 0",/home/azureuser/train-ticket-aitest/evomaster/evomaster-config/runtime-logs/methods/ts-admin-order-service/none/EvoMaster_Test_faults/test_0_putOnAdminorderShowsFaults_100_101,/home/azureuser/train-ticket-aitest/evomaster/evomaster-config/runtime-logs/methods/ts-admin-order-service/none/EvoMaster_Test_faults/test_0_putOnAdminorderShowsFaults_100_101/run.log,/home/azureuser/train-ticket-aitest/evomaster/evomaster-config/runtime-logs/methods/ts-admin-order-service/none/EvoMaster_Test_faults/test_0_putOnAdminorderShowsFaults_100_101/run_stdout.log,/home/azureuser/train-ticket-aitest/evomaster/evomaster-config/runtime-logs/methods/ts-admin-order-service/none/EvoMaster_Test_faults/test_0_putOnAdminorderShowsFaults_100_101/run_stderr.log
ts-admin-order-service,none,EvoMaster_Test_faults.java,EvoMaster_Test_faults,test_1_deleteOnAdminordShowsFaults_100_101,False,1,500,/api/v1/adminorderservice/adminorder/{orderId}/{trainNumber},DELETE,500,.statusCode(500) .assertThat(),6,".delete(baseUrlOfSut + ""/api/v1/adminorderservice/adminorder/2UZH/RdVH"")",,,faults,/home/azureuser/train-ticket-aitest/evomaster/generated-tests/blackbox/ts-admin-order-service/none/EvoMaster_Test_faults.java,21,6,True,0,,0,0,,100.0,0,0,0,0,0,0,False,,/home/azureuser/train-ticket-aitest/evomaster/evomaster-config/runtime-logs/classes/ts-admin-order-service/none/EvoMaster_Test_faults,/home/azureuser/train-ticket-aitest/evomaster/evomaster-config/runtime-logs/classes/ts-admin-order-service/none/EvoMaster_Test_faults/compile.log,/home/azureuser/train-ticket-aitest/evomaster/evomaster-config/runtime-logs/classes/ts-admin-order-service/none/EvoMaster_Test_faults/compile_stdout.log,/home/azureuser/train-ticket-aitest/evomaster/evomaster-config/runtime-logs/classes/ts-admin-order-service/none/EvoMaster_Test_faults/compile_stderr.log,False,True,1,java.lang.AssertionError;test_failure,1,False,6.51,5.51,156.67,"Tests run: 1, Failures: 1, Errors: 0, Skipped: 0",/home/azureuser/train-ticket-aitest/evomaster/evomaster-config/runtime-logs/methods/ts-admin-order-service/none/EvoMaster_Test_faults/test_1_deleteOnAdminordShowsFaults_100_101,/home/azureuser/train-ticket-aitest/evomaster/evomaster-config/runtime-logs/methods/ts-admin-order-service/none/EvoMaster_Test_faults/test_1_deleteOnAdminordShowsFaults_100_101/run.log,/home/azureuser/train-ticket-aitest/evomaster/evomaster-config/runtime-logs/methods/ts-admin-order-service/none/EvoMaster_Test_faults/test_1_deleteOnAdminordShowsFaults_100_101/run_stdout.log,/home/azureuser/train-ticket-aitest/evomaster/evomaster-config/runtime-logs/methods/ts-admin-order-service/none/EvoMaster_Test_faults/test_1_deleteOnAdminordShowsFaults_100_101/run_stderr.log
ts-admin-order-service,none,EvoMaster_Test_faults.java,EvoMaster_Test_faults,test_2_deleteOnAdminordReturnsMismatchResponseWithSchema,False,1,403,/api/v1/adminorderservice/adminorder/{orderId}/{trainNumber},DELETE,403,.statusCode(403) .assertThat(),2,".delete(baseUrlOfSut + ""/api/v1/adminorderservice/adminorder/Mv/B"")",,,faults,/home/azureuser/train-ticket-aitest/evomaster/generated-tests/blackbox/ts-admin-order-service/none/EvoMaster_Test_faults.java,21,6,True,0,,0,0,,100.0,0,0,0,0,0,0,False,,/home/azureuser/train-ticket-aitest/evomaster/evomaster-config/runtime-logs/classes/ts-admin-order-service/none/EvoMaster_Test_faults,/home/azureuser/train-ticket-aitest/evomaster/evomaster-config/runtime-logs/classes/ts-admin-order-service/none/EvoMaster_Test_faults/compile.log,/home/azureuser/train-ticket-aitest/evomaster/evomaster-config/runtime-logs/classes/ts-admin-order-service/none/EvoMaster_Test_faults/compile_stdout.log,/home/azureuser/train-ticket-aitest/evomaster/evomaster-config/runtime-logs/classes/ts-admin-order-service/none/EvoMaster_Test_faults/compile_stderr.log,True,True,0,,0,False,6.51,5.66,168.03,Test passed (detected via Surefire XML),/home/azureuser/train-ticket-aitest/evomaster/evomaster-config/runtime-logs/methods/ts-admin-order-service/none/EvoMaster_Test_faults/test_2_deleteOnAdminordReturnsMismatchResponseWithSchema,/home/azureuser/train-ticket-aitest/evomaster/evomaster-config/runtime-logs/methods/ts-admin-order-service/none/EvoMaster_Test_faults/test_2_deleteOnAdminordReturnsMismatchResponseWithSchema/run.log,/home/azureuser/train-ticket-aitest/evomaster/evomaster-config/runtime-logs/methods/ts-admin-order-service/none/EvoMaster_Test_faults/test_2_deleteOnAdminordReturnsMismatchResponseWithSchema/run_stdout.log,/home/azureuser/train-ticket-aitest/evomaster/evomaster-config/runtime-logs/methods/ts-admin-order-service/none/EvoMaster_Test_faults/test_2_deleteOnAdminordReturnsMismatchResponseWithSchema/run_stderr.log
ts-admin-order-service,user,EvoMaster_Test_faults.java,EvoMaster_Test_faults,test_0_putOnAdminorderShowsFaults_100_101,False,1,500,/api/v1/adminorderservice/adminorder,PUT,500,.statusCode(500) .assertThat(),6,".put(baseUrlOfSut + ""/api/v1/adminorderservice/adminorder"")",".body("" { "" + 
                    "" \""boughtDate\"": \""1981-04-16\"", "" + 
                    "" \""travelTime\"": \""1925-00-13T23:27:21.011Z\"", "" + 
                    "" \""accountId\"": \""JThVX\"", "" + 
                    "" \""documentType\"": 131, "" + 
                    "" \""contactsDocumentNumber\"": \""_UV71q7MVS\"", "" + 
                    "" \""trainNumber\"": \""gwpTsBZ\"", "" + 
                    "" \""from\"": \""xQMnM1QJRfA583H\"", "" + 
                    "" \""to\"": \""\"", "" + 
                    "" \""status\"": 307, "" + 
                    "" \""price\"": 0.09831715456761358 "" + 
                    "" } "")",,faults,/home/azureuser/train-ticket-aitest/evomaster/generated-tests/blackbox/ts-admin-order-service/user/EvoMaster_Test_faults.java,21,6,True,0,,0,0,,100.0,0,0,0,0,0,0,False,,/home/azureuser/train-ticket-aitest/evomaster/evomaster-config/runtime-logs/classes/ts-admin-order-service/user/EvoMaster_Test_faults,/home/azureuser/train-ticket-aitest/evomaster/evomaster-config/runtime-logs/classes/ts-admin-order-service/user/EvoMaster_Test_faults/compile.log,/home/azureuser/train-ticket-aitest/evomaster/evomaster-config/runtime-logs/classes/ts-admin-order-service/user/EvoMaster_Test_faults/compile_stdout.log,/home/azureuser/train-ticket-aitest/evomaster/evomaster-config/runtime-logs/classes/ts-admin-order-service/user/EvoMaster_Test_faults/compile_stderr.log,False,True,1,java.lang.AssertionError;test_failure,1,False,6.52,5.45,158.55,"Tests run: 1, Failures: 1, Errors: 0, Skipped: 0",/home/azureuser/train-ticket-aitest/evomaster/evomaster-config/runtime-logs/methods/ts-admin-order-service/user/EvoMaster_Test_faults/test_0_putOnAdminorderShowsFaults_100_101,/home/azureuser/train-ticket-aitest/evomaster/evomaster-config/runtime-logs/methods/ts-admin-order-service/user/EvoMaster_Test_faults/test_0_putOnAdminorderShowsFaults_100_101/run.log,/home/azureuser/train-ticket-aitest/evomaster/evomaster-config/runtime-logs/methods/ts-admin-order-service/user/EvoMaster_Test_faults/test_0_putOnAdminorderShowsFaults_100_101/run_stdout.log,/home/azureuser/train-ticket-aitest/evomaster/evomaster-config/runtime-logs/methods/ts-admin-order-service/user/EvoMaster_Test_faults/test_0_putOnAdminorderShowsFaults_100_101/run_stderr.log
ts-admin-order-service,user,EvoMaster_Test_faults.java,EvoMaster_Test_faults,test_1_deleteOnAdminordShowsFaults_100_101,False,1,500,/api/v1/adminorderservice/adminorder/{orderId}/{trainNumber},DELETE,500,.statusCode(500) .assertThat(),6,".delete(baseUrlOfSut + ""/api/v1/adminorderservice/adminorder/J3I9tx/ZgHMmJQBEa"")",,,faults,/home/azureuser/train-ticket-aitest/evomaster/generated-tests/blackbox/ts-admin-order-service/user/EvoMaster_Test_faults.java,21,6,True,0,,0,0,,100.0,0,0,0,0,0,0,False,,/home/azureuser/train-ticket-aitest/evomaster/evomaster-config/runtime-logs/classes/ts-admin-order-service/user/EvoMaster_Test_faults,/home/azureuser/train-ticket-aitest/evomaster/evomaster-config/runtime-logs/classes/ts-admin-order-service/user/EvoMaster_Test_faults/compile.log,/home/azureuser/train-ticket-aitest/evomaster/evomaster-config/runtime-logs/classes/ts-admin-order-service/user/EvoMaster_Test_faults/compile_stdout.log,/home/azureuser/train-ticket-aitest/evomaster/evomaster-config/runtime-logs/classes/ts-admin-order-service/user/EvoMaster_Test_faults/compile_stderr.log,False,True,1,java.lang.AssertionError;test_failure,1,False,6.52,5.4,157.32,"Tests run: 1, Failures: 1, Errors: 0, Skipped: 0",/home/azureuser/train-ticket-aitest/evomaster/evomaster-config/runtime-logs/methods/ts-admin-order-service/user/EvoMaster_Test_faults/test_1_deleteOnAdminordShowsFaults_100_101,/home/azureuser/train-ticket-aitest/evomaster/evomaster-config/runtime-logs/methods/ts-admin-order-service/user/EvoMaster_Test_faults/test_1_deleteOnAdminordShowsFaults_100_101/run.log,/home/azureuser/train-ticket-aitest/evomaster/evomaster-config/runtime-logs/methods/ts-admin-order-service/user/EvoMaster_Test_faults/test_1_deleteOnAdminordShowsFaults_100_101/run_stdout.log,/home/azureuser/train-ticket-aitest/evomaster/evomaster-config/runtime-logs/methods/ts-admin-order-service/user/EvoMaster_Test_faults/test_1_deleteOnAdminordShowsFaults_100_101/run_stderr.log
ts-admin-order-service,user,EvoMaster_Test_faults.java,EvoMaster_Test_faults,test_2_deleteOnAdminordReturnsMismatchResponseWithSchema,False,1,403,/api/v1/adminorderservice/adminorder/{orderId}/{trainNumber},DELETE,403,.statusCode(403) .assertThat(),2,".delete(baseUrlOfSut + ""/api/v1/adminorderservice/adminorder/jfYr7b/ju2QkTwK5"")",,".header(""Authorization"", ""Bearer eyJhbGciOiJIUzI1NiJ9.eyJzdWIiOiJmZHNlX21pY3Jvc2VydmljZSIsInJvbGVzIjpbIlJPTEVfVVNFUiJdLCJpZCI6IjRkMmE0NmM3LTcxY2ItNGNmMS1iNWJiLWI2ODQwNmQ5ZGE2ZiIsImlhdCI6MTc2NjAzMDk1NiwiZXhwIjoxNzY2MDM0NTU2fQ.eLR4D_Ot6KHCDg3DM90CaFLdVw-sdB0yG0hcnlNGRkQ"")",faults,/home/azureuser/train-ticket-aitest/evomaster/generated-tests/blackbox/ts-admin-order-service/user/EvoMaster_Test_faults.java,21,6,True,0,,0,0,,100.0,0,0,0,0,0,0,False,,/home/azureuser/train-ticket-aitest/evomaster/evomaster-config/runtime-logs/classes/ts-admin-order-service/user/EvoMaster_Test_faults,/home/azureuser/train-ticket-aitest/evomaster/evomaster-config/runtime-logs/classes/ts-admin-order-service/user/EvoMaster_Test_faults/compile.log,/home/azureuser/train-ticket-aitest/evomaster/evomaster-config/runtime-logs/classes/ts-admin-order-service/user/EvoMaster_Test_faults/compile_stdout.log,/home/azureuser/train-ticket-aitest/evomaster/evomaster-config/runtime-logs/classes/ts-admin-order-service/user/EvoMaster_Test_faults/compile_stderr.log,True,True,0,,0,False,6.51,5.39,156.08,Test passed (detected via Surefire XML),/home/azureuser/train-ticket-aitest/evomaster/evomaster-config/runtime-logs/methods/ts-admin-order-service/user/EvoMaster_Test_faults/test_2_deleteOnAdminordReturnsMismatchResponseWithSchema,/home/azureuser/train-ticket-aitest/evomaster/evomaster-config/runtime-logs/methods/ts-admin-order-service/user/EvoMaster_Test_faults/test_2_deleteOnAdminordReturnsMismatchResponseWithSchema/run.log,/home/azureuser/train-ticket-aitest/evomaster/evomaster-config/runtime-logs/methods/ts-admin-order-service/user/EvoMaster_Test_faults/test_2_deleteOnAdminordReturnsMismatchResponseWithSchema/run_stdout.log,/home/azureuser/train-ticket-aitest/evomaster/evomaster-config/runtime-logs/methods/ts-admin-order-service/user/EvoMaster_Test_faults/test_2_deleteOnAdminordReturnsMismatchResponseWithSchema/run_stderr.log
ts-admin-user-service,admin,EvoMaster_Test_faults.java,EvoMaster_Test_faults,test_0_putOnUsersShowsFaults_100_101,False,1,500,/api/v1/adminuserservice/users,PUT,500,.statusCode(500) .assertThat(),6,".put(baseUrlOfSut + ""/api/v1/adminuserservice/users"")",".body("" { "" + 
                    "" \""userName\"": \""WARKZGz2oBSYO0\"", "" + 
                    "" \""gender\"": 660, "" + 
                    "" \""documentNum\"": \""ikccklswz7EmwHi\"" "" + 
                    "" } "")",".header(""Authorization"", ""Bearer eyJhbGciOiJIUzI1NiJ9.eyJzdWIiOiJhZG1pbiIsInJvbGVzIjpbIlJPTEVfQURNSU4iXSwiaWQiOiIyZmIyYjZhZS1lMWQ2LTQ2NTUtYTYwZC1lMjcxNzU2ZmQ0YWEiLCJpYXQiOjE3NjYwMzA0MjksImV4cCI6MTc2NjAzNDAyOX0.pzI2x3nTQY9voYqIhHiPoC9qZKd6co-DApE7yXaS0ks"")",faults,/home/azureuser/train-ticket-aitest/evomaster/generated-tests/blackbox/ts-admin-user-service/admin/EvoMaster_Test_faults.java,21,6,True,0,,0,0,,100.0,0,0,0,0,0,0,False,,/home/azureuser/train-ticket-aitest/evomaster/evomaster-config/runtime-logs/classes/ts-admin-user-service/admin/EvoMaster_Test_faults,/home/azureuser/train-ticket-aitest/evomaster/evomaster-config/runtime-logs/classes/ts-admin-user-service/admin/EvoMaster_Test_faults/compile.log,/home/azureuser/train-ticket-aitest/evomaster/evomaster-config/runtime-logs/classes/ts-admin-user-service/admin/EvoMaster_Test_faults/compile_stdout.log,/home/azureuser/train-ticket-aitest/evomaster/evomaster-config/runtime-logs/classes/ts-admin-user-service/admin/EvoMaster_Test_faults/compile_stderr.log,False,True,1,java.lang.AssertionError;test_failure,1,False,7.03,5.49,164.76,"Tests run: 1, Failures: 1, Errors: 0, Skipped: 0",/home/azureuser/train-ticket-aitest/evomaster/evomaster-config/runtime-logs/methods/ts-admin-user-service/admin/EvoMaster_Test_faults/test_0_putOnUsersShowsFaults_100_101,/home/azureuser/train-ticket-aitest/evomaster/evomaster-config/runtime-logs/methods/ts-admin-user-service/admin/EvoMaster_Test_faults/test_0_putOnUsersShowsFaults_100_101/run.log,/home/azureuser/train-ticket-aitest/evomaster/evomaster-config/runtime-logs/methods/ts-admin-user-service/admin/EvoMaster_Test_faults/test_0_putOnUsersShowsFaults_100_101/run_stdout.log,/home/azureuser/train-ticket-aitest/evomaster/evomaster-config/runtime-logs/methods/ts-admin-user-service/admin/EvoMaster_Test_faults/test_0_putOnUsersShowsFaults_100_101/run_stderr.log
ts-admin-user-service,admin,EvoMaster_Test_faults.java,EvoMaster_Test_faults,test_1_putOnUsersReturnsMismatchResponseWithSchema,False,1,200,/api/v1/adminuserservice/users,PUT,200,.statusCode(200) .assertThat(),5,".put(baseUrlOfSut + ""/api/v1/adminuserservice/users"")",".body("" { "" + 
                    "" \""userName\"": \""\"", "" + 
                    "" \""gender\"": 457, "" + 
                    "" \""email\"": \""oXXdVl\"" "" + 
                    "" } "")",".header(""Authorization"", ""Bearer eyJhbGciOiJIUzI1NiJ9.eyJzdWIiOiJhZG1pbiIsInJvbGVzIjpbIlJPTEVfQURNSU4iXSwiaWQiOiIyZmIyYjZhZS1lMWQ2LTQ2NTUtYTYwZC1lMjcxNzU2ZmQ0YWEiLCJpYXQiOjE3NjYwMzA0MjksImV4cCI6MTc2NjAzNDAyOX0.pzI2x3nTQY9voYqIhHiPoC9qZKd6co-DApE7yXaS0ks"")",faults,/home/azureuser/train-ticket-aitest/evomaster/generated-tests/blackbox/ts-admin-user-service/admin/EvoMaster_Test_faults.java,21,6,True,0,,0,0,,100.0,0,0,0,0,0,0,False,,/home/azureuser/train-ticket-aitest/evomaster/evomaster-config/runtime-logs/classes/ts-admin-user-service/admin/EvoMaster_Test_faults,/home/azureuser/train-ticket-aitest/evomaster/evomaster-config/runtime-logs/classes/ts-admin-user-service/admin/EvoMaster_Test_faults/compile.log,/home/azureuser/train-ticket-aitest/evomaster/evomaster-config/runtime-logs/classes/ts-admin-user-service/admin/EvoMaster_Test_faults/compile_stdout.log,/home/azureuser/train-ticket-aitest/evomaster/evomaster-config/runtime-logs/classes/ts-admin-user-service/admin/EvoMaster_Test_faults/compile_stderr.log,False,True,1,java.lang.AssertionError;test_failure,1,False,6.51,5.45,156.72,"Tests run: 1, Failures: 1, Errors: 0, Skipped: 0",/home/azureuser/train-ticket-aitest/evomaster/evomaster-config/runtime-logs/methods/ts-admin-user-service/admin/EvoMaster_Test_faults/test_1_putOnUsersReturnsMismatchResponseWithSchema,/home/azureuser/train-ticket-aitest/evomaster/evomaster-config/runtime-logs/methods/ts-admin-user-service/admin/EvoMaster_Test_faults/test_1_putOnUsersReturnsMismatchResponseWithSchema/run.log,/home/azureuser/train-ticket-aitest/evomaster/evomaster-config/runtime-logs/methods/ts-admin-user-service/admin/EvoMaster_Test_faults/test_1_putOnUsersReturnsMismatchResponseWithSchema/run_stdout.log,/home/azureuser/train-ticket-aitest/evomaster/evomaster-config/runtime-logs/methods/ts-admin-user-service/admin/EvoMaster_Test_faults/test_1_putOnUsersReturnsMismatchResponseWithSchema/run_stderr.log
ts-admin-user-service,admin,EvoMaster_Test_faults.java,EvoMaster_Test_faults,test_2_putOnUsersReturnsMismatchResponseWithSchema,False,1,403,/api/v1/adminuserservice/users,PUT,403,.statusCode(403) .assertThat(),2,".put(baseUrlOfSut + ""/api/v1/adminuserservice/users"")",".body("" { "" + 
                    "" \""userId\"": \""piYz4xP\"", "" + 
                    "" \""password\"": \""6Km\"", "" + 
                    "" \""email\"": \""rQYb71aWWipUt\"" "" + 
                    "" } "")",".header(""Authorization"", ""Bearer eyJhbGciOiJIUzI1NiJ9.eyJzdWIiOiJhZG1pbiIsInJvbGVzIjpbIlJPTEVfQURNSU4iXSwiaWQiOiIyZmIyYjZhZS1lMWQ2LTQ2NTUtYTYwZC1lMjcxNzU2ZmQ0YWEiLCJpYXQiOjE3NjYwMzA0MjksImV4cCI6MTc2NjAzNDAyOX0.pzI2x3nTQY9voYqIhHiPoC9qZKd6co-DApE7yXaS0ks"")",faults,/home/azureuser/train-ticket-aitest/evomaster/generated-tests/blackbox/ts-admin-user-service/admin/EvoMaster_Test_faults.java,21,6,True,0,,0,0,,100.0,0,0,0,0,0,0,False,,/home/azureuser/train-ticket-aitest/evomaster/evomaster-config/runtime-logs/classes/ts-admin-user-service/admin/EvoMaster_Test_faults,/home/azureuser/train-ticket-aitest/evomaster/evomaster-config/runtime-logs/classes/ts-admin-user-service/admin/EvoMaster_Test_faults/compile.log,/home/azureuser/train-ticket-aitest/evomaster/evomaster-config/runtime-logs/classes/ts-admin-user-service/admin/EvoMaster_Test_faults/compile_stdout.log,/home/azureuser/train-ticket-aitest/evomaster/evomaster-config/runtime-logs/classes/ts-admin-user-service/admin/EvoMaster_Test_faults/compile_stderr.log,True,True,0,,0,False,6.02,5.25,164.64,Test passed (detected via Surefire XML),/home/azureuser/train-ticket-aitest/evomaster/evomaster-config/runtime-logs/methods/ts-admin-user-service/admin/EvoMaster_Test_faults/test_2_putOnUsersReturnsMismatchResponseWithSchema,/home/azureuser/train-ticket-aitest/evomaster/evomaster-config/runtime-logs/methods/ts-admin-user-service/admin/EvoMaster_Test_faults/test_2_putOnUsersReturnsMismatchResponseWithSchema/run.log,/home/azureuser/train-ticket-aitest/evomaster/evomaster-config/runtime-logs/methods/ts-admin-user-service/admin/EvoMaster_Test_faults/test_2_putOnUsersReturnsMismatchResponseWithSchema/run_stdout.log,/home/azureuser/train-ticket-aitest/evomaster/evomaster-config/runtime-logs/methods/ts-admin-user-service/admin/EvoMaster_Test_faults/test_2_putOnUsersReturnsMismatchResponseWithSchema/run_stderr.log
ts-admin-user-service,none,EvoMaster_Test_faults.java,EvoMaster_Test_faults,test_0_putOnUsersShowsFaults_100_101,False,1,500,/api/v1/adminuserservice/users,PUT,500,.statusCode(500) .assertThat(),6,".put(baseUrlOfSut + ""/api/v1/adminuserservice/users"")",".body("" { "" + 
                    "" \""userId\"": \""JG9OiPMYq\"", "" + 
                    "" \""password\"": \""2U44Ys34fRR\"", "" + 
                    "" \""gender\"": 855 "" + 
                    "" } "")",,faults,/home/azureuser/train-ticket-aitest/evomaster/generated-tests/blackbox/ts-admin-user-service/none/EvoMaster_Test_faults.java,21,6,True,0,,0,0,,100.0,0,0,0,0,0,0,False,,/home/azureuser/train-ticket-aitest/evomaster/evomaster-config/runtime-logs/classes/ts-admin-user-service/none/EvoMaster_Test_faults,/home/azureuser/train-ticket-aitest/evomaster/evomaster-config/runtime-logs/classes/ts-admin-user-service/none/EvoMaster_Test_faults/compile.log,/home/azureuser/train-ticket-aitest/evomaster/evomaster-config/runtime-logs/classes/ts-admin-user-service/none/EvoMaster_Test_faults/compile_stdout.log,/home/azureuser/train-ticket-aitest/evomaster/evomaster-config/runtime-logs/classes/ts-admin-user-service/none/EvoMaster_Test_faults/compile_stderr.log,False,True,1,java.lang.AssertionError;test_failure,1,False,6.01,5.44,152.64,"Tests run: 1, Failures: 1, Errors: 0, Skipped: 0",/home/azureuser/train-ticket-aitest/evomaster/evomaster-config/runtime-logs/methods/ts-admin-user-service/none/EvoMaster_Test_faults/test_0_putOnUsersShowsFaults_100_101,/home/azureuser/train-ticket-aitest/evomaster/evomaster-config/runtime-logs/methods/ts-admin-user-service/none/EvoMaster_Test_faults/test_0_putOnUsersShowsFaults_100_101/run.log,/home/azureuser/train-ticket-aitest/evomaster/evomaster-config/runtime-logs/methods/ts-admin-user-service/none/EvoMaster_Test_faults/test_0_putOnUsersShowsFaults_100_101/run_stdout.log,/home/azureuser/train-ticket-aitest/evomaster/evomaster-config/runtime-logs/methods/ts-admin-user-service/none/EvoMaster_Test_faults/test_0_putOnUsersShowsFaults_100_101/run_stderr.log
ts-admin-user-service,user,EvoMaster_Test_faults.java,EvoMaster_Test_faults,test_0_putOnUsersShowsFaults_100_101,False,1,500,/api/v1/adminuserservice/users,PUT,500,.statusCode(500) .assertThat(),6,".put(baseUrlOfSut + ""/api/v1/adminuserservice/users"")",".body("" { "" + 
                    "" \""userName\"": \""DHESUR0NaxCqq\"", "" + 
                    "" \""gender\"": 200, "" + 
                    "" \""documentType\"": 877 "" + 
                    "" } "")",,faults,/home/azureuser/train-ticket-aitest/evomaster/generated-tests/blackbox/ts-admin-user-service/user/EvoMaster_Test_faults.java,21,6,True,0,,0,0,,100.0,0,0,0,0,0,0,False,,/home/azureuser/train-ticket-aitest/evomaster/evomaster-config/runtime-logs/classes/ts-admin-user-service/user/EvoMaster_Test_faults,/home/azureuser/train-ticket-aitest/evomaster/evomaster-config/runtime-logs/classes/ts-admin-user-service/user/EvoMaster_Test_faults/compile.log,/home/azureuser/train-ticket-aitest/evomaster/evomaster-config/runtime-logs/classes/ts-admin-user-service/user/EvoMaster_Test_faults/compile_stdout.log,/home/azureuser/train-ticket-aitest/evomaster/evomaster-config/runtime-logs/classes/ts-admin-user-service/user/EvoMaster_Test_faults/compile_stderr.log,False,True,1,java.lang.AssertionError;test_failure,1,False,6.52,5.48,158.54,"Tests run: 1, Failures: 1, Errors: 0, Skipped: 0",/home/azureuser/train-ticket-aitest/evomaster/evomaster-config/runtime-logs/methods/ts-admin-user-service/user/EvoMaster_Test_faults/test_0_putOnUsersShowsFaults_100_101,/home/azureuser/train-ticket-aitest/evomaster/evomaster-config/runtime-logs/methods/ts-admin-user-service/user/EvoMaster_Test_faults/test_0_putOnUsersShowsFaults_100_101/run.log,/home/azureuser/train-ticket-aitest/evomaster/evomaster-config/runtime-logs/methods/ts-admin-user-service/user/EvoMaster_Test_faults/test_0_putOnUsersShowsFaults_100_101/run_stdout.log,/home/azureuser/train-ticket-aitest/evomaster/evomaster-config/runtime-logs/methods/ts-admin-user-service/user/EvoMaster_Test_faults/test_0_putOnUsersShowsFaults_100_101/run_stderr.log
ts-admin-user-service,user,EvoMaster_Test_faults.java,EvoMaster_Test_faults,test_1_putOnUsersReturnsMismatchResponseWithSchema,False,1,403,/api/v1/adminuserservice/users,PUT,403,.statusCode(403) .assertThat(),2,".put(baseUrlOfSut + ""/api/v1/adminuserservice/users"")",".body("" { "" + 
                    "" \""userName\"": \""7YoBAx\"", "" + 
                    "" \""documentNum\"": \""2UHVmhRVQM\"", "" + 
                    "" \""email\"": \""\"" "" + 
                    "" } "")",".header(""Authorization"", ""Bearer eyJhbGciOiJIUzI1NiJ9.eyJzdWIiOiJmZHNlX21pY3Jvc2VydmljZSIsInJvbGVzIjpbIlJPTEVfVVNFUiJdLCJpZCI6IjRkMmE0NmM3LTcxY2ItNGNmMS1iNWJiLWI2ODQwNmQ5ZGE2ZiIsImlhdCI6MTc2NjAzMTA5OCwiZXhwIjoxNzY2MDM0Njk4fQ.kRvCnW8csFMxSy1nMJu3nLpAX4kVcHSL2XCLIG8eAig"")",faults,/home/azureuser/train-ticket-aitest/evomaster/generated-tests/blackbox/ts-admin-user-service/user/EvoMaster_Test_faults.java,21,6,True,0,,0,0,,100.0,0,0,0,0,0,0,False,,/home/azureuser/train-ticket-aitest/evomaster/evomaster-config/runtime-logs/classes/ts-admin-user-service/user/EvoMaster_Test_faults,/home/azureuser/train-ticket-aitest/evomaster/evomaster-config/runtime-logs/classes/ts-admin-user-service/user/EvoMaster_Test_faults/compile.log,/home/azureuser/train-ticket-aitest/evomaster/evomaster-config/runtime-logs/classes/ts-admin-user-service/user/EvoMaster_Test_faults/compile_stdout.log,/home/azureuser/train-ticket-aitest/evomaster/evomaster-config/runtime-logs/classes/ts-admin-user-service/user/EvoMaster_Test_faults/compile_stderr.log,True,True,0,,0,False,6.51,5.47,158.17,Test passed (detected via Surefire XML),/home/azureuser/train-ticket-aitest/evomaster/evomaster-config/runtime-logs/methods/ts-admin-user-service/user/EvoMaster_Test_faults/test_1_putOnUsersReturnsMismatchResponseWithSchema,/home/azureuser/train-ticket-aitest/evomaster/evomaster-config/runtime-logs/methods/ts-admin-user-service/user/EvoMaster_Test_faults/test_1_putOnUsersReturnsMismatchResponseWithSchema/run.log,/home/azureuser/train-ticket-aitest/evomaster/evomaster-config/runtime-logs/methods/ts-admin-user-service/user/EvoMaster_Test_faults/test_1_putOnUsersReturnsMismatchResponseWithSchema/run_stdout.log,/home/azureuser/train-ticket-aitest/evomaster/evomaster-config/runtime-logs/methods/ts-admin-user-service/user/EvoMaster_Test_faults/test_1_putOnUsersReturnsMismatchResponseWithSchema/run_stderr.log
ts-assurance-service,admin,EvoMaster_Test_faults.java,EvoMaster_Test_faults,test_0_patchOnAssurReturnsMismatchResponseWithSchema,False,1,503,/api/v1/assuranceservice/assurances/{assuranceId}/{orderId}/{typeIndex},PATCH,503,.statusCode(503) .assertThat(),6,".patch(baseUrlOfSut + ""/api/v1/assuranceservice/assurances/8IE4/X6xEEje9e0TP5HKk/325"")",,".header(""Authorization"", ""Bearer eyJhbGciOiJIUzI1NiJ9.eyJzdWIiOiJhZG1pbiIsInJvbGVzIjpbIlJPTEVfQURNSU4iXSwiaWQiOiIyZmIyYjZhZS1lMWQ2LTQ2NTUtYTYwZC1lMjcxNzU2ZmQ0YWEiLCJpYXQiOjE3NjYwMzA0OTgsImV4cCI6MTc2NjAzNDA5OH0.ac1DWhh3hn4EdQM4IIBRbvobq2ztySlmqzREr58PU3s"")",faults,/home/azureuser/train-ticket-aitest/evomaster/generated-tests/blackbox/ts-assurance-service/admin/EvoMaster_Test_faults.java,21,6,True,0,,0,0,,100.0,0,0,0,0,0,0,False,,/home/azureuser/train-ticket-aitest/evomaster/evomaster-config/runtime-logs/classes/ts-assurance-service/admin/EvoMaster_Test_faults,/home/azureuser/train-ticket-aitest/evomaster/evomaster-config/runtime-logs/classes/ts-assurance-service/admin/EvoMaster_Test_faults/compile.log,/home/azureuser/train-ticket-aitest/evomaster/evomaster-config/runtime-logs/classes/ts-assurance-service/admin/EvoMaster_Test_faults/compile_stdout.log,/home/azureuser/train-ticket-aitest/evomaster/evomaster-config/runtime-logs/classes/ts-assurance-service/admin/EvoMaster_Test_faults/compile_stderr.log,False,True,1,java.lang.AssertionError;test_failure,1,False,7.52,5.58,166.98,"Tests run: 1, Failures: 1, Errors: 0, Skipped: 0",/home/azureuser/train-ticket-aitest/evomaster/evomaster-config/runtime-logs/methods/ts-assurance-service/admin/EvoMaster_Test_faults/test_0_patchOnAssurReturnsMismatchResponseWithSchema,/home/azureuser/train-ticket-aitest/evomaster/evomaster-config/runtime-logs/methods/ts-assurance-service/admin/EvoMaster_Test_faults/test_0_patchOnAssurReturnsMismatchResponseWithSchema/run.log,/home/azureuser/train-ticket-aitest/evomaster/evomaster-config/runtime-logs/methods/ts-assurance-service/admin/EvoMaster_Test_faults/test_0_patchOnAssurReturnsMismatchResponseWithSchema/run_stdout.log,/home/azureuser/train-ticket-aitest/evomaster/evomaster-config/runtime-logs/methods/ts-assurance-service/admin/EvoMaster_Test_faults/test_0_patchOnAssurReturnsMismatchResponseWithSchema/run_stderr.log
ts-assurance-service,admin,EvoMaster_Test_faults.java,EvoMaster_Test_faults,test_1_patchOnAssurReturnsMismatchResponseWithSchema,False,1,503,/api/v1/assuranceservice/assurances/{assuranceId}/{orderId}/{typeIndex},PATCH,503,.statusCode(503) .assertThat(),6,".patch(baseUrlOfSut + ""/api/v1/assuranceservice/assurances/nl/kc0_8I2cvmL7j8D_/-1975232333"")",,".header(""Authorization"", ""Bearer eyJhbGciOiJIUzI1NiJ9.eyJzdWIiOiJhZG1pbiIsInJvbGVzIjpbIlJPTEVfQURNSU4iXSwiaWQiOiIyZmIyYjZhZS1lMWQ2LTQ2NTUtYTYwZC1lMjcxNzU2ZmQ0YWEiLCJpYXQiOjE3NjYwMzA0OTgsImV4cCI6MTc2NjAzNDA5OH0.ac1DWhh3hn4EdQM4IIBRbvobq2ztySlmqzREr58PU3s"")",faults,/home/azureuser/train-ticket-aitest/evomaster/generated-tests/blackbox/ts-assurance-service/admin/EvoMaster_Test_faults.java,21,6,True,0,,0,0,,100.0,0,0,0,0,0,0,False,,/home/azureuser/train-ticket-aitest/evomaster/evomaster-config/runtime-logs/classes/ts-assurance-service/admin/EvoMaster_Test_faults,/home/azureuser/train-ticket-aitest/evomaster/evomaster-config/runtime-logs/classes/ts-assurance-service/admin/EvoMaster_Test_faults/compile.log,/home/azureuser/train-ticket-aitest/evomaster/evomaster-config/runtime-logs/classes/ts-assurance-service/admin/EvoMaster_Test_faults/compile_stdout.log,/home/azureuser/train-ticket-aitest/evomaster/evomaster-config/runtime-logs/classes/ts-assurance-service/admin/EvoMaster_Test_faults/compile_stderr.log,False,True,1,java.lang.AssertionError;test_failure,1,False,7.52,5.79,153.61,"Tests run: 1, Failures: 1, Errors: 0, Skipped: 0",/home/azureuser/train-ticket-aitest/evomaster/evomaster-config/runtime-logs/methods/ts-assurance-service/admin/EvoMaster_Test_faults/test_1_patchOnAssurReturnsMismatchResponseWithSchema,/home/azureuser/train-ticket-aitest/evomaster/evomaster-config/runtime-logs/methods/ts-assurance-service/admin/EvoMaster_Test_faults/test_1_patchOnAssurReturnsMismatchResponseWithSchema/run.log,/home/azureuser/train-ticket-aitest/evomaster/evomaster-config/runtime-logs/methods/ts-assurance-service/admin/EvoMaster_Test_faults/test_1_patchOnAssurReturnsMismatchResponseWithSchema/run_stdout.log,/home/azureuser/train-ticket-aitest/evomaster/evomaster-config/runtime-logs/methods/ts-assurance-service/admin/EvoMaster_Test_faults/test_1_patchOnAssurReturnsMismatchResponseWithSchema/run_stderr.log
ts-assurance-service,none,EvoMaster_Test_faults.java,EvoMaster_Test_faults,test_0_patchOnAssurReturnsMismatchResponseWithSchema,False,1,503,/api/v1/assuranceservice/assurances/{assuranceId}/{orderId}/{typeIndex},PATCH,503,.statusCode(503) .assertThat(),6,".patch(baseUrlOfSut + ""/api/v1/assuranceservice/assurances/cCiIZU1tSzw4sC/PWw67d/90"")",,,faults,/home/azureuser/train-ticket-aitest/evomaster/generated-tests/blackbox/ts-assurance-service/none/EvoMaster_Test_faults.java,21,6,True,0,,0,0,,100.0,0,0,0,0,0,0,False,,/home/azureuser/train-ticket-aitest/evomaster/evomaster-config/runtime-logs/classes/ts-assurance-service/none/EvoMaster_Test_faults,/home/azureuser/train-ticket-aitest/evomaster/evomaster-config/runtime-logs/classes/ts-assurance-service/none/EvoMaster_Test_faults/compile.log,/home/azureuser/train-ticket-aitest/evomaster/evomaster-config/runtime-logs/classes/ts-assurance-service/none/EvoMaster_Test_faults/compile_stdout.log,/home/azureuser/train-ticket-aitest/evomaster/evomaster-config/runtime-logs/classes/ts-assurance-service/none/EvoMaster_Test_faults/compile_stderr.log,False,True,1,java.lang.AssertionError;test_failure,1,False,7.02,5.34,154.21,"Tests run: 1, Failures: 1, Errors: 0, Skipped: 0",/home/azureuser/train-ticket-aitest/evomaster/evomaster-config/runtime-logs/methods/ts-assurance-service/none/EvoMaster_Test_faults/test_0_patchOnAssurReturnsMismatchResponseWithSchema,/home/azureuser/train-ticket-aitest/evomaster/evomaster-config/runtime-logs/methods/ts-assurance-service/none/EvoMaster_Test_faults/test_0_patchOnAssurReturnsMismatchResponseWithSchema/run.log,/home/azureuser/train-ticket-aitest/evomaster/evomaster-config/runtime-logs/methods/ts-assurance-service/none/EvoMaster_Test_faults/test_0_patchOnAssurReturnsMismatchResponseWithSchema/run_stdout.log,/home/azureuser/train-ticket-aitest/evomaster/evomaster-config/runtime-logs/methods/ts-assurance-service/none/EvoMaster_Test_faults/test_0_patchOnAssurReturnsMismatchResponseWithSchema/run_stderr.log
ts-assurance-service,none,EvoMaster_Test_faults.java,EvoMaster_Test_faults,test_1_patchOnAssurReturnsMismatchResponseWithSchema,False,1,503,/api/v1/assuranceservice/assurances/{assuranceId}/{orderId}/{typeIndex},PATCH,503,.statusCode(503) .assertThat(),6,".patch(baseUrlOfSut + ""/api/v1/assuranceservice/assurances/7bSeeVhWG4Ib/ihbavMxzZ/-1996903597"")",,,faults,/home/azureuser/train-ticket-aitest/evomaster/generated-tests/blackbox/ts-assurance-service/none/EvoMaster_Test_faults.java,21,6,True,0,,0,0,,100.0,0,0,0,0,0,0,False,,/home/azureuser/train-ticket-aitest/evomaster/evomaster-config/runtime-logs/classes/ts-assurance-service/none/EvoMaster_Test_faults,/home/azureuser/train-ticket-aitest/evomaster/evomaster-config/runtime-logs/classes/ts-assurance-service/none/EvoMaster_Test_faults/compile.log,/home/azureuser/train-ticket-aitest/evomaster/evomaster-config/runtime-logs/classes/ts-assurance-service/none/EvoMaster_Test_faults/compile_stdout.log,/home/azureuser/train-ticket-aitest/evomaster/evomaster-config/runtime-logs/classes/ts-assurance-service/none/EvoMaster_Test_faults/compile_stderr.log,False,True,1,java.lang.AssertionError;test_failure,1,False,7.01,5.47,159.52,"Tests run: 1, Failures: 1, Errors: 0, Skipped: 0",/home/azureuser/train-ticket-aitest/evomaster/evomaster-config/runtime-logs/methods/ts-assurance-service/none/EvoMaster_Test_faults/test_1_patchOnAssurReturnsMismatchResponseWithSchema,/home/azureuser/train-ticket-aitest/evomaster/evomaster-config/runtime-logs/methods/ts-assurance-service/none/EvoMaster_Test_faults/test_1_patchOnAssurReturnsMismatchResponseWithSchema/run.log,/home/azureuser/train-ticket-aitest/evomaster/evomaster-config/runtime-logs/methods/ts-assurance-service/none/EvoMaster_Test_faults/test_1_patchOnAssurReturnsMismatchResponseWithSchema/run_stdout.log,/home/azureuser/train-ticket-aitest/evomaster/evomaster-config/runtime-logs/methods/ts-assurance-service/none/EvoMaster_Test_faults/test_1_patchOnAssurReturnsMismatchResponseWithSchema/run_stderr.log
ts-assurance-service,user,EvoMaster_Test_faults.java,EvoMaster_Test_faults,test_0_patchOnAssurReturnsMismatchResponseWithSchema,False,1,503,/api/v1/assuranceservice/assurances/{assuranceId}/{orderId}/{typeIndex},PATCH,503,.statusCode(503) .assertThat(),6,".patch(baseUrlOfSut + ""/api/v1/assuranceservice/assurances/8UpMIBc03pP/4fxNwj/69609292"")",,".header(""Authorization"", ""Bearer eyJhbGciOiJIUzI1NiJ9.eyJzdWIiOiJmZHNlX21pY3Jvc2VydmljZSIsInJvbGVzIjpbIlJPTEVfVVNFUiJdLCJpZCI6IjRkMmE0NmM3LTcxY2ItNGNmMS1iNWJiLWI2ODQwNmQ5ZGE2ZiIsImlhdCI6MTc2NjAzMTE2NywiZXhwIjoxNzY2MDM0NzY3fQ.TulXSZmaiHl5zU-BGGKsV5dpM21YovR6pzCd047zVts"")",faults,/home/azureuser/train-ticket-aitest/evomaster/generated-tests/blackbox/ts-assurance-service/user/EvoMaster_Test_faults.java,21,6,True,0,,0,0,,100.0,0,0,0,0,0,0,False,,/home/azureuser/train-ticket-aitest/evomaster/evomaster-config/runtime-logs/classes/ts-assurance-service/user/EvoMaster_Test_faults,/home/azureuser/train-ticket-aitest/evomaster/evomaster-config/runtime-logs/classes/ts-assurance-service/user/EvoMaster_Test_faults/compile.log,/home/azureuser/train-ticket-aitest/evomaster/evomaster-config/runtime-logs/classes/ts-assurance-service/user/EvoMaster_Test_faults/compile_stdout.log,/home/azureuser/train-ticket-aitest/evomaster/evomaster-config/runtime-logs/classes/ts-assurance-service/user/EvoMaster_Test_faults/compile_stderr.log,False,True,1,java.lang.AssertionError;test_failure,1,False,7.53,6.01,167.45,"Tests run: 1, Failures: 1, Errors: 0, Skipped: 0",/home/azureuser/train-ticket-aitest/evomaster/evomaster-config/runtime-logs/methods/ts-assurance-service/user/EvoMaster_Test_faults/test_0_patchOnAssurReturnsMismatchResponseWithSchema,/home/azureuser/train-ticket-aitest/evomaster/evomaster-config/runtime-logs/methods/ts-assurance-service/user/EvoMaster_Test_faults/test_0_patchOnAssurReturnsMismatchResponseWithSchema/run.log,/home/azureuser/train-ticket-aitest/evomaster/evomaster-config/runtime-logs/methods/ts-assurance-service/user/EvoMaster_Test_faults/test_0_patchOnAssurReturnsMismatchResponseWithSchema/run_stdout.log,/home/azureuser/train-ticket-aitest/evomaster/evomaster-config/runtime-logs/methods/ts-assurance-service/user/EvoMaster_Test_faults/test_0_patchOnAssurReturnsMismatchResponseWithSchema/run_stderr.log
ts-cancel-service,admin,EvoMaster_Test_faults.java,EvoMaster_Test_faults,test_0_getOnCancelShowsFaults_100_101,False,1,500,/api/v1/cancelservice/cancel/{orderId}/{loginId},GET,500,.statusCode(500) .assertThat(),6,".get(baseUrlOfSut + ""/api/v1/cancelservice/cancel/mZ1cqW4x/Kn8PsPRx"")",,".header(""Authorization"", ""Bearer eyJhbGciOiJIUzI1NiJ9.eyJzdWIiOiJhZG1pbiIsInJvbGVzIjpbIlJPTEVfQURNSU4iXSwiaWQiOiIyZmIyYjZhZS1lMWQ2LTQ2NTUtYTYwZC1lMjcxNzU2ZmQ0YWEiLCJpYXQiOjE3NjYwMzAwODQsImV4cCI6MTc2NjAzMzY4NH0.MaQlLZDOmTdZ3VoWNU_iM0GhY0SepXVNKwLm9jDbxfo"")",faults,/home/azureuser/train-ticket-aitest/evomaster/generated-tests/blackbox/ts-cancel-service/admin/EvoMaster_Test_faults.java,21,6,True,0,,0,0,,100.0,0,0,0,0,0,0,False,,/home/azureuser/train-ticket-aitest/evomaster/evomaster-config/runtime-logs/classes/ts-cancel-service/admin/EvoMaster_Test_faults,/home/azureuser/train-ticket-aitest/evomaster/evomaster-config/runtime-logs/classes/ts-cancel-service/admin/EvoMaster_Test_faults/compile.log,/home/azureuser/train-ticket-aitest/evomaster/evomaster-config/runtime-logs/classes/ts-cancel-service/admin/EvoMaster_Test_faults/compile_stdout.log,/home/azureuser/train-ticket-aitest/evomaster/evomaster-config/runtime-logs/classes/ts-cancel-service/admin/EvoMaster_Test_faults/compile_stderr.log,False,True,1,java.lang.AssertionError;test_failure,1,False,7.03,5.95,167.08,"Tests run: 1, Failures: 1, Errors: 0, Skipped: 0",/home/azureuser/train-ticket-aitest/evomaster/evomaster-config/runtime-logs/methods/ts-cancel-service/admin/EvoMaster_Test_faults/test_0_getOnCancelShowsFaults_100_101,/home/azureuser/train-ticket-aitest/evomaster/evomaster-config/runtime-logs/methods/ts-cancel-service/admin/EvoMaster_Test_faults/test_0_getOnCancelShowsFaults_100_101/run.log,/home/azureuser/train-ticket-aitest/evomaster/evomaster-config/runtime-logs/methods/ts-cancel-service/admin/EvoMaster_Test_faults/test_0_getOnCancelShowsFaults_100_101/run_stdout.log,/home/azureuser/train-ticket-aitest/evomaster/evomaster-config/runtime-logs/methods/ts-cancel-service/admin/EvoMaster_Test_faults/test_0_getOnCancelShowsFaults_100_101/run_stderr.log
ts-cancel-service,admin,EvoMaster_Test_faults.java,EvoMaster_Test_faults,test_1_getOnCancelReturnsMismatchResponseWithSchema,False,1,200,/api/v1/cancelservice/cancel/{orderId}/{loginId},GET,200,.statusCode(200) .assertThat(),5,".get(baseUrlOfSut + ""/api/v1/cancelservice/cancel/Mz/gVwEuWMS"")",,".header(""Authorization"", ""Bearer eyJhbGciOiJIUzI1NiJ9.eyJzdWIiOiJhZG1pbiIsInJvbGVzIjpbIlJPTEVfQURNSU4iXSwiaWQiOiIyZmIyYjZhZS1lMWQ2LTQ2NTUtYTYwZC1lMjcxNzU2ZmQ0YWEiLCJpYXQiOjE3NjYwMzAwODQsImV4cCI6MTc2NjAzMzY4NH0.MaQlLZDOmTdZ3VoWNU_iM0GhY0SepXVNKwLm9jDbxfo"")",faults,/home/azureuser/train-ticket-aitest/evomaster/generated-tests/blackbox/ts-cancel-service/admin/EvoMaster_Test_faults.java,21,6,True,0,,0,0,,100.0,0,0,0,0,0,0,False,,/home/azureuser/train-ticket-aitest/evomaster/evomaster-config/runtime-logs/classes/ts-cancel-service/admin/EvoMaster_Test_faults,/home/azureuser/train-ticket-aitest/evomaster/evomaster-config/runtime-logs/classes/ts-cancel-service/admin/EvoMaster_Test_faults/compile.log,/home/azureuser/train-ticket-aitest/evomaster/evomaster-config/runtime-logs/classes/ts-cancel-service/admin/EvoMaster_Test_faults/compile_stdout.log,/home/azureuser/train-ticket-aitest/evomaster/evomaster-config/runtime-logs/classes/ts-cancel-service/admin/EvoMaster_Test_faults/compile_stderr.log,False,True,1,java.lang.AssertionError;test_failure,1,False,6.53,5.52,151.59,"Tests run: 1, Failures: 1, Errors: 0, Skipped: 0",/home/azureuser/train-ticket-aitest/evomaster/evomaster-config/runtime-logs/methods/ts-cancel-service/admin/EvoMaster_Test_faults/test_1_getOnCancelReturnsMismatchResponseWithSchema,/home/azureuser/train-ticket-aitest/evomaster/evomaster-config/runtime-logs/methods/ts-cancel-service/admin/EvoMaster_Test_faults/test_1_getOnCancelReturnsMismatchResponseWithSchema/run.log,/home/azureuser/train-ticket-aitest/evomaster/evomaster-config/runtime-logs/methods/ts-cancel-service/admin/EvoMaster_Test_faults/test_1_getOnCancelReturnsMismatchResponseWithSchema/run_stdout.log,/home/azureuser/train-ticket-aitest/evomaster/evomaster-config/runtime-logs/methods/ts-cancel-service/admin/EvoMaster_Test_faults/test_1_getOnCancelReturnsMismatchResponseWithSchema/run_stderr.log
ts-cancel-service,none,EvoMaster_Test_faults.java,EvoMaster_Test_faults,test_0_getOnCancelShowsFaults_100_101,False,1,500,/api/v1/cancelservice/cancel/{orderId}/{loginId},GET,500,.statusCode(500) .assertThat(),6,".get(baseUrlOfSut + ""/api/v1/cancelservice/cancel/FQUS_1_k/Dz5RpQsMV09Eeam"")",,,faults,/home/azureuser/train-ticket-aitest/evomaster/generated-tests/blackbox/ts-cancel-service/none/EvoMaster_Test_faults.java,21,6,True,0,,0,0,,100.0,0,0,0,0,0,0,False,,/home/azureuser/train-ticket-aitest/evomaster/evomaster-config/runtime-logs/classes/ts-cancel-service/none/EvoMaster_Test_faults,/home/azureuser/train-ticket-aitest/evomaster/evomaster-config/runtime-logs/classes/ts-cancel-service/none/EvoMaster_Test_faults/compile.log,/home/azureuser/train-ticket-aitest/evomaster/evomaster-config/runtime-logs/classes/ts-cancel-service/none/EvoMaster_Test_faults/compile_stdout.log,/home/azureuser/train-ticket-aitest/evomaster/evomaster-config/runtime-logs/classes/ts-cancel-service/none/EvoMaster_Test_faults/compile_stderr.log,False,True,1,java.lang.AssertionError;test_failure,1,False,7.05,5.95,157.78,"Tests run: 1, Failures: 1, Errors: 0, Skipped: 0",/home/azureuser/train-ticket-aitest/evomaster/evomaster-config/runtime-logs/methods/ts-cancel-service/none/EvoMaster_Test_faults/test_0_getOnCancelShowsFaults_100_101,/home/azureuser/train-ticket-aitest/evomaster/evomaster-config/runtime-logs/methods/ts-cancel-service/none/EvoMaster_Test_faults/test_0_getOnCancelShowsFaults_100_101/run.log,/home/azureuser/train-ticket-aitest/evomaster/evomaster-config/runtime-logs/methods/ts-cancel-service/none/EvoMaster_Test_faults/test_0_getOnCancelShowsFaults_100_101/run_stdout.log,/home/azureuser/train-ticket-aitest/evomaster/evomaster-config/runtime-logs/methods/ts-cancel-service/none/EvoMaster_Test_faults/test_0_getOnCancelShowsFaults_100_101/run_stderr.log
ts-cancel-service,user,EvoMaster_Test_faults.java,EvoMaster_Test_faults,test_0_getOnCancelShowsFaults_100_101,False,1,500,/api/v1/cancelservice/cancel/{orderId}/{loginId},GET,500,.statusCode(500) .assertThat(),6,".get(baseUrlOfSut + ""/api/v1/cancelservice/cancel/bwAb/x"")",,".header(""Authorization"", ""Bearer eyJhbGciOiJIUzI1NiJ9.eyJzdWIiOiJmZHNlX21pY3Jvc2VydmljZSIsInJvbGVzIjpbIlJPTEVfVVNFUiJdLCJpZCI6IjRkMmE0NmM3LTcxY2ItNGNmMS1iNWJiLWI2ODQwNmQ5ZGE2ZiIsImlhdCI6MTc2NjAzMDc0MiwiZXhwIjoxNzY2MDM0MzQyfQ.pTv0XqnQfQPO9WlmWQMbQVDLub1uLM-HrAEzpXSij5A"")",faults,/home/azureuser/train-ticket-aitest/evomaster/generated-tests/blackbox/ts-cancel-service/user/EvoMaster_Test_faults.java,21,6,True,0,,0,0,,100.0,0,0,0,0,0,0,False,,/home/azureuser/train-ticket-aitest/evomaster/evomaster-config/runtime-logs/classes/ts-cancel-service/user/EvoMaster_Test_faults,/home/azureuser/train-ticket-aitest/evomaster/evomaster-config/runtime-logs/classes/ts-cancel-service/user/EvoMaster_Test_faults/compile.log,/home/azureuser/train-ticket-aitest/evomaster/evomaster-config/runtime-logs/classes/ts-cancel-service/user/EvoMaster_Test_faults/compile_stdout.log,/home/azureuser/train-ticket-aitest/evomaster/evomaster-config/runtime-logs/classes/ts-cancel-service/user/EvoMaster_Test_faults/compile_stderr.log,False,True,1,java.lang.AssertionError;test_failure,1,False,6.51,5.85,164.49,"Tests run: 1, Failures: 1, Errors: 0, Skipped: 0",/home/azureuser/train-ticket-aitest/evomaster/evomaster-config/runtime-logs/methods/ts-cancel-service/user/EvoMaster_Test_faults/test_0_getOnCancelShowsFaults_100_101,/home/azureuser/train-ticket-aitest/evomaster/evomaster-config/runtime-logs/methods/ts-cancel-service/user/EvoMaster_Test_faults/test_0_getOnCancelShowsFaults_100_101/run.log,/home/azureuser/train-ticket-aitest/evomaster/evomaster-config/runtime-logs/methods/ts-cancel-service/user/EvoMaster_Test_faults/test_0_getOnCancelShowsFaults_100_101/run_stdout.log,/home/azureuser/train-ticket-aitest/evomaster/evomaster-config/runtime-logs/methods/ts-cancel-service/user/EvoMaster_Test_faults/test_0_getOnCancelShowsFaults_100_101/run_stderr.log
ts-cancel-service,user,EvoMaster_Test_faults.java,EvoMaster_Test_faults,test_1_getOnCancelReturnsMismatchResponseWithSchema,False,1,200,/api/v1/cancelservice/cancel/{orderId}/{loginId},GET,200,.statusCode(200) .assertThat(),5,".get(baseUrlOfSut + ""/api/v1/cancelservice/cancel/t5x2r0h4GXRVJ/eXhXy"")",,".header(""Authorization"", ""Bearer eyJhbGciOiJIUzI1NiJ9.eyJzdWIiOiJmZHNlX21pY3Jvc2VydmljZSIsInJvbGVzIjpbIlJPTEVfVVNFUiJdLCJpZCI6IjRkMmE0NmM3LTcxY2ItNGNmMS1iNWJiLWI2ODQwNmQ5ZGE2ZiIsImlhdCI6MTc2NjAzMDc0MiwiZXhwIjoxNzY2MDM0MzQyfQ.pTv0XqnQfQPO9WlmWQMbQVDLub1uLM-HrAEzpXSij5A"")",faults,/home/azureuser/train-ticket-aitest/evomaster/generated-tests/blackbox/ts-cancel-service/user/EvoMaster_Test_faults.java,21,6,True,0,,0,0,,100.0,0,0,0,0,0,0,False,,/home/azureuser/train-ticket-aitest/evomaster/evomaster-config/runtime-logs/classes/ts-cancel-service/user/EvoMaster_Test_faults,/home/azureuser/train-ticket-aitest/evomaster/evomaster-config/runtime-logs/classes/ts-cancel-service/user/EvoMaster_Test_faults/compile.log,/home/azureuser/train-ticket-aitest/evomaster/evomaster-config/runtime-logs/classes/ts-cancel-service/user/EvoMaster_Test_faults/compile_stdout.log,/home/azureuser/train-ticket-aitest/evomaster/evomaster-config/runtime-logs/classes/ts-cancel-service/user/EvoMaster_Test_faults/compile_stderr.log,False,True,1,java.lang.AssertionError;test_failure,1,False,6.51,5.31,155.1,"Tests run: 1, Failures: 1, Errors: 0, Skipped: 0",/home/azureuser/train-ticket-aitest/evomaster/evomaster-config/runtime-logs/methods/ts-cancel-service/user/EvoMaster_Test_faults/test_1_getOnCancelReturnsMismatchResponseWithSchema,/home/azureuser/train-ticket-aitest/evomaster/evomaster-config/runtime-logs/methods/ts-cancel-service/user/EvoMaster_Test_faults/test_1_getOnCancelReturnsMismatchResponseWithSchema/run.log,/home/azureuser/train-ticket-aitest/evomaster/evomaster-config/runtime-logs/methods/ts-cancel-service/user/EvoMaster_Test_faults/test_1_getOnCancelReturnsMismatchResponseWithSchema/run_stdout.log,/home/azureuser/train-ticket-aitest/evomaster/evomaster-config/runtime-logs/methods/ts-cancel-service/user/EvoMaster_Test_faults/test_1_getOnCancelReturnsMismatchResponseWithSchema/run_stderr.log
ts-contacts-service,admin,EvoMaster_Test_faults.java,EvoMaster_Test_faults,test_0_getOnContactsShowsFaults_100_101,False,1,500,/api/v1/contactservice/contacts,GET,500,.statusCode(500) .assertThat(),6,".get(baseUrlOfSut + ""/api/v1/contactservice/contacts"")",,,faults,/home/azureuser/train-ticket-aitest/evomaster/generated-tests/blackbox/ts-contacts-service/admin/EvoMaster_Test_faults.java,21,6,True,0,,0,0,,100.0,0,0,0,0,0,0,False,,/home/azureuser/train-ticket-aitest/evomaster/evomaster-config/runtime-logs/classes/ts-contacts-service/admin/EvoMaster_Test_faults,/home/azureuser/train-ticket-aitest/evomaster/evomaster-config/runtime-logs/classes/ts-contacts-service/admin/EvoMaster_Test_faults/compile.log,/home/azureuser/train-ticket-aitest/evomaster/evomaster-config/runtime-logs/classes/ts-contacts-service/admin/EvoMaster_Test_faults/compile_stdout.log,/home/azureuser/train-ticket-aitest/evomaster/evomaster-config/runtime-logs/classes/ts-contacts-service/admin/EvoMaster_Test_faults/compile_stderr.log,False,True,1,java.lang.AssertionError;test_failure,1,False,6.54,5.47,156.08,"Tests run: 1, Failures: 1, Errors: 0, Skipped: 0",/home/azureuser/train-ticket-aitest/evomaster/evomaster-config/runtime-logs/methods/ts-contacts-service/admin/EvoMaster_Test_faults/test_0_getOnContactsShowsFaults_100_101,/home/azureuser/train-ticket-aitest/evomaster/evomaster-config/runtime-logs/methods/ts-contacts-service/admin/EvoMaster_Test_faults/test_0_getOnContactsShowsFaults_100_101/run.log,/home/azureuser/train-ticket-aitest/evomaster/evomaster-config/runtime-logs/methods/ts-contacts-service/admin/EvoMaster_Test_faults/test_0_getOnContactsShowsFaults_100_101/run_stdout.log,/home/azureuser/train-ticket-aitest/evomaster/evomaster-config/runtime-logs/methods/ts-contacts-service/admin/EvoMaster_Test_faults/test_0_getOnContactsShowsFaults_100_101/run_stderr.log
ts-contacts-service,admin,EvoMaster_Test_faults.java,EvoMaster_Test_faults,test_1_getOnContactsReturnsMismatchResponseWithSchema,False,1,200,/api/v1/contactservice/contacts,GET,200,.statusCode(200) .assertThat(),20,".get(baseUrlOfSut + ""/api/v1/contactservice/contacts"")",,".header(""Authorization"", ""Bearer eyJhbGciOiJIUzI1NiJ9.eyJzdWIiOiJhZG1pbiIsInJvbGVzIjpbIlJPTEVfQURNSU4iXSwiaWQiOiIyZmIyYjZhZS1lMWQ2LTQ2NTUtYTYwZC1lMjcxNzU2ZmQ0YWEiLCJpYXQiOjE3NjYwMjk5MDksImV4cCI6MTc2NjAzMzUwOX0.M8peeRvmHmjNwUK9-fn_F2Wnv8APghP-89_LouhKWQ8"")",faults,/home/azureuser/train-ticket-aitest/evomaster/generated-tests/blackbox/ts-contacts-service/admin/EvoMaster_Test_faults.java,21,6,True,0,,0,0,,100.0,0,0,0,0,0,0,False,,/home/azureuser/train-ticket-aitest/evomaster/evomaster-config/runtime-logs/classes/ts-contacts-service/admin/EvoMaster_Test_faults,/home/azureuser/train-ticket-aitest/evomaster/evomaster-config/runtime-logs/classes/ts-contacts-service/admin/EvoMaster_Test_faults/compile.log,/home/azureuser/train-ticket-aitest/evomaster/evomaster-config/runtime-logs/classes/ts-contacts-service/admin/EvoMaster_Test_faults/compile_stdout.log,/home/azureuser/train-ticket-aitest/evomaster/evomaster-config/runtime-logs/classes/ts-contacts-service/admin/EvoMaster_Test_faults/compile_stderr.log,False,True,1,java.lang.AssertionError;test_failure,1,False,6.51,5.4,159.25,"Tests run: 1, Failures: 1, Errors: 0, Skipped: 0",/home/azureuser/train-ticket-aitest/evomaster/evomaster-config/runtime-logs/methods/ts-contacts-service/admin/EvoMaster_Test_faults/test_1_getOnContactsReturnsMismatchResponseWithSchema,/home/azureuser/train-ticket-aitest/evomaster/evomaster-config/runtime-logs/methods/ts-contacts-service/admin/EvoMaster_Test_faults/test_1_getOnContactsReturnsMismatchResponseWithSchema/run.log,/home/azureuser/train-ticket-aitest/evomaster/evomaster-config/runtime-logs/methods/ts-contacts-service/admin/EvoMaster_Test_faults/test_1_getOnContactsReturnsMismatchResponseWithSchema/run_stdout.log,/home/azureuser/train-ticket-aitest/evomaster/evomaster-config/runtime-logs/methods/ts-contacts-service/admin/EvoMaster_Test_faults/test_1_getOnContactsReturnsMismatchResponseWithSchema/run_stderr.log
ts-contacts-service,admin,EvoMaster_Test_faults.java,EvoMaster_Test_faults,test_2_deleteOnContactShowsFaults_100_101,False,1,500,/api/v1/contactservice/contacts/{contactsId},DELETE,500,.statusCode(500) .assertThat(),6,".delete(baseUrlOfSut + ""/api/v1/contactservice/contacts/Q"")",,".header(""Authorization"", ""Bearer eyJhbGciOiJIUzI1NiJ9.eyJzdWIiOiJhZG1pbiIsInJvbGVzIjpbIlJPTEVfQURNSU4iXSwiaWQiOiIyZmIyYjZhZS1lMWQ2LTQ2NTUtYTYwZC1lMjcxNzU2ZmQ0YWEiLCJpYXQiOjE3NjYwMjk5MDksImV4cCI6MTc2NjAzMzUwOX0.M8peeRvmHmjNwUK9-fn_F2Wnv8APghP-89_LouhKWQ8"")",faults,/home/azureuser/train-ticket-aitest/evomaster/generated-tests/blackbox/ts-contacts-service/admin/EvoMaster_Test_faults.java,21,6,True,0,,0,0,,100.0,0,0,0,0,0,0,False,,/home/azureuser/train-ticket-aitest/evomaster/evomaster-config/runtime-logs/classes/ts-contacts-service/admin/EvoMaster_Test_faults,/home/azureuser/train-ticket-aitest/evomaster/evomaster-config/runtime-logs/classes/ts-contacts-service/admin/EvoMaster_Test_faults/compile.log,/home/azureuser/train-ticket-aitest/evomaster/evomaster-config/runtime-logs/classes/ts-contacts-service/admin/EvoMaster_Test_faults/compile_stdout.log,/home/azureuser/train-ticket-aitest/evomaster/evomaster-config/runtime-logs/classes/ts-contacts-service/admin/EvoMaster_Test_faults/compile_stderr.log,False,True,1,java.lang.AssertionError;test_failure,1,False,6.51,5.53,157.9,"Tests run: 1, Failures: 1, Errors: 0, Skipped: 0",/home/azureuser/train-ticket-aitest/evomaster/evomaster-config/runtime-logs/methods/ts-contacts-service/admin/EvoMaster_Test_faults/test_2_deleteOnContactShowsFaults_100_101,/home/azureuser/train-ticket-aitest/evomaster/evomaster-config/runtime-logs/methods/ts-contacts-service/admin/EvoMaster_Test_faults/test_2_deleteOnContactShowsFaults_100_101/run.log,/home/azureuser/train-ticket-aitest/evomaster/evomaster-config/runtime-logs/methods/ts-contacts-service/admin/EvoMaster_Test_faults/test_2_deleteOnContactShowsFaults_100_101/run_stdout.log,/home/azureuser/train-ticket-aitest/evomaster/evomaster-config/runtime-logs/methods/ts-contacts-service/admin/EvoMaster_Test_faults/test_2_deleteOnContactShowsFaults_100_101/run_stderr.log
ts-contacts-service,admin,EvoMaster_Test_faults.java,EvoMaster_Test_faults,test_3_deleteOnContactReturnsMismatchResponseWithSchema,False,1,200,/api/v1/contactservice/contacts/{contactsId},DELETE,200,.statusCode(200) .assertThat(),5,".delete(baseUrlOfSut + ""/api/v1/contactservice/contacts/Gzz8u"")",,".header(""Authorization"", ""Bearer eyJhbGciOiJIUzI1NiJ9.eyJzdWIiOiJhZG1pbiIsInJvbGVzIjpbIlJPTEVfQURNSU4iXSwiaWQiOiIyZmIyYjZhZS1lMWQ2LTQ2NTUtYTYwZC1lMjcxNzU2ZmQ0YWEiLCJpYXQiOjE3NjYwMjk5MDksImV4cCI6MTc2NjAzMzUwOX0.M8peeRvmHmjNwUK9-fn_F2Wnv8APghP-89_LouhKWQ8"")",faults,/home/azureuser/train-ticket-aitest/evomaster/generated-tests/blackbox/ts-contacts-service/admin/EvoMaster_Test_faults.java,21,6,True,0,,0,0,,100.0,0,0,0,0,0,0,False,,/home/azureuser/train-ticket-aitest/evomaster/evomaster-config/runtime-logs/classes/ts-contacts-service/admin/EvoMaster_Test_faults,/home/azureuser/train-ticket-aitest/evomaster/evomaster-config/runtime-logs/classes/ts-contacts-service/admin/EvoMaster_Test_faults/compile.log,/home/azureuser/train-ticket-aitest/evomaster/evomaster-config/runtime-logs/classes/ts-contacts-service/admin/EvoMaster_Test_faults/compile_stdout.log,/home/azureuser/train-ticket-aitest/evomaster/evomaster-config/runtime-logs/classes/ts-contacts-service/admin/EvoMaster_Test_faults/compile_stderr.log,False,True,1,java.lang.AssertionError;test_failure,1,False,6.58,5.4,158.17,"Tests run: 1, Failures: 1, Errors: 0, Skipped: 0",/home/azureuser/train-ticket-aitest/evomaster/evomaster-config/runtime-logs/methods/ts-contacts-service/admin/EvoMaster_Test_faults/test_3_deleteOnContactReturnsMismatchResponseWithSchema,/home/azureuser/train-ticket-aitest/evomaster/evomaster-config/runtime-logs/methods/ts-contacts-service/admin/EvoMaster_Test_faults/test_3_deleteOnContactReturnsMismatchResponseWithSchema/run.log,/home/azureuser/train-ticket-aitest/evomaster/evomaster-config/runtime-logs/methods/ts-contacts-service/admin/EvoMaster_Test_faults/test_3_deleteOnContactReturnsMismatchResponseWithSchema/run_stdout.log,/home/azureuser/train-ticket-aitest/evomaster/evomaster-config/runtime-logs/methods/ts-contacts-service/admin/EvoMaster_Test_faults/test_3_deleteOnContactReturnsMismatchResponseWithSchema/run_stderr.log
ts-contacts-service,admin,EvoMaster_Test_faults.java,EvoMaster_Test_faults,test_4_deleteOnContactReturnsMismatchResponseWithSchema,False,1,403,/api/v1/contactservice/contacts/{contactsId},DELETE,403,.statusCode(403) .assertThat(),2,".delete(baseUrlOfSut + ""/api/v1/contactservice/contacts/lCD"")",,,faults,/home/azureuser/train-ticket-aitest/evomaster/generated-tests/blackbox/ts-contacts-service/admin/EvoMaster_Test_faults.java,21,6,True,0,,0,0,,100.0,0,0,0,0,0,0,False,,/home/azureuser/train-ticket-aitest/evomaster/evomaster-config/runtime-logs/classes/ts-contacts-service/admin/EvoMaster_Test_faults,/home/azureuser/train-ticket-aitest/evomaster/evomaster-config/runtime-logs/classes/ts-contacts-service/admin/EvoMaster_Test_faults/compile.log,/home/azureuser/train-ticket-aitest/evomaster/evomaster-config/runtime-logs/classes/ts-contacts-service/admin/EvoMaster_Test_faults/compile_stdout.log,/home/azureuser/train-ticket-aitest/evomaster/evomaster-config/runtime-logs/classes/ts-contacts-service/admin/EvoMaster_Test_faults/compile_stderr.log,True,True,0,,0,False,6.51,5.48,157.81,Test passed (detected via Surefire XML),/home/azureuser/train-ticket-aitest/evomaster/evomaster-config/runtime-logs/methods/ts-contacts-service/admin/EvoMaster_Test_faults/test_4_deleteOnContactReturnsMismatchResponseWithSchema,/home/azureuser/train-ticket-aitest/evomaster/evomaster-config/runtime-logs/methods/ts-contacts-service/admin/EvoMaster_Test_faults/test_4_deleteOnContactReturnsMismatchResponseWithSchema/run.log,/home/azureuser/train-ticket-aitest/evomaster/evomaster-config/runtime-logs/methods/ts-contacts-service/admin/EvoMaster_Test_faults/test_4_deleteOnContactReturnsMismatchResponseWithSchema/run_stdout.log,/home/azureuser/train-ticket-aitest/evomaster/evomaster-config/runtime-logs/methods/ts-contacts-service/admin/EvoMaster_Test_faults/test_4_deleteOnContactReturnsMismatchResponseWithSchema/run_stderr.log
ts-contacts-service,none,EvoMaster_Test_faults.java,EvoMaster_Test_faults,test_0_getOnContactsReturnsMismatchResponseWithSchema,False,1,403,/api/v1/contactservice/contacts,GET,403,.statusCode(403) .assertThat(),2,".get(baseUrlOfSut + ""/api/v1/contactservice/contacts"")",,,faults,/home/azureuser/train-ticket-aitest/evomaster/generated-tests/blackbox/ts-contacts-service/none/EvoMaster_Test_faults.java,21,6,True,0,,0,0,,100.0,0,0,0,0,0,0,False,,/home/azureuser/train-ticket-aitest/evomaster/evomaster-config/runtime-logs/classes/ts-contacts-service/none/EvoMaster_Test_faults,/home/azureuser/train-ticket-aitest/evomaster/evomaster-config/runtime-logs/classes/ts-contacts-service/none/EvoMaster_Test_faults/compile.log,/home/azureuser/train-ticket-aitest/evomaster/evomaster-config/runtime-logs/classes/ts-contacts-service/none/EvoMaster_Test_faults/compile_stdout.log,/home/azureuser/train-ticket-aitest/evomaster/evomaster-config/runtime-logs/classes/ts-contacts-service/none/EvoMaster_Test_faults/compile_stderr.log,True,True,0,,0,False,6.63,5.61,152.91,Test passed (detected via Surefire XML),/home/azureuser/train-ticket-aitest/evomaster/evomaster-config/runtime-logs/methods/ts-contacts-service/none/EvoMaster_Test_faults/test_0_getOnContactsReturnsMismatchResponseWithSchema,/home/azureuser/train-ticket-aitest/evomaster/evomaster-config/runtime-logs/methods/ts-contacts-service/none/EvoMaster_Test_faults/test_0_getOnContactsReturnsMismatchResponseWithSchema/run.log,/home/azureuser/train-ticket-aitest/evomaster/evomaster-config/runtime-logs/methods/ts-contacts-service/none/EvoMaster_Test_faults/test_0_getOnContactsReturnsMismatchResponseWithSchema/run_stdout.log,/home/azureuser/train-ticket-aitest/evomaster/evomaster-config/runtime-logs/methods/ts-contacts-service/none/EvoMaster_Test_faults/test_0_getOnContactsReturnsMismatchResponseWithSchema/run_stderr.log
ts-contacts-service,none,EvoMaster_Test_faults.java,EvoMaster_Test_faults,test_1_deleteOnContactShowsFaults_100_101,False,1,500,/api/v1/contactservice/contacts/{contactsId},DELETE,500,.statusCode(500) .assertThat(),6,".delete(baseUrlOfSut + ""/api/v1/contactservice/contacts/BRKCGp"")",,,faults,/home/azureuser/train-ticket-aitest/evomaster/generated-tests/blackbox/ts-contacts-service/none/EvoMaster_Test_faults.java,21,6,True,0,,0,0,,100.0,0,0,0,0,0,0,False,,/home/azureuser/train-ticket-aitest/evomaster/evomaster-config/runtime-logs/classes/ts-contacts-service/none/EvoMaster_Test_faults,/home/azureuser/train-ticket-aitest/evomaster/evomaster-config/runtime-logs/classes/ts-contacts-service/none/EvoMaster_Test_faults/compile.log,/home/azureuser/train-ticket-aitest/evomaster/evomaster-config/runtime-logs/classes/ts-contacts-service/none/EvoMaster_Test_faults/compile_stdout.log,/home/azureuser/train-ticket-aitest/evomaster/evomaster-config/runtime-logs/classes/ts-contacts-service/none/EvoMaster_Test_faults/compile_stderr.log,False,True,1,java.lang.AssertionError;test_failure,1,False,6.51,5.46,155.27,"Tests run: 1, Failures: 1, Errors: 0, Skipped: 0",/home/azureuser/train-ticket-aitest/evomaster/evomaster-config/runtime-logs/methods/ts-contacts-service/none/EvoMaster_Test_faults/test_1_deleteOnContactShowsFaults_100_101,/home/azureuser/train-ticket-aitest/evomaster/evomaster-config/runtime-logs/methods/ts-contacts-service/none/EvoMaster_Test_faults/test_1_deleteOnContactShowsFaults_100_101/run.log,/home/azureuser/train-ticket-aitest/evomaster/evomaster-config/runtime-logs/methods/ts-contacts-service/none/EvoMaster_Test_faults/test_1_deleteOnContactShowsFaults_100_101/run_stdout.log,/home/azureuser/train-ticket-aitest/evomaster/evomaster-config/runtime-logs/methods/ts-contacts-service/none/EvoMaster_Test_faults/test_1_deleteOnContactShowsFaults_100_101/run_stderr.log
ts-contacts-service,none,EvoMaster_Test_faults.java,EvoMaster_Test_faults,test_2_deleteOnContactReturnsMismatchResponseWithSchema,False,1,403,/api/v1/contactservice/contacts/{contactsId},DELETE,403,.statusCode(403) .assertThat(),2,".delete(baseUrlOfSut + ""/api/v1/contactservice/contacts/KHz45sQUPG"")",,,faults,/home/azureuser/train-ticket-aitest/evomaster/generated-tests/blackbox/ts-contacts-service/none/EvoMaster_Test_faults.java,21,6,True,0,,0,0,,100.0,0,0,0,0,0,0,False,,/home/azureuser/train-ticket-aitest/evomaster/evomaster-config/runtime-logs/classes/ts-contacts-service/none/EvoMaster_Test_faults,/home/azureuser/train-ticket-aitest/evomaster/evomaster-config/runtime-logs/classes/ts-contacts-service/none/EvoMaster_Test_faults/compile.log,/home/azureuser/train-ticket-aitest/evomaster/evomaster-config/runtime-logs/classes/ts-contacts-service/none/EvoMaster_Test_faults/compile_stdout.log,/home/azureuser/train-ticket-aitest/evomaster/evomaster-config/runtime-logs/classes/ts-contacts-service/none/EvoMaster_Test_faults/compile_stderr.log,True,True,0,,0,False,6.51,5.52,162.54,Test passed (detected via Surefire XML),/home/azureuser/train-ticket-aitest/evomaster/evomaster-config/runtime-logs/methods/ts-contacts-service/none/EvoMaster_Test_faults/test_2_deleteOnContactReturnsMismatchResponseWithSchema,/home/azureuser/train-ticket-aitest/evomaster/evomaster-config/runtime-logs/methods/ts-contacts-service/none/EvoMaster_Test_faults/test_2_deleteOnContactReturnsMismatchResponseWithSchema/run.log,/home/azureuser/train-ticket-aitest/evomaster/evomaster-config/runtime-logs/methods/ts-contacts-service/none/EvoMaster_Test_faults/test_2_deleteOnContactReturnsMismatchResponseWithSchema/run_stdout.log,/home/azureuser/train-ticket-aitest/evomaster/evomaster-config/runtime-logs/methods/ts-contacts-service/none/EvoMaster_Test_faults/test_2_deleteOnContactReturnsMismatchResponseWithSchema/run_stderr.log
ts-contacts-service,user,EvoMaster_Test_faults.java,EvoMaster_Test_faults,test_0_getOnContactsShowsFaults_100_101,False,1,500,/api/v1/contactservice/contacts,GET,500,.statusCode(500) .assertThat(),6,".get(baseUrlOfSut + ""/api/v1/contactservice/contacts"")",,".header(""Authorization"", ""Bearer eyJhbGciOiJIUzI1NiJ9.eyJzdWIiOiJmZHNlX21pY3Jvc2VydmljZSIsInJvbGVzIjpbIlJPTEVfVVNFUiJdLCJpZCI6IjRkMmE0NmM3LTcxY2ItNGNmMS1iNWJiLWI2ODQwNmQ5ZGE2ZiIsImlhdCI6MTc2NjAzMDU2OSwiZXhwIjoxNzY2MDM0MTY5fQ.wbM9sqWAhBV45rqhrrmsQ6YvETzew0l0pG6LakVgUYc"")",faults,/home/azureuser/train-ticket-aitest/evomaster/generated-tests/blackbox/ts-contacts-service/user/EvoMaster_Test_faults.java,21,6,True,0,,0,0,,100.0,0,0,0,0,0,0,False,,/home/azureuser/train-ticket-aitest/evomaster/evomaster-config/runtime-logs/classes/ts-contacts-service/user/EvoMaster_Test_faults,/home/azureuser/train-ticket-aitest/evomaster/evomaster-config/runtime-logs/classes/ts-contacts-service/user/EvoMaster_Test_faults/compile.log,/home/azureuser/train-ticket-aitest/evomaster/evomaster-config/runtime-logs/classes/ts-contacts-service/user/EvoMaster_Test_faults/compile_stdout.log,/home/azureuser/train-ticket-aitest/evomaster/evomaster-config/runtime-logs/classes/ts-contacts-service/user/EvoMaster_Test_faults/compile_stderr.log,False,True,1,java.lang.AssertionError;test_failure,1,False,6.52,5.54,158.88,"Tests run: 1, Failures: 1, Errors: 0, Skipped: 0",/home/azureuser/train-ticket-aitest/evomaster/evomaster-config/runtime-logs/methods/ts-contacts-service/user/EvoMaster_Test_faults/test_0_getOnContactsShowsFaults_100_101,/home/azureuser/train-ticket-aitest/evomaster/evomaster-config/runtime-logs/methods/ts-contacts-service/user/EvoMaster_Test_faults/test_0_getOnContactsShowsFaults_100_101/run.log,/home/azureuser/train-ticket-aitest/evomaster/evomaster-config/runtime-logs/methods/ts-contacts-service/user/EvoMaster_Test_faults/test_0_getOnContactsShowsFaults_100_101/run_stdout.log,/home/azureuser/train-ticket-aitest/evomaster/evomaster-config/runtime-logs/methods/ts-contacts-service/user/EvoMaster_Test_faults/test_0_getOnContactsShowsFaults_100_101/run_stderr.log
ts-contacts-service,user,EvoMaster_Test_faults.java,EvoMaster_Test_faults,test_1_getOnContactsReturnsMismatchResponseWithSchema,False,1,200,/api/v1/contactservice/contacts,GET,200,.statusCode(200) .assertThat(),20,".get(baseUrlOfSut + ""/api/v1/contactservice/contacts"")",,".header(""Authorization"", ""Bearer eyJhbGciOiJIUzI1NiJ9.eyJzdWIiOiJmZHNlX21pY3Jvc2VydmljZSIsInJvbGVzIjpbIlJPTEVfVVNFUiJdLCJpZCI6IjRkMmE0NmM3LTcxY2ItNGNmMS1iNWJiLWI2ODQwNmQ5ZGE2ZiIsImlhdCI6MTc2NjAzMDU2OSwiZXhwIjoxNzY2MDM0MTY5fQ.wbM9sqWAhBV45rqhrrmsQ6YvETzew0l0pG6LakVgUYc"")",faults,/home/azureuser/train-ticket-aitest/evomaster/generated-tests/blackbox/ts-contacts-service/user/EvoMaster_Test_faults.java,21,6,True,0,,0,0,,100.0,0,0,0,0,0,0,False,,/home/azureuser/train-ticket-aitest/evomaster/evomaster-config/runtime-logs/classes/ts-contacts-service/user/EvoMaster_Test_faults,/home/azureuser/train-ticket-aitest/evomaster/evomaster-config/runtime-logs/classes/ts-contacts-service/user/EvoMaster_Test_faults/compile.log,/home/azureuser/train-ticket-aitest/evomaster/evomaster-config/runtime-logs/classes/ts-contacts-service/user/EvoMaster_Test_faults/compile_stdout.log,/home/azureuser/train-ticket-aitest/evomaster/evomaster-config/runtime-logs/classes/ts-contacts-service/user/EvoMaster_Test_faults/compile_stderr.log,False,True,1,java.lang.AssertionError;test_failure,1,False,6.51,5.46,158.95,"Tests run: 1, Failures: 1, Errors: 0, Skipped: 0",/home/azureuser/train-ticket-aitest/evomaster/evomaster-config/runtime-logs/methods/ts-contacts-service/user/EvoMaster_Test_faults/test_1_getOnContactsReturnsMismatchResponseWithSchema,/home/azureuser/train-ticket-aitest/evomaster/evomaster-config/runtime-logs/methods/ts-contacts-service/user/EvoMaster_Test_faults/test_1_getOnContactsReturnsMismatchResponseWithSchema/run.log,/home/azureuser/train-ticket-aitest/evomaster/evomaster-config/runtime-logs/methods/ts-contacts-service/user/EvoMaster_Test_faults/test_1_getOnContactsReturnsMismatchResponseWithSchema/run_stdout.log,/home/azureuser/train-ticket-aitest/evomaster/evomaster-config/runtime-logs/methods/ts-contacts-service/user/EvoMaster_Test_faults/test_1_getOnContactsReturnsMismatchResponseWithSchema/run_stderr.log
ts-contacts-service,user,EvoMaster_Test_faults.java,EvoMaster_Test_faults,test_2_getOnContactsReturnsMismatchResponseWithSchema,False,1,403,/api/v1/contactservice/contacts,GET,403,.statusCode(403) .assertThat(),2,".get(baseUrlOfSut + ""/api/v1/contactservice/contacts"")",,,faults,/home/azureuser/train-ticket-aitest/evomaster/generated-tests/blackbox/ts-contacts-service/user/EvoMaster_Test_faults.java,21,6,True,0,,0,0,,100.0,0,0,0,0,0,0,False,,/home/azureuser/train-ticket-aitest/evomaster/evomaster-config/runtime-logs/classes/ts-contacts-service/user/EvoMaster_Test_faults,/home/azureuser/train-ticket-aitest/evomaster/evomaster-config/runtime-logs/classes/ts-contacts-service/user/EvoMaster_Test_faults/compile.log,/home/azureuser/train-ticket-aitest/evomaster/evomaster-config/runtime-logs/classes/ts-contacts-service/user/EvoMaster_Test_faults/compile_stdout.log,/home/azureuser/train-ticket-aitest/evomaster/evomaster-config/runtime-logs/classes/ts-contacts-service/user/EvoMaster_Test_faults/compile_stderr.log,True,True,0,,0,False,7.01,5.75,156.0,Test passed (detected via Surefire XML),/home/azureuser/train-ticket-aitest/evomaster/evomaster-config/runtime-logs/methods/ts-contacts-service/user/EvoMaster_Test_faults/test_2_getOnContactsReturnsMismatchResponseWithSchema,/home/azureuser/train-ticket-aitest/evomaster/evomaster-config/runtime-logs/methods/ts-contacts-service/user/EvoMaster_Test_faults/test_2_getOnContactsReturnsMismatchResponseWithSchema/run.log,/home/azureuser/train-ticket-aitest/evomaster/evomaster-config/runtime-logs/methods/ts-contacts-service/user/EvoMaster_Test_faults/test_2_getOnContactsReturnsMismatchResponseWithSchema/run_stdout.log,/home/azureuser/train-ticket-aitest/evomaster/evomaster-config/runtime-logs/methods/ts-contacts-service/user/EvoMaster_Test_faults/test_2_getOnContactsReturnsMismatchResponseWithSchema/run_stderr.log
ts-contacts-service,user,EvoMaster_Test_faults.java,EvoMaster_Test_faults,test_3_deleteOnContactShowsFaults_100_101,False,1,500,/api/v1/contactservice/contacts/{contactsId},DELETE,500,.statusCode(500) .assertThat(),6,".delete(baseUrlOfSut + ""/api/v1/contactservice/contacts/NIA0WhJ3px"")",,".header(""Authorization"", ""Bearer eyJhbGciOiJIUzI1NiJ9.eyJzdWIiOiJmZHNlX21pY3Jvc2VydmljZSIsInJvbGVzIjpbIlJPTEVfVVNFUiJdLCJpZCI6IjRkMmE0NmM3LTcxY2ItNGNmMS1iNWJiLWI2ODQwNmQ5ZGE2ZiIsImlhdCI6MTc2NjAzMDU2OSwiZXhwIjoxNzY2MDM0MTY5fQ.wbM9sqWAhBV45rqhrrmsQ6YvETzew0l0pG6LakVgUYc"")",faults,/home/azureuser/train-ticket-aitest/evomaster/generated-tests/blackbox/ts-contacts-service/user/EvoMaster_Test_faults.java,21,6,True,0,,0,0,,100.0,0,0,0,0,0,0,False,,/home/azureuser/train-ticket-aitest/evomaster/evomaster-config/runtime-logs/classes/ts-contacts-service/user/EvoMaster_Test_faults,/home/azureuser/train-ticket-aitest/evomaster/evomaster-config/runtime-logs/classes/ts-contacts-service/user/EvoMaster_Test_faults/compile.log,/home/azureuser/train-ticket-aitest/evomaster/evomaster-config/runtime-logs/classes/ts-contacts-service/user/EvoMaster_Test_faults/compile_stdout.log,/home/azureuser/train-ticket-aitest/evomaster/evomaster-config/runtime-logs/classes/ts-contacts-service/user/EvoMaster_Test_faults/compile_stderr.log,False,True,1,java.lang.AssertionError;test_failure,1,False,7.01,5.94,171.05,"Tests run: 1, Failures: 1, Errors: 0, Skipped: 0",/home/azureuser/train-ticket-aitest/evomaster/evomaster-config/runtime-logs/methods/ts-contacts-service/user/EvoMaster_Test_faults/test_3_deleteOnContactShowsFaults_100_101,/home/azureuser/train-ticket-aitest/evomaster/evomaster-config/runtime-logs/methods/ts-contacts-service/user/EvoMaster_Test_faults/test_3_deleteOnContactShowsFaults_100_101/run.log,/home/azureuser/train-ticket-aitest/evomaster/evomaster-config/runtime-logs/methods/ts-contacts-service/user/EvoMaster_Test_faults/test_3_deleteOnContactShowsFaults_100_101/run_stdout.log,/home/azureuser/train-ticket-aitest/evomaster/evomaster-config/runtime-logs/methods/ts-contacts-service/user/EvoMaster_Test_faults/test_3_deleteOnContactShowsFaults_100_101/run_stderr.log
ts-contacts-service,user,EvoMaster_Test_faults.java,EvoMaster_Test_faults,test_4_deleteOnContactReturnsMismatchResponseWithSchema,False,1,200,/api/v1/contactservice/contacts/{contactsId},DELETE,200,.statusCode(200) .assertThat(),5,".delete(baseUrlOfSut + ""/api/v1/contactservice/contacts/DjZrQgKBiPhb1_"")",,".header(""Authorization"", ""Bearer eyJhbGciOiJIUzI1NiJ9.eyJzdWIiOiJmZHNlX21pY3Jvc2VydmljZSIsInJvbGVzIjpbIlJPTEVfVVNFUiJdLCJpZCI6IjRkMmE0NmM3LTcxY2ItNGNmMS1iNWJiLWI2ODQwNmQ5ZGE2ZiIsImlhdCI6MTc2NjAzMDU2OSwiZXhwIjoxNzY2MDM0MTY5fQ.wbM9sqWAhBV45rqhrrmsQ6YvETzew0l0pG6LakVgUYc"")",faults,/home/azureuser/train-ticket-aitest/evomaster/generated-tests/blackbox/ts-contacts-service/user/EvoMaster_Test_faults.java,21,6,True,0,,0,0,,100.0,0,0,0,0,0,0,False,,/home/azureuser/train-ticket-aitest/evomaster/evomaster-config/runtime-logs/classes/ts-contacts-service/user/EvoMaster_Test_faults,/home/azureuser/train-ticket-aitest/evomaster/evomaster-config/runtime-logs/classes/ts-contacts-service/user/EvoMaster_Test_faults/compile.log,/home/azureuser/train-ticket-aitest/evomaster/evomaster-config/runtime-logs/classes/ts-contacts-service/user/EvoMaster_Test_faults/compile_stdout.log,/home/azureuser/train-ticket-aitest/evomaster/evomaster-config/runtime-logs/classes/ts-contacts-service/user/EvoMaster_Test_faults/compile_stderr.log,False,True,1,java.lang.AssertionError;test_failure,1,False,6.51,5.42,154.27,"Tests run: 1, Failures: 1, Errors: 0, Skipped: 0",/home/azureuser/train-ticket-aitest/evomaster/evomaster-config/runtime-logs/methods/ts-contacts-service/user/EvoMaster_Test_faults/test_4_deleteOnContactReturnsMismatchResponseWithSchema,/home/azureuser/train-ticket-aitest/evomaster/evomaster-config/runtime-logs/methods/ts-contacts-service/user/EvoMaster_Test_faults/test_4_deleteOnContactReturnsMismatchResponseWithSchema/run.log,/home/azureuser/train-ticket-aitest/evomaster/evomaster-config/runtime-logs/methods/ts-contacts-service/user/EvoMaster_Test_faults/test_4_deleteOnContactReturnsMismatchResponseWithSchema/run_stdout.log,/home/azureuser/train-ticket-aitest/evomaster/evomaster-config/runtime-logs/methods/ts-contacts-service/user/EvoMaster_Test_faults/test_4_deleteOnContactReturnsMismatchResponseWithSchema/run_stderr.log
ts-contacts-service,user,EvoMaster_Test_faults.java,EvoMaster_Test_faults,test_5_deleteOnContactReturnsMismatchResponseWithSchema,False,1,403,/api/v1/contactservice/contacts/{contactsId},DELETE,403,.statusCode(403) .assertThat(),2,".delete(baseUrlOfSut + ""/api/v1/contactservice/contacts/kK3V7gm"")",,,faults,/home/azureuser/train-ticket-aitest/evomaster/generated-tests/blackbox/ts-contacts-service/user/EvoMaster_Test_faults.java,21,6,True,0,,0,0,,100.0,0,0,0,0,0,0,False,,/home/azureuser/train-ticket-aitest/evomaster/evomaster-config/runtime-logs/classes/ts-contacts-service/user/EvoMaster_Test_faults,/home/azureuser/train-ticket-aitest/evomaster/evomaster-config/runtime-logs/classes/ts-contacts-service/user/EvoMaster_Test_faults/compile.log,/home/azureuser/train-ticket-aitest/evomaster/evomaster-config/runtime-logs/classes/ts-contacts-service/user/EvoMaster_Test_faults/compile_stdout.log,/home/azureuser/train-ticket-aitest/evomaster/evomaster-config/runtime-logs/classes/ts-contacts-service/user/EvoMaster_Test_faults/compile_stderr.log,True,True,0,,0,False,6.52,5.36,152.39,Test passed (detected via Surefire XML),/home/azureuser/train-ticket-aitest/evomaster/evomaster-config/runtime-logs/methods/ts-contacts-service/user/EvoMaster_Test_faults/test_5_deleteOnContactReturnsMismatchResponseWithSchema,/home/azureuser/train-ticket-aitest/evomaster/evomaster-config/runtime-logs/methods/ts-contacts-service/user/EvoMaster_Test_faults/test_5_deleteOnContactReturnsMismatchResponseWithSchema/run.log,/home/azureuser/train-ticket-aitest/evomaster/evomaster-config/runtime-logs/methods/ts-contacts-service/user/EvoMaster_Test_faults/test_5_deleteOnContactReturnsMismatchResponseWithSchema/run_stdout.log,/home/azureuser/train-ticket-aitest/evomaster/evomaster-config/runtime-logs/methods/ts-contacts-service/user/EvoMaster_Test_faults/test_5_deleteOnContactReturnsMismatchResponseWithSchema/run_stderr.log
ts-inside-payment-service,admin,EvoMaster_Test_faults.java,EvoMaster_Test_faults,test_0_postOnAccountShowsFaults_100_101,False,1,500,/api/v1/inside_pay_service/inside_payment/account,POST,500,.statusCode(500) .assertThat(),6,".post(baseUrlOfSut + ""/api/v1/inside_pay_service/inside_payment/account"")",".body("" { "" + 
                    "" \""userId\"": \""i0q_\"", "" + 
                    "" \""money\"": \""Pgc2ZRSW_j9hB8n\"" "" + 
                    "" } "")",".header(""Authorization"", ""Bearer eyJhbGciOiJIUzI1NiJ9.eyJzdWIiOiJhZG1pbiIsInJvbGVzIjpbIlJPTEVfQURNSU4iXSwiaWQiOiIyZmIyYjZhZS1lMWQ2LTQ2NTUtYTYwZC1lMjcxNzU2ZmQ0YWEiLCJpYXQiOjE3NjYwMzAxNTIsImV4cCI6MTc2NjAzMzc1Mn0.7PX-jZ3Hrg8dabfqRK2BitmNBzE4TBib2tqWcWlycwo"")",faults,/home/azureuser/train-ticket-aitest/evomaster/generated-tests/blackbox/ts-inside-payment-service/admin/EvoMaster_Test_faults.java,21,6,True,0,,0,0,,100.0,0,0,0,0,0,0,False,,/home/azureuser/train-ticket-aitest/evomaster/evomaster-config/runtime-logs/classes/ts-inside-payment-service/admin/EvoMaster_Test_faults,/home/azureuser/train-ticket-aitest/evomaster/evomaster-config/runtime-logs/classes/ts-inside-payment-service/admin/EvoMaster_Test_faults/compile.log,/home/azureuser/train-ticket-aitest/evomaster/evomaster-config/runtime-logs/classes/ts-inside-payment-service/admin/EvoMaster_Test_faults/compile_stdout.log,/home/azureuser/train-ticket-aitest/evomaster/evomaster-config/runtime-logs/classes/ts-inside-payment-service/admin/EvoMaster_Test_faults/compile_stderr.log,False,True,1,java.lang.AssertionError;test_failure,1,False,6.57,5.64,166.53,"Tests run: 1, Failures: 1, Errors: 0, Skipped: 0",/home/azureuser/train-ticket-aitest/evomaster/evomaster-config/runtime-logs/methods/ts-inside-payment-service/admin/EvoMaster_Test_faults/test_0_postOnAccountShowsFaults_100_101,/home/azureuser/train-ticket-aitest/evomaster/evomaster-config/runtime-logs/methods/ts-inside-payment-service/admin/EvoMaster_Test_faults/test_0_postOnAccountShowsFaults_100_101/run.log,/home/azureuser/train-ticket-aitest/evomaster/evomaster-config/runtime-logs/methods/ts-inside-payment-service/admin/EvoMaster_Test_faults/test_0_postOnAccountShowsFaults_100_101/run_stdout.log,/home/azureuser/train-ticket-aitest/evomaster/evomaster-config/runtime-logs/methods/ts-inside-payment-service/admin/EvoMaster_Test_faults/test_0_postOnAccountShowsFaults_100_101/run_stderr.log
ts-inside-payment-service,admin,EvoMaster_Test_faults.java,EvoMaster_Test_faults,test_1_postOnAccountReturnsMismatchResponseWithSchema,False,1,403,/api/v1/inside_pay_service/inside_payment/account,POST,403,.statusCode(403) .assertThat(),2,".post(baseUrlOfSut + ""/api/v1/inside_pay_service/inside_payment/account"")",".body("" { "" + 
                    "" \""money\"": \""W6yAQR3\"" "" + 
                    "" } "")",".header(""Authorization"", ""Bearer eyJhbGciOiJIUzI1NiJ9.eyJzdWIiOiJhZG1pbiIsInJvbGVzIjpbIlJPTEVfQURNSU4iXSwiaWQiOiIyZmIyYjZhZS1lMWQ2LTQ2NTUtYTYwZC1lMjcxNzU2ZmQ0YWEiLCJpYXQiOjE3NjYwMzAxNTIsImV4cCI6MTc2NjAzMzc1Mn0.7PX-jZ3Hrg8dabfqRK2BitmNBzE4TBib2tqWcWlycwo"")",faults,/home/azureuser/train-ticket-aitest/evomaster/generated-tests/blackbox/ts-inside-payment-service/admin/EvoMaster_Test_faults.java,21,6,True,0,,0,0,,100.0,0,0,0,0,0,0,False,,/home/azureuser/train-ticket-aitest/evomaster/evomaster-config/runtime-logs/classes/ts-inside-payment-service/admin/EvoMaster_Test_faults,/home/azureuser/train-ticket-aitest/evomaster/evomaster-config/runtime-logs/classes/ts-inside-payment-service/admin/EvoMaster_Test_faults/compile.log,/home/azureuser/train-ticket-aitest/evomaster/evomaster-config/runtime-logs/classes/ts-inside-payment-service/admin/EvoMaster_Test_faults/compile_stdout.log,/home/azureuser/train-ticket-aitest/evomaster/evomaster-config/runtime-logs/classes/ts-inside-payment-service/admin/EvoMaster_Test_faults/compile_stderr.log,True,True,0,,0,False,6.52,5.54,153.73,Test passed (detected via Surefire XML),/home/azureuser/train-ticket-aitest/evomaster/evomaster-config/runtime-logs/methods/ts-inside-payment-service/admin/EvoMaster_Test_faults/test_1_postOnAccountReturnsMismatchResponseWithSchema,/home/azureuser/train-ticket-aitest/evomaster/evomaster-config/runtime-logs/methods/ts-inside-payment-service/admin/EvoMaster_Test_faults/test_1_postOnAccountReturnsMismatchResponseWithSchema/run.log,/home/azureuser/train-ticket-aitest/evomaster/evomaster-config/runtime-logs/methods/ts-inside-payment-service/admin/EvoMaster_Test_faults/test_1_postOnAccountReturnsMismatchResponseWithSchema/run_stdout.log,/home/azureuser/train-ticket-aitest/evomaster/evomaster-config/runtime-logs/methods/ts-inside-payment-service/admin/EvoMaster_Test_faults/test_1_postOnAccountReturnsMismatchResponseWithSchema/run_stderr.log
ts-inside-payment-service,none,EvoMaster_Test_faults.java,EvoMaster_Test_faults,test_0_postOnAccountShowsFaults_100_101,False,1,500,/api/v1/inside_pay_service/inside_payment/account,POST,500,.statusCode(500) .assertThat(),6,".post(baseUrlOfSut + ""/api/v1/inside_pay_service/inside_payment/account"")",".body("" { "" + 
                    "" \""userId\"": \""VUETJyi0C\"" "" + 
                    "" } "")",,faults,/home/azureuser/train-ticket-aitest/evomaster/generated-tests/blackbox/ts-inside-payment-service/none/EvoMaster_Test_faults.java,21,6,True,0,,0,0,,100.0,0,0,0,0,0,0,False,,/home/azureuser/train-ticket-aitest/evomaster/evomaster-config/runtime-logs/classes/ts-inside-payment-service/none/EvoMaster_Test_faults,/home/azureuser/train-ticket-aitest/evomaster/evomaster-config/runtime-logs/classes/ts-inside-payment-service/none/EvoMaster_Test_faults/compile.log,/home/azureuser/train-ticket-aitest/evomaster/evomaster-config/runtime-logs/classes/ts-inside-payment-service/none/EvoMaster_Test_faults/compile_stdout.log,/home/azureuser/train-ticket-aitest/evomaster/evomaster-config/runtime-logs/classes/ts-inside-payment-service/none/EvoMaster_Test_faults/compile_stderr.log,False,True,1,java.lang.AssertionError;test_failure,1,False,6.51,5.23,155.38,"Tests run: 1, Failures: 1, Errors: 0, Skipped: 0",/home/azureuser/train-ticket-aitest/evomaster/evomaster-config/runtime-logs/methods/ts-inside-payment-service/none/EvoMaster_Test_faults/test_0_postOnAccountShowsFaults_100_101,/home/azureuser/train-ticket-aitest/evomaster/evomaster-config/runtime-logs/methods/ts-inside-payment-service/none/EvoMaster_Test_faults/test_0_postOnAccountShowsFaults_100_101/run.log,/home/azureuser/train-ticket-aitest/evomaster/evomaster-config/runtime-logs/methods/ts-inside-payment-service/none/EvoMaster_Test_faults/test_0_postOnAccountShowsFaults_100_101/run_stdout.log,/home/azureuser/train-ticket-aitest/evomaster/evomaster-config/runtime-logs/methods/ts-inside-payment-service/none/EvoMaster_Test_faults/test_0_postOnAccountShowsFaults_100_101/run_stderr.log
ts-inside-payment-service,user,EvoMaster_Test_faults.java,EvoMaster_Test_faults,test_0_postOnAccountShowsFaults_100_101,False,1,500,/api/v1/inside_pay_service/inside_payment/account,POST,500,.statusCode(500) .assertThat(),6,".post(baseUrlOfSut + ""/api/v1/inside_pay_service/inside_payment/account"")",".body("" { "" + 
                    "" \""userId\"": \""hhRTAMz17Pmi9\"" "" + 
                    "" } "")",".header(""Authorization"", ""Bearer eyJhbGciOiJIUzI1NiJ9.eyJzdWIiOiJmZHNlX21pY3Jvc2VydmljZSIsInJvbGVzIjpbIlJPTEVfVVNFUiJdLCJpZCI6IjRkMmE0NmM3LTcxY2ItNGNmMS1iNWJiLWI2ODQwNmQ5ZGE2ZiIsImlhdCI6MTc2NjAzMDgxOCwiZXhwIjoxNzY2MDM0NDE4fQ.CaowzwUZcxUtoLxw18NHi0fyTe07ItSFN-ZL8A9ieMk"")",faults,/home/azureuser/train-ticket-aitest/evomaster/generated-tests/blackbox/ts-inside-payment-service/user/EvoMaster_Test_faults.java,21,6,True,0,,0,0,,100.0,0,0,0,0,0,0,False,,/home/azureuser/train-ticket-aitest/evomaster/evomaster-config/runtime-logs/classes/ts-inside-payment-service/user/EvoMaster_Test_faults,/home/azureuser/train-ticket-aitest/evomaster/evomaster-config/runtime-logs/classes/ts-inside-payment-service/user/EvoMaster_Test_faults/compile.log,/home/azureuser/train-ticket-aitest/evomaster/evomaster-config/runtime-logs/classes/ts-inside-payment-service/user/EvoMaster_Test_faults/compile_stdout.log,/home/azureuser/train-ticket-aitest/evomaster/evomaster-config/runtime-logs/classes/ts-inside-payment-service/user/EvoMaster_Test_faults/compile_stderr.log,False,True,1,java.lang.AssertionError;test_failure,1,False,6.52,5.38,157.43,"Tests run: 1, Failures: 1, Errors: 0, Skipped: 0",/home/azureuser/train-ticket-aitest/evomaster/evomaster-config/runtime-logs/methods/ts-inside-payment-service/user/EvoMaster_Test_faults/test_0_postOnAccountShowsFaults_100_101,/home/azureuser/train-ticket-aitest/evomaster/evomaster-config/runtime-logs/methods/ts-inside-payment-service/user/EvoMaster_Test_faults/test_0_postOnAccountShowsFaults_100_101/run.log,/home/azureuser/train-ticket-aitest/evomaster/evomaster-config/runtime-logs/methods/ts-inside-payment-service/user/EvoMaster_Test_faults/test_0_postOnAccountShowsFaults_100_101/run_stdout.log,/home/azureuser/train-ticket-aitest/evomaster/evomaster-config/runtime-logs/methods/ts-inside-payment-service/user/EvoMaster_Test_faults/test_0_postOnAccountShowsFaults_100_101/run_stderr.log
ts-inside-payment-service,user,EvoMaster_Test_faults.java,EvoMaster_Test_faults,test_1_postOnAccountReturnsMismatchResponseWithSchema,False,1,200,/api/v1/inside_pay_service/inside_payment/account,POST,200,.statusCode(200) .assertThat(),5,".post(baseUrlOfSut + ""/api/v1/inside_pay_service/inside_payment/account"")",".body("" { "" + 
                    "" \""userId\"": \""U\"", "" + 
                    "" \""money\"": \""azkntdr34Uz\"" "" + 
                    "" } "")",".header(""Authorization"", ""Bearer eyJhbGciOiJIUzI1NiJ9.eyJzdWIiOiJmZHNlX21pY3Jvc2VydmljZSIsInJvbGVzIjpbIlJPTEVfVVNFUiJdLCJpZCI6IjRkMmE0NmM3LTcxY2ItNGNmMS1iNWJiLWI2ODQwNmQ5ZGE2ZiIsImlhdCI6MTc2NjAzMDgxOCwiZXhwIjoxNzY2MDM0NDE4fQ.CaowzwUZcxUtoLxw18NHi0fyTe07ItSFN-ZL8A9ieMk"")",faults,/home/azureuser/train-ticket-aitest/evomaster/generated-tests/blackbox/ts-inside-payment-service/user/EvoMaster_Test_faults.java,21,6,True,0,,0,0,,100.0,0,0,0,0,0,0,False,,/home/azureuser/train-ticket-aitest/evomaster/evomaster-config/runtime-logs/classes/ts-inside-payment-service/user/EvoMaster_Test_faults,/home/azureuser/train-ticket-aitest/evomaster/evomaster-config/runtime-logs/classes/ts-inside-payment-service/user/EvoMaster_Test_faults/compile.log,/home/azureuser/train-ticket-aitest/evomaster/evomaster-config/runtime-logs/classes/ts-inside-payment-service/user/EvoMaster_Test_faults/compile_stdout.log,/home/azureuser/train-ticket-aitest/evomaster/evomaster-config/runtime-logs/classes/ts-inside-payment-service/user/EvoMaster_Test_faults/compile_stderr.log,False,True,1,java.lang.AssertionError;test_failure,1,False,6.51,5.34,161.48,"Tests run: 1, Failures: 1, Errors: 0, Skipped: 0",/home/azureuser/train-ticket-aitest/evomaster/evomaster-config/runtime-logs/methods/ts-inside-payment-service/user/EvoMaster_Test_faults/test_1_postOnAccountReturnsMismatchResponseWithSchema,/home/azureuser/train-ticket-aitest/evomaster/evomaster-config/runtime-logs/methods/ts-inside-payment-service/user/EvoMaster_Test_faults/test_1_postOnAccountReturnsMismatchResponseWithSchema/run.log,/home/azureuser/train-ticket-aitest/evomaster/evomaster-config/runtime-logs/methods/ts-inside-payment-service/user/EvoMaster_Test_faults/test_1_postOnAccountReturnsMismatchResponseWithSchema/run_stdout.log,/home/azureuser/train-ticket-aitest/evomaster/evomaster-config/runtime-logs/methods/ts-inside-payment-service/user/EvoMaster_Test_faults/test_1_postOnAccountReturnsMismatchResponseWithSchema/run_stderr.log
ts-order-service,admin,EvoMaster_Test_faults.java,EvoMaster_Test_faults,test_0_putOnOrderShowsFaults_100_101,False,1,500,/api/v1/orderservice/order,PUT,500,.statusCode(500) .assertThat(),6,".put(baseUrlOfSut + ""/api/v1/orderservice/order"")",".body("" { "" + 
                    "" \""boughtDate\"": \""2040-13-13\"", "" + 
                    "" \""travelDate\"": \""1901-10-14\"", "" + 
                    "" \""documentType\"": 506, "" + 
                    "" \""contactsDocumentNumber\"": \""G2Q\"", "" + 
                    "" \""seatClass\"": 525, "" + 
                    "" \""seatNumber\"": \""IccraU\"", "" + 
                    "" \""from\"": \""UTBz7uh_8aYYI\"", "" + 
                    "" \""to\"": \""QPgdBtt7Iu\"" "" + 
                    "" } "")",".header(""Authorization"", ""Bearer eyJhbGciOiJIUzI1NiJ9.eyJzdWIiOiJhZG1pbiIsInJvbGVzIjpbIlJPTEVfQURNSU4iXSwiaWQiOiIyZmIyYjZhZS1lMWQ2LTQ2NTUtYTYwZC1lMjcxNzU2ZmQ0YWEiLCJpYXQiOjE3NjYwMzAzNjEsImV4cCI6MTc2NjAzMzk2MX0.S1puSwHIsefgyGgij3wbdBzPBhYur07yMgiZA2ue3nk"")",faults,/home/azureuser/train-ticket-aitest/evomaster/generated-tests/blackbox/ts-order-service/admin/EvoMaster_Test_faults.java,21,6,True,0,,0,0,,100.0,0,0,0,0,0,0,False,,/home/azureuser/train-ticket-aitest/evomaster/evomaster-config/runtime-logs/classes/ts-order-service/admin/EvoMaster_Test_faults,/home/azureuser/train-ticket-aitest/evomaster/evomaster-config/runtime-logs/classes/ts-order-service/admin/EvoMaster_Test_faults/compile.log,/home/azureuser/train-ticket-aitest/evomaster/evomaster-config/runtime-logs/classes/ts-order-service/admin/EvoMaster_Test_faults/compile_stdout.log,/home/azureuser/train-ticket-aitest/evomaster/evomaster-config/runtime-logs/classes/ts-order-service/admin/EvoMaster_Test_faults/compile_stderr.log,False,True,1,java.lang.AssertionError;test_failure,1,False,6.51,5.31,154.06,"Tests run: 1, Failures: 1, Errors: 0, Skipped: 0",/home/azureuser/train-ticket-aitest/evomaster/evomaster-config/runtime-logs/methods/ts-order-service/admin/EvoMaster_Test_faults/test_0_putOnOrderShowsFaults_100_101,/home/azureuser/train-ticket-aitest/evomaster/evomaster-config/runtime-logs/methods/ts-order-service/admin/EvoMaster_Test_faults/test_0_putOnOrderShowsFaults_100_101/run.log,/home/azureuser/train-ticket-aitest/evomaster/evomaster-config/runtime-logs/methods/ts-order-service/admin/EvoMaster_Test_faults/test_0_putOnOrderShowsFaults_100_101/run_stdout.log,/home/azureuser/train-ticket-aitest/evomaster/evomaster-config/runtime-logs/methods/ts-order-service/admin/EvoMaster_Test_faults/test_0_putOnOrderShowsFaults_100_101/run_stderr.log
ts-order-service,admin,EvoMaster_Test_faults.java,EvoMaster_Test_faults,test_1_putOnOrderReturnsMismatchResponseWithSchema,False,1,403,/api/v1/orderservice/order,PUT,403,.statusCode(403) .assertThat(),2,".put(baseUrlOfSut + ""/api/v1/orderservice/order"")",".body("" { "" + 
                    "" \""travelDate\"": \""1967-13-25\"", "" + 
                    "" \""travelTime\"": \""2043-12-24T22:13:55.674+14:58\"", "" + 
                    "" \""contactsDocumentNumber\"": \""7EAJ\"", "" + 
                    "" \""seatClass\"": 212, "" + 
                    "" \""seatNumber\"": \""sczlLXAIYRk\"", "" + 
                    "" \""from\"": \""iqicqh2Mjtdk4\"", "" + 
                    "" \""status\"": -605804944, "" + 
                    "" \""price\"": 0.407853106321724 "" + 
                    "" } "")",".header(""Authorization"", ""Bearer eyJhbGciOiJIUzI1NiJ9.eyJzdWIiOiJhZG1pbiIsInJvbGVzIjpbIlJPTEVfQURNSU4iXSwiaWQiOiIyZmIyYjZhZS1lMWQ2LTQ2NTUtYTYwZC1lMjcxNzU2ZmQ0YWEiLCJpYXQiOjE3NjYwMzAzNjEsImV4cCI6MTc2NjAzMzk2MX0.S1puSwHIsefgyGgij3wbdBzPBhYur07yMgiZA2ue3nk"")",faults,/home/azureuser/train-ticket-aitest/evomaster/generated-tests/blackbox/ts-order-service/admin/EvoMaster_Test_faults.java,21,6,True,0,,0,0,,100.0,0,0,0,0,0,0,False,,/home/azureuser/train-ticket-aitest/evomaster/evomaster-config/runtime-logs/classes/ts-order-service/admin/EvoMaster_Test_faults,/home/azureuser/train-ticket-aitest/evomaster/evomaster-config/runtime-logs/classes/ts-order-service/admin/EvoMaster_Test_faults/compile.log,/home/azureuser/train-ticket-aitest/evomaster/evomaster-config/runtime-logs/classes/ts-order-service/admin/EvoMaster_Test_faults/compile_stdout.log,/home/azureuser/train-ticket-aitest/evomaster/evomaster-config/runtime-logs/classes/ts-order-service/admin/EvoMaster_Test_faults/compile_stderr.log,True,True,0,,0,False,6.51,5.46,151.89,Test passed (detected via Surefire XML),/home/azureuser/train-ticket-aitest/evomaster/evomaster-config/runtime-logs/methods/ts-order-service/admin/EvoMaster_Test_faults/test_1_putOnOrderReturnsMismatchResponseWithSchema,/home/azureuser/train-ticket-aitest/evomaster/evomaster-config/runtime-logs/methods/ts-order-service/admin/EvoMaster_Test_faults/test_1_putOnOrderReturnsMismatchResponseWithSchema/run.log,/home/azureuser/train-ticket-aitest/evomaster/evomaster-config/runtime-logs/methods/ts-order-service/admin/EvoMaster_Test_faults/test_1_putOnOrderReturnsMismatchResponseWithSchema/run_stdout.log,/home/azureuser/train-ticket-aitest/evomaster/evomaster-config/runtime-logs/methods/ts-order-service/admin/EvoMaster_Test_faults/test_1_putOnOrderReturnsMismatchResponseWithSchema/run_stderr.log
ts-order-service,none,EvoMaster_Test_faults.java,EvoMaster_Test_faults,test_0_putOnOrderShowsFaults_100_101,False,1,500,/api/v1/orderservice/order,PUT,500,.statusCode(500) .assertThat(),6,".put(baseUrlOfSut + ""/api/v1/orderservice/order"")",".body("" { "" + 
                    "" \""travelTime\"": \""1954-11-01T03:38:57Z\"", "" + 
                    "" \""accountId\"": \""Vj3\"", "" + 
                    "" \""contactsDocumentNumber\"": \""QcGyY1fwd_ba\"", "" + 
                    "" \""trainNumber\"": \""Sqk3lTvX\"", "" + 
                    "" \""seatNumber\"": \""Djjikq39uwV688\"", "" + 
                    "" \""to\"": \""4KvWg7O\"", "" + 
                    "" \""status\"": 401 "" + 
                    "" } "")",,faults,/home/azureuser/train-ticket-aitest/evomaster/generated-tests/blackbox/ts-order-service/none/EvoMaster_Test_faults.java,21,6,True,0,,0,0,,100.0,0,0,0,0,0,0,False,,/home/azureuser/train-ticket-aitest/evomaster/evomaster-config/runtime-logs/classes/ts-order-service/none/EvoMaster_Test_faults,/home/azureuser/train-ticket-aitest/evomaster/evomaster-config/runtime-logs/classes/ts-order-service/none/EvoMaster_Test_faults/compile.log,/home/azureuser/train-ticket-aitest/evomaster/evomaster-config/runtime-logs/classes/ts-order-service/none/EvoMaster_Test_faults/compile_stdout.log,/home/azureuser/train-ticket-aitest/evomaster/evomaster-config/runtime-logs/classes/ts-order-service/none/EvoMaster_Test_faults/compile_stderr.log,False,True,1,java.lang.AssertionError;test_failure,1,False,6.53,5.5,154.4,"Tests run: 1, Failures: 1, Errors: 0, Skipped: 0",/home/azureuser/train-ticket-aitest/evomaster/evomaster-config/runtime-logs/methods/ts-order-service/none/EvoMaster_Test_faults/test_0_putOnOrderShowsFaults_100_101,/home/azureuser/train-ticket-aitest/evomaster/evomaster-config/runtime-logs/methods/ts-order-service/none/EvoMaster_Test_faults/test_0_putOnOrderShowsFaults_100_101/run.log,/home/azureuser/train-ticket-aitest/evomaster/evomaster-config/runtime-logs/methods/ts-order-service/none/EvoMaster_Test_faults/test_0_putOnOrderShowsFaults_100_101/run_stdout.log,/home/azureuser/train-ticket-aitest/evomaster/evomaster-config/runtime-logs/methods/ts-order-service/none/EvoMaster_Test_faults/test_0_putOnOrderShowsFaults_100_101/run_stderr.log
ts-order-service,user,EvoMaster_Test_faults.java,EvoMaster_Test_faults,test_0_putOnOrderShowsFaults_100_101,False,1,500,/api/v1/orderservice/order,PUT,500,.statusCode(500) .assertThat(),6,".put(baseUrlOfSut + ""/api/v1/orderservice/order"")",".body("" { "" + 
                    "" \""id\"": \""Cp18LYatcwFKCCDM\"", "" + 
                    "" \""travelTime\"": \""2095-08-27T10:08:51Z\"", "" + 
                    "" \""accountId\"": \""33Eft_ukOCwGW\"", "" + 
                    "" \""contactsName\"": \""b9byhXS6t\"", "" + 
                    "" \""contactsDocumentNumber\"": \""3CWXknM\"", "" + 
                    "" \""trainNumber\"": \""VO427sUid6\"", "" + 
                    "" \""to\"": \""G0BQNZRqh\"", "" + 
                    "" \""status\"": 709 "" + 
                    "" } "")",".header(""Authorization"", ""Bearer eyJhbGciOiJIUzI1NiJ9.eyJzdWIiOiJmZHNlX21pY3Jvc2VydmljZSIsInJvbGVzIjpbIlJPTEVfVVNFUiJdLCJpZCI6IjRkMmE0NmM3LTcxY2ItNGNmMS1iNWJiLWI2ODQwNmQ5ZGE2ZiIsImlhdCI6MTc2NjAzMTAyNywiZXhwIjoxNzY2MDM0NjI3fQ.tAorGrsD88IRZ-qEe3R9PB58zSg8x58-nSzymc2JO64"")",faults,/home/azureuser/train-ticket-aitest/evomaster/generated-tests/blackbox/ts-order-service/user/EvoMaster_Test_faults.java,21,6,True,0,,0,0,,100.0,0,0,0,0,0,0,False,,/home/azureuser/train-ticket-aitest/evomaster/evomaster-config/runtime-logs/classes/ts-order-service/user/EvoMaster_Test_faults,/home/azureuser/train-ticket-aitest/evomaster/evomaster-config/runtime-logs/classes/ts-order-service/user/EvoMaster_Test_faults/compile.log,/home/azureuser/train-ticket-aitest/evomaster/evomaster-config/runtime-logs/classes/ts-order-service/user/EvoMaster_Test_faults/compile_stdout.log,/home/azureuser/train-ticket-aitest/evomaster/evomaster-config/runtime-logs/classes/ts-order-service/user/EvoMaster_Test_faults/compile_stderr.log,False,True,1,java.lang.AssertionError;test_failure,1,False,6.51,5.53,150.89,"Tests run: 1, Failures: 1, Errors: 0, Skipped: 0",/home/azureuser/train-ticket-aitest/evomaster/evomaster-config/runtime-logs/methods/ts-order-service/user/EvoMaster_Test_faults/test_0_putOnOrderShowsFaults_100_101,/home/azureuser/train-ticket-aitest/evomaster/evomaster-config/runtime-logs/methods/ts-order-service/user/EvoMaster_Test_faults/test_0_putOnOrderShowsFaults_100_101/run.log,/home/azureuser/train-ticket-aitest/evomaster/evomaster-config/runtime-logs/methods/ts-order-service/user/EvoMaster_Test_faults/test_0_putOnOrderShowsFaults_100_101/run_stdout.log,/home/azureuser/train-ticket-aitest/evomaster/evomaster-config/runtime-logs/methods/ts-order-service/user/EvoMaster_Test_faults/test_0_putOnOrderShowsFaults_100_101/run_stderr.log
ts-order-service,user,EvoMaster_Test_faults.java,EvoMaster_Test_faults,test_1_putOnOrderReturnsMismatchResponseWithSchema,False,1,403,/api/v1/orderservice/order,PUT,403,.statusCode(403) .assertThat(),2,".put(baseUrlOfSut + ""/api/v1/orderservice/order"")",".body("" { "" + 
                    "" \""travelDate\"": \""2031-13-08\"", "" + 
                    "" \""travelTime\"": \""1996-10-24T22:14:56.021Z\"", "" + 
                    "" \""accountId\"": \""o1qXgF3arIPl\"", "" + 
                    "" \""contactsName\"": \""dwpMQ6\"", "" + 
                    "" \""contactsDocumentNumber\"": \""tTNbNQEB9TYjY\"", "" + 
                    "" \""coachNumber\"": 614, "" + 
                    "" \""seatClass\"": 803, "" + 
                    "" \""seatNumber\"": \""ssvEr_m3LK\"", "" + 
                    "" \""from\"": \""iDeTktGVCg\"", "" + 
                    "" \""to\"": \""KzVkjPd3Fk4_I\"" "" + 
                    "" } "")",".header(""Authorization"", ""Bearer eyJhbGciOiJIUzI1NiJ9.eyJzdWIiOiJmZHNlX21pY3Jvc2VydmljZSIsInJvbGVzIjpbIlJPTEVfVVNFUiJdLCJpZCI6IjRkMmE0NmM3LTcxY2ItNGNmMS1iNWJiLWI2ODQwNmQ5ZGE2ZiIsImlhdCI6MTc2NjAzMTAyNywiZXhwIjoxNzY2MDM0NjI3fQ.tAorGrsD88IRZ-qEe3R9PB58zSg8x58-nSzymc2JO64"")",faults,/home/azureuser/train-ticket-aitest/evomaster/generated-tests/blackbox/ts-order-service/user/EvoMaster_Test_faults.java,21,6,True,0,,0,0,,100.0,0,0,0,0,0,0,False,,/home/azureuser/train-ticket-aitest/evomaster/evomaster-config/runtime-logs/classes/ts-order-service/user/EvoMaster_Test_faults,/home/azureuser/train-ticket-aitest/evomaster/evomaster-config/runtime-logs/classes/ts-order-service/user/EvoMaster_Test_faults/compile.log,/home/azureuser/train-ticket-aitest/evomaster/evomaster-config/runtime-logs/classes/ts-order-service/user/EvoMaster_Test_faults/compile_stdout.log,/home/azureuser/train-ticket-aitest/evomaster/evomaster-config/runtime-logs/classes/ts-order-service/user/EvoMaster_Test_faults/compile_stderr.log,True,True,0,,0,False,6.52,5.59,159.14,Test passed (detected via Surefire XML),/home/azureuser/train-ticket-aitest/evomaster/evomaster-config/runtime-logs/methods/ts-order-service/user/EvoMaster_Test_faults/test_1_putOnOrderReturnsMismatchResponseWithSchema,/home/azureuser/train-ticket-aitest/evomaster/evomaster-config/runtime-logs/methods/ts-order-service/user/EvoMaster_Test_faults/test_1_putOnOrderReturnsMismatchResponseWithSchema/run.log,/home/azureuser/train-ticket-aitest/evomaster/evomaster-config/runtime-logs/methods/ts-order-service/user/EvoMaster_Test_faults/test_1_putOnOrderReturnsMismatchResponseWithSchema/run_stdout.log,/home/azureuser/train-ticket-aitest/evomaster/evomaster-config/runtime-logs/methods/ts-order-service/user/EvoMaster_Test_faults/test_1_putOnOrderReturnsMismatchResponseWithSchema/run_stderr.log
ts-preserve-service,admin,EvoMaster_Test_faults.java,EvoMaster_Test_faults,test_0_postOnPreserveShowsFaults_100_101,False,1,500,/api/v1/preserveservice/preserve,POST,500,.statusCode(500) .assertThat(),6,".post(baseUrlOfSut + ""/api/v1/preserveservice/preserve"")",".body("" { "" + 
                    "" \""accountId\"": \""1tuCD\"", "" + 
                    "" \""contactsId\"": \""jS5cYwwm\"", "" + 
                    "" \""seatType\"": 469, "" + 
                    "" \""to\"": \""Z3p3ffEQ3jF\"", "" + 
                    "" \""foodPrice\"": 0.8728119361210646, "" + 
                    "" \""storeName\"": \""\"", "" + 
                    "" \""handleDate\"": \""FRRT4MVOCNZ6v\"", "" + 
                    "" \""consigneeName\"": \""5ls\"" "" + 
                    "" } "")",".header(""Authorization"", ""Bearer eyJhbGciOiJIUzI1NiJ9.eyJzdWIiOiJhZG1pbiIsInJvbGVzIjpbIlJPTEVfQURNSU4iXSwiaWQiOiIyZmIyYjZhZS1lMWQ2LTQ2NTUtYTYwZC1lMjcxNzU2ZmQ0YWEiLCJpYXQiOjE3NjYwMzAyMjMsImV4cCI6MTc2NjAzMzgyM30.10yGFd7KTp0aLPwlC5oMbbTil4WHFbtAh71mwv5xI4Y"")",faults,/home/azureuser/train-ticket-aitest/evomaster/generated-tests/blackbox/ts-preserve-service/admin/EvoMaster_Test_faults.java,21,6,True,0,,0,0,,100.0,0,0,0,0,0,0,False,,/home/azureuser/train-ticket-aitest/evomaster/evomaster-config/runtime-logs/classes/ts-preserve-service/admin/EvoMaster_Test_faults,/home/azureuser/train-ticket-aitest/evomaster/evomaster-config/runtime-logs/classes/ts-preserve-service/admin/EvoMaster_Test_faults/compile.log,/home/azureuser/train-ticket-aitest/evomaster/evomaster-config/runtime-logs/classes/ts-preserve-service/admin/EvoMaster_Test_faults/compile_stdout.log,/home/azureuser/train-ticket-aitest/evomaster/evomaster-config/runtime-logs/classes/ts-preserve-service/admin/EvoMaster_Test_faults/compile_stderr.log,False,True,1,java.lang.AssertionError;test_failure,1,False,6.52,5.86,173.04,"Tests run: 1, Failures: 1, Errors: 0, Skipped: 0",/home/azureuser/train-ticket-aitest/evomaster/evomaster-config/runtime-logs/methods/ts-preserve-service/admin/EvoMaster_Test_faults/test_0_postOnPreserveShowsFaults_100_101,/home/azureuser/train-ticket-aitest/evomaster/evomaster-config/runtime-logs/methods/ts-preserve-service/admin/EvoMaster_Test_faults/test_0_postOnPreserveShowsFaults_100_101/run.log,/home/azureuser/train-ticket-aitest/evomaster/evomaster-config/runtime-logs/methods/ts-preserve-service/admin/EvoMaster_Test_faults/test_0_postOnPreserveShowsFaults_100_101/run_stdout.log,/home/azureuser/train-ticket-aitest/evomaster/evomaster-config/runtime-logs/methods/ts-preserve-service/admin/EvoMaster_Test_faults/test_0_postOnPreserveShowsFaults_100_101/run_stderr.log
ts-preserve-service,admin,EvoMaster_Test_faults.java,EvoMaster_Test_faults,test_1_postOnPreserveReturnsMismatchResponseWithSchema,False,1,403,/api/v1/preserveservice/preserve,POST,403,.statusCode(403) .assertThat(),2,".post(baseUrlOfSut + ""/api/v1/preserveservice/preserve"")",".body("" { "" + 
                    "" \""contactsId\"": \""5\"", "" + 
                    "" \""tripId\"": \""hKBXtqdwBdFxG\"", "" + 
                    "" \""to\"": \""RVN3cMuTZNb_4i\"", "" + 
                    "" \""assurance\"": 30, "" + 
                    "" \""foodType\"": 284, "" + 
                    "" \""foodName\"": \""otNaei25l_N7J\"", "" + 
                    "" \""stationName\"": \""\"", "" + 
                    "" \""consigneePhone\"": \""Ijgq8kQUu\"", "" + 
                    "" \""consigneeWeight\"": 0.7369360632010675 "" + 
                    "" } "")",".header(""Authorization"", ""Bearer eyJhbGciOiJIUzI1NiJ9.eyJzdWIiOiJhZG1pbiIsInJvbGVzIjpbIlJPTEVfQURNSU4iXSwiaWQiOiIyZmIyYjZhZS1lMWQ2LTQ2NTUtYTYwZC1lMjcxNzU2ZmQ0YWEiLCJpYXQiOjE3NjYwMzAyMjMsImV4cCI6MTc2NjAzMzgyM30.10yGFd7KTp0aLPwlC5oMbbTil4WHFbtAh71mwv5xI4Y"")",faults,/home/azureuser/train-ticket-aitest/evomaster/generated-tests/blackbox/ts-preserve-service/admin/EvoMaster_Test_faults.java,21,6,True,0,,0,0,,100.0,0,0,0,0,0,0,False,,/home/azureuser/train-ticket-aitest/evomaster/evomaster-config/runtime-logs/classes/ts-preserve-service/admin/EvoMaster_Test_faults,/home/azureuser/train-ticket-aitest/evomaster/evomaster-config/runtime-logs/classes/ts-preserve-service/admin/EvoMaster_Test_faults/compile.log,/home/azureuser/train-ticket-aitest/evomaster/evomaster-config/runtime-logs/classes/ts-preserve-service/admin/EvoMaster_Test_faults/compile_stdout.log,/home/azureuser/train-ticket-aitest/evomaster/evomaster-config/runtime-logs/classes/ts-preserve-service/admin/EvoMaster_Test_faults/compile_stderr.log,True,True,0,,0,False,6.01,5.22,153.36,Test passed (detected via Surefire XML),/home/azureuser/train-ticket-aitest/evomaster/evomaster-config/runtime-logs/methods/ts-preserve-service/admin/EvoMaster_Test_faults/test_1_postOnPreserveReturnsMismatchResponseWithSchema,/home/azureuser/train-ticket-aitest/evomaster/evomaster-config/runtime-logs/methods/ts-preserve-service/admin/EvoMaster_Test_faults/test_1_postOnPreserveReturnsMismatchResponseWithSchema/run.log,/home/azureuser/train-ticket-aitest/evomaster/evomaster-config/runtime-logs/methods/ts-preserve-service/admin/EvoMaster_Test_faults/test_1_postOnPreserveReturnsMismatchResponseWithSchema/run_stdout.log,/home/azureuser/train-ticket-aitest/evomaster/evomaster-config/runtime-logs/methods/ts-preserve-service/admin/EvoMaster_Test_faults/test_1_postOnPreserveReturnsMismatchResponseWithSchema/run_stderr.log
ts-preserve-service,none,EvoMaster_Test_faults.java,EvoMaster_Test_faults,test_0_postOnPreserveShowsFaults_100_101,False,1,500,/api/v1/preserveservice/preserve,POST,500,.statusCode(500) .assertThat(),6,".post(baseUrlOfSut + ""/api/v1/preserveservice/preserve"")",".body("" { "" + 
                    "" \""accountId\"": \""nCESDgr\"", "" + 
                    "" \""contactsId\"": \""\"", "" + 
                    "" \""seatType\"": 961, "" + 
                    "" \""date\"": \""1976-00-07\"", "" + 
                    "" \""from\"": \""BlV\"", "" + 
                    "" \""to\"": \""gpyKxbO\"", "" + 
                    "" \""foodType\"": 691, "" + 
                    "" \""storeName\"": \""ZMB6\"", "" + 
                    "" \""consigneePhone\"": \""\"" "" + 
                    "" } "")",,faults,/home/azureuser/train-ticket-aitest/evomaster/generated-tests/blackbox/ts-preserve-service/none/EvoMaster_Test_faults.java,21,6,True,0,,0,0,,100.0,0,0,0,0,0,0,False,,/home/azureuser/train-ticket-aitest/evomaster/evomaster-config/runtime-logs/classes/ts-preserve-service/none/EvoMaster_Test_faults,/home/azureuser/train-ticket-aitest/evomaster/evomaster-config/runtime-logs/classes/ts-preserve-service/none/EvoMaster_Test_faults/compile.log,/home/azureuser/train-ticket-aitest/evomaster/evomaster-config/runtime-logs/classes/ts-preserve-service/none/EvoMaster_Test_faults/compile_stdout.log,/home/azureuser/train-ticket-aitest/evomaster/evomaster-config/runtime-logs/classes/ts-preserve-service/none/EvoMaster_Test_faults/compile_stderr.log,False,True,1,java.lang.AssertionError;test_failure,1,False,6.51,5.35,153.14,"Tests run: 1, Failures: 1, Errors: 0, Skipped: 0",/home/azureuser/train-ticket-aitest/evomaster/evomaster-config/runtime-logs/methods/ts-preserve-service/none/EvoMaster_Test_faults/test_0_postOnPreserveShowsFaults_100_101,/home/azureuser/train-ticket-aitest/evomaster/evomaster-config/runtime-logs/methods/ts-preserve-service/none/EvoMaster_Test_faults/test_0_postOnPreserveShowsFaults_100_101/run.log,/home/azureuser/train-ticket-aitest/evomaster/evomaster-config/runtime-logs/methods/ts-preserve-service/none/EvoMaster_Test_faults/test_0_postOnPreserveShowsFaults_100_101/run_stdout.log,/home/azureuser/train-ticket-aitest/evomaster/evomaster-config/runtime-logs/methods/ts-preserve-service/none/EvoMaster_Test_faults/test_0_postOnPreserveShowsFaults_100_101/run_stderr.log
ts-preserve-service,user,EvoMaster_Test_faults.java,EvoMaster_Test_faults,test_0_postOnPreserveShowsFaults_100_101,False,1,500,/api/v1/preserveservice/preserve,POST,500,.statusCode(500) .assertThat(),6,".post(baseUrlOfSut + ""/api/v1/preserveservice/preserve"")",".body("" { "" + 
                    "" \""accountId\"": \""6eE7vKPMeivz\"", "" + 
                    "" \""tripId\"": \""QvHx1clR5omo\"", "" + 
                    "" \""seatType\"": 251, "" + 
                    "" \""date\"": \""1924-11-21\"", "" + 
                    "" \""from\"": \""qKw_BfTZUlFAZ_6n\"", "" + 
                    "" \""to\"": \""Gg\"", "" + 
                    "" \""assurance\"": 992, "" + 
                    "" \""foodType\"": 94, "" + 
                    "" \""storeName\"": \""LJdBekSF\"", "" + 
                    "" \""handleDate\"": \""M055bId\"", "" + 
                    "" \""consigneeWeight\"": 0.35361882669535705 "" + 
                    "" } "")",,faults,/home/azureuser/train-ticket-aitest/evomaster/generated-tests/blackbox/ts-preserve-service/user/EvoMaster_Test_faults.java,21,6,True,0,,0,0,,100.0,0,0,0,0,0,0,False,,/home/azureuser/train-ticket-aitest/evomaster/evomaster-config/runtime-logs/classes/ts-preserve-service/user/EvoMaster_Test_faults,/home/azureuser/train-ticket-aitest/evomaster/evomaster-config/runtime-logs/classes/ts-preserve-service/user/EvoMaster_Test_faults/compile.log,/home/azureuser/train-ticket-aitest/evomaster/evomaster-config/runtime-logs/classes/ts-preserve-service/user/EvoMaster_Test_faults/compile_stdout.log,/home/azureuser/train-ticket-aitest/evomaster/evomaster-config/runtime-logs/classes/ts-preserve-service/user/EvoMaster_Test_faults/compile_stderr.log,False,True,1,java.lang.AssertionError;test_failure,1,False,6.51,5.51,159.61,"Tests run: 1, Failures: 1, Errors: 0, Skipped: 0",/home/azureuser/train-ticket-aitest/evomaster/evomaster-config/runtime-logs/methods/ts-preserve-service/user/EvoMaster_Test_faults/test_0_postOnPreserveShowsFaults_100_101,/home/azureuser/train-ticket-aitest/evomaster/evomaster-config/runtime-logs/methods/ts-preserve-service/user/EvoMaster_Test_faults/test_0_postOnPreserveShowsFaults_100_101/run.log,/home/azureuser/train-ticket-aitest/evomaster/evomaster-config/runtime-logs/methods/ts-preserve-service/user/EvoMaster_Test_faults/test_0_postOnPreserveShowsFaults_100_101/run_stdout.log,/home/azureuser/train-ticket-aitest/evomaster/evomaster-config/runtime-logs/methods/ts-preserve-service/user/EvoMaster_Test_faults/test_0_postOnPreserveShowsFaults_100_101/run_stderr.log
ts-preserve-service,user,EvoMaster_Test_faults.java,EvoMaster_Test_faults,test_1_postOnPreserveReturnsMismatchResponseWithSchema,False,1,403,/api/v1/preserveservice/preserve,POST,403,.statusCode(403) .assertThat(),2,".post(baseUrlOfSut + ""/api/v1/preserveservice/preserve"")",".body("" { "" + 
                    "" \""accountId\"": \""aOHgOBqx16\"", "" + 
                    "" \""contactsId\"": \""oOOChDFfm7e7gz4\"", "" + 
                    "" \""tripId\"": \""VedlMFYXjSjw0v\"", "" + 
                    "" \""date\"": \""2044-01-31\"", "" + 
                    "" \""from\"": \""BMLwsb976K5\"", "" + 
                    "" \""to\"": \""nu64tuMECky6Nq7w\"", "" + 
                    "" \""assurance\"": 756, "" + 
                    "" \""foodType\"": 222, "" + 
                    "" \""foodName\"": \""\"", "" + 
                    "" \""storeName\"": \""33TZsxxva\"", "" + 
                    "" \""consigneeName\"": \""Alont2RgQJ0\"", "" + 
                    "" \""consigneePhone\"": \""vA_gpfGXjLNEgLvZ\"", "" + 
                    "" \""consigneeWeight\"": 0.1603586509324817 "" + 
                    "" } "")",".header(""Authorization"", ""Bearer eyJhbGciOiJIUzI1NiJ9.eyJzdWIiOiJmZHNlX21pY3Jvc2VydmljZSIsInJvbGVzIjpbIlJPTEVfVVNFUiJdLCJpZCI6IjRkMmE0NmM3LTcxY2ItNGNmMS1iNWJiLWI2ODQwNmQ5ZGE2ZiIsImlhdCI6MTc2NjAzMDg4NywiZXhwIjoxNzY2MDM0NDg3fQ.xdVt-PdwYRe5wwzaINFovFHXmVZVi1t2sIRlLHctgO0"")",faults,/home/azureuser/train-ticket-aitest/evomaster/generated-tests/blackbox/ts-preserve-service/user/EvoMaster_Test_faults.java,21,6,True,0,,0,0,,100.0,0,0,0,0,0,0,False,,/home/azureuser/train-ticket-aitest/evomaster/evomaster-config/runtime-logs/classes/ts-preserve-service/user/EvoMaster_Test_faults,/home/azureuser/train-ticket-aitest/evomaster/evomaster-config/runtime-logs/classes/ts-preserve-service/user/EvoMaster_Test_faults/compile.log,/home/azureuser/train-ticket-aitest/evomaster/evomaster-config/runtime-logs/classes/ts-preserve-service/user/EvoMaster_Test_faults/compile_stdout.log,/home/azureuser/train-ticket-aitest/evomaster/evomaster-config/runtime-logs/classes/ts-preserve-service/user/EvoMaster_Test_faults/compile_stderr.log,True,True,0,,0,False,6.01,5.32,157.91,Test passed (detected via Surefire XML),/home/azureuser/train-ticket-aitest/evomaster/evomaster-config/runtime-logs/methods/ts-preserve-service/user/EvoMaster_Test_faults/test_1_postOnPreserveReturnsMismatchResponseWithSchema,/home/azureuser/train-ticket-aitest/evomaster/evomaster-config/runtime-logs/methods/ts-preserve-service/user/EvoMaster_Test_faults/test_1_postOnPreserveReturnsMismatchResponseWithSchema/run.log,/home/azureuser/train-ticket-aitest/evomaster/evomaster-config/runtime-logs/methods/ts-preserve-service/user/EvoMaster_Test_faults/test_1_postOnPreserveReturnsMismatchResponseWithSchema/run_stdout.log,/home/azureuser/train-ticket-aitest/evomaster/evomaster-config/runtime-logs/methods/ts-preserve-service/user/EvoMaster_Test_faults/test_1_postOnPreserveReturnsMismatchResponseWithSchema/run_stderr.log
