service,profile,file,class,test_method,is_complex_method,call_index,call_expected_status_code,endpoint,http,asserted_code,asserts_the_expected_HTTP_status_codes?,assert_count,missing_url_parameter_values,missing_request_body,credentials_header,file_type,file_path,imports_count,wildcard_imports,compiled,compile_error_count,compile_error_types,missing_imports,incorrect_imports,unused_imports,dependency_availability_pct,syntax_errors,type_errors,undefined_variables,type_annotation_errors,generic_type_misuses,compile_exit_code,compile_timeout,compile_error_summary,class_log_dir,compile_log_path,compile_stdout_log_path,compile_stderr_log_path,runs,run_detected,runtime_error_count,runtime_error_types,run_exit_code,run_timeout,execution_seconds,cpu_seconds,peak_working_set_mb,run_error_summary,method_log_dir,run_log_path,run_stdout_log_path,run_stderr_log_path
ts-admin-basic-service,admin,EvoMaster_ts-admin-basic-service_admin_faults.java,EvoMaster_ts_admin_basic_service_admin_faults,test_0_getOnPricesShowsFaults_100_101,True,1,500,/api/v1/adminbasicservice/adminbasic/prices,POST,500;403;200,.statusCode(500) .assertThat() | .statusCode(403) .assertThat() | .statusCode(200) .assertThat(),66,".post(baseUrlOfSut + ""/api/v1/adminbasicservice/adminbasic/prices"") | .delete(baseUrlOfSut + ""/api/v1/adminbasicservice/adminbasic/stations/UYaiR4O62GwCxJ4g"") | .post(baseUrlOfSut + ""/api/v1/adminbasicservice/adminbasic/prices"") | .get(baseUrlOfSut + ""/api/v1/adminbasicservice/adminbasic/prices"") | .delete(baseUrlOfSut + ""/api/v1/adminbasicservice/adminbasic/stations/maxCLkijILA"") | .post(baseUrlOfSut + ""/api/v1/adminbasicservice/adminbasic/prices"") | .post(baseUrlOfSut + ""/api/v1/adminbasicservice/adminbasic/prices"") | .delete(baseUrlOfSut + ""/api/v1/adminbasicservice/adminbasic/stations/aUSRpPf5yQwVt7q"") | .get(baseUrlOfSut + ""/api/v1/adminbasicservice/adminbasic/prices"")",".body("" { "" + 
                    "" \""id\"": \""vhMfQw\"", "" + 
                    "" \""trainType\"": \""WsZCZcycQUqya_CT\"", "" + 
                    "" \""routeId\"": \""MNajTe8IKba\"", "" + 
                    "" \""basicPriceRate\"": 0.5704657965203657, "" + 
                    "" \""firstClassPriceRate\"": 0.38721113436172394 "" + 
                    "" } "") | .body("" { "" + 
                    "" \""id\"": \""YlwGDqTzFK\"", "" + 
                    "" \""trainType\"": \""IvTVbrym2\"", "" + 
                    "" \""routeId\"": \""kN2PsN8nkoxzQE\"" "" + 
                    "" } "") | .body("" { "" + 
                    "" \""id\"": \""HHwvdtzYbv\"", "" + 
                    "" \""basicPriceRate\"": 0.7473234708283137, "" + 
                    "" \""firstClassPriceRate\"": 0.5304025343053032 "" + 
                    "" } "") | .body("" { "" + 
                    "" \""trainType\"": \""MU\"", "" + 
                    "" \""routeId\"": \""djdd\"", "" + 
                    "" \""firstClassPriceRate\"": 0.5599988983363684 "" + 
                    "" } "")",".header(""Authorization"", ""Bearer eyJhbGciOiJIUzI1NiJ9.eyJzdWIiOiJhZG1pbiIsInJvbGVzIjpbIlJPTEVfQURNSU4iXSwiaWQiOiI2ZGNiOGUyZC05ZTE0LTRlZWMtYTJiYy0xZDljZDk0ZWQ1MzMiLCJpYXQiOjE3Nzg0MjU1MzksImV4cCI6MTc3ODQyOTEzOX0.qB1ogDpTOmUcDYha_7ee5yv5p2gr7VBfko2YHDOagpE"") | .header(""Authorization"", ""Bearer eyJhbGciOiJIUzI1NiJ9.eyJzdWIiOiJhZG1pbiIsInJvbGVzIjpbIlJPTEVfQURNSU4iXSwiaWQiOiI2ZGNiOGUyZC05ZTE0LTRlZWMtYTJiYy0xZDljZDk0ZWQ1MzMiLCJpYXQiOjE3Nzg0MjU1MzksImV4cCI6MTc3ODQyOTEzOX0.qB1ogDpTOmUcDYha_7ee5yv5p2gr7VBfko2YHDOagpE"") | .header(""Authorization"", ""Bearer eyJhbGciOiJIUzI1NiJ9.eyJzdWIiOiJhZG1pbiIsInJvbGVzIjpbIlJPTEVfQURNSU4iXSwiaWQiOiI2ZGNiOGUyZC05ZTE0LTRlZWMtYTJiYy0xZDljZDk0ZWQ1MzMiLCJpYXQiOjE3Nzg0MjU1MzksImV4cCI6MTc3ODQyOTEzOX0.qB1ogDpTOmUcDYha_7ee5yv5p2gr7VBfko2YHDOagpE"") | .header(""Authorization"", ""Bearer eyJhbGciOiJIUzI1NiJ9.eyJzdWIiOiJhZG1pbiIsInJvbGVzIjpbIlJPTEVfQURNSU4iXSwiaWQiOiI2ZGNiOGUyZC05ZTE0LTRlZWMtYTJiYy0xZDljZDk0ZWQ1MzMiLCJpYXQiOjE3Nzg0MjU1MzksImV4cCI6MTc3ODQyOTEzOX0.qB1ogDpTOmUcDYha_7ee5yv5p2gr7VBfko2YHDOagpE"") | .header(""Authorization"", ""Bearer eyJhbGciOiJIUzI1NiJ9.eyJzdWIiOiJhZG1pbiIsInJvbGVzIjpbIlJPTEVfQURNSU4iXSwiaWQiOiI2ZGNiOGUyZC05ZTE0LTRlZWMtYTJiYy0xZDljZDk0ZWQ1MzMiLCJpYXQiOjE3Nzg0MjU1MzksImV4cCI6MTc3ODQyOTEzOX0.qB1ogDpTOmUcDYha_7ee5yv5p2gr7VBfko2YHDOagpE"") | .header(""Authorization"", ""Bearer eyJhbGciOiJIUzI1NiJ9.eyJzdWIiOiJhZG1pbiIsInJvbGVzIjpbIlJPTEVfQURNSU4iXSwiaWQiOiI2ZGNiOGUyZC05ZTE0LTRlZWMtYTJiYy0xZDljZDk0ZWQ1MzMiLCJpYXQiOjE3Nzg0MjU1MzksImV4cCI6MTc3ODQyOTEzOX0.qB1ogDpTOmUcDYha_7ee5yv5p2gr7VBfko2YHDOagpE"") | .header(""Authorization"", ""Bearer eyJhbGciOiJIUzI1NiJ9.eyJzdWIiOiJhZG1pbiIsInJvbGVzIjpbIlJPTEVfQURNSU4iXSwiaWQiOiI2ZGNiOGUyZC05ZTE0LTRlZWMtYTJiYy0xZDljZDk0ZWQ1MzMiLCJpYXQiOjE3Nzg0MjU1MzksImV4cCI6MTc3ODQyOTEzOX0.qB1ogDpTOmUcDYha_7ee5yv5p2gr7VBfko2YHDOagpE"") | .header(""Authorization"", ""Bearer eyJhbGciOiJIUzI1NiJ9.eyJzdWIiOiJhZG1pbiIsInJvbGVzIjpbIlJPTEVfQURNSU4iXSwiaWQiOiI2ZGNiOGUyZC05ZTE0LTRlZWMtYTJiYy0xZDljZDk0ZWQ1MzMiLCJpYXQiOjE3Nzg0MjU1MzksImV4cCI6MTc3ODQyOTEzOX0.qB1ogDpTOmUcDYha_7ee5yv5p2gr7VBfko2YHDOagpE"") | .header(""Authorization"", ""Bearer eyJhbGciOiJIUzI1NiJ9.eyJzdWIiOiJhZG1pbiIsInJvbGVzIjpbIlJPTEVfQURNSU4iXSwiaWQiOiI2ZGNiOGUyZC05ZTE0LTRlZWMtYTJiYy0xZDljZDk0ZWQ1MzMiLCJpYXQiOjE3Nzg0MjU1MzksImV4cCI6MTc3ODQyOTEzOX0.qB1ogDpTOmUcDYha_7ee5yv5p2gr7VBfko2YHDOagpE"")",faults,/mnt/train-ticket-aitest/evomaster/evomaster-config/generated-tests/blackbox/ts-admin-basic-service/admin/EvoMaster_ts-admin-basic-service_admin_faults.java,21,6,True,0,,0,0,,100.0,0,0,0,0,0,0,False,,/mnt/train-ticket-aitest/evomaster/evomaster-config/runtime-logs/classes/ts-admin-basic-service/admin/EvoMaster_ts_admin_basic_service_admin_faults,/mnt/train-ticket-aitest/evomaster/evomaster-config/runtime-logs/classes/ts-admin-basic-service/admin/EvoMaster_ts_admin_basic_service_admin_faults/compile.log,/mnt/train-ticket-aitest/evomaster/evomaster-config/runtime-logs/classes/ts-admin-basic-service/admin/EvoMaster_ts_admin_basic_service_admin_faults/compile_stdout.log,/mnt/train-ticket-aitest/evomaster/evomaster-config/runtime-logs/classes/ts-admin-basic-service/admin/EvoMaster_ts_admin_basic_service_admin_faults/compile_stderr.log,False,True,1,java.lang.AssertionError;test_failure,1,False,11.02,6.95,160.46,"Tests run: 1, Failures: 1, Errors: 0, Skipped: 0",/mnt/train-ticket-aitest/evomaster/evomaster-config/runtime-logs/methods/ts-admin-basic-service/admin/EvoMaster_ts_admin_basic_service_admin_faults/test_0_getOnPricesShowsFaults_100_101,/mnt/train-ticket-aitest/evomaster/evomaster-config/runtime-logs/methods/ts-admin-basic-service/admin/EvoMaster_ts_admin_basic_service_admin_faults/test_0_getOnPricesShowsFaults_100_101/run.log,/mnt/train-ticket-aitest/evomaster/evomaster-config/runtime-logs/methods/ts-admin-basic-service/admin/EvoMaster_ts_admin_basic_service_admin_faults/test_0_getOnPricesShowsFaults_100_101/run_stdout.log,/mnt/train-ticket-aitest/evomaster/evomaster-config/runtime-logs/methods/ts-admin-basic-service/admin/EvoMaster_ts_admin_basic_service_admin_faults/test_0_getOnPricesShowsFaults_100_101/run_stderr.log
ts-admin-basic-service,admin,EvoMaster_ts-admin-basic-service_admin_faults.java,EvoMaster_ts_admin_basic_service_admin_faults,test_0_getOnPricesShowsFaults_100_101,True,2,403,/api/v1/adminbasicservice/adminbasic/stations/{id},DELETE,500;403;200,.statusCode(500) .assertThat() | .statusCode(403) .assertThat() | .statusCode(200) .assertThat(),66,".post(baseUrlOfSut + ""/api/v1/adminbasicservice/adminbasic/prices"") | .delete(baseUrlOfSut + ""/api/v1/adminbasicservice/adminbasic/stations/UYaiR4O62GwCxJ4g"") | .post(baseUrlOfSut + ""/api/v1/adminbasicservice/adminbasic/prices"") | .get(baseUrlOfSut + ""/api/v1/adminbasicservice/adminbasic/prices"") | .delete(baseUrlOfSut + ""/api/v1/adminbasicservice/adminbasic/stations/maxCLkijILA"") | .post(baseUrlOfSut + ""/api/v1/adminbasicservice/adminbasic/prices"") | .post(baseUrlOfSut + ""/api/v1/adminbasicservice/adminbasic/prices"") | .delete(baseUrlOfSut + ""/api/v1/adminbasicservice/adminbasic/stations/aUSRpPf5yQwVt7q"") | .get(baseUrlOfSut + ""/api/v1/adminbasicservice/adminbasic/prices"")",".body("" { "" + 
                    "" \""id\"": \""vhMfQw\"", "" + 
                    "" \""trainType\"": \""WsZCZcycQUqya_CT\"", "" + 
                    "" \""routeId\"": \""MNajTe8IKba\"", "" + 
                    "" \""basicPriceRate\"": 0.5704657965203657, "" + 
                    "" \""firstClassPriceRate\"": 0.38721113436172394 "" + 
                    "" } "") | .body("" { "" + 
                    "" \""id\"": \""YlwGDqTzFK\"", "" + 
                    "" \""trainType\"": \""IvTVbrym2\"", "" + 
                    "" \""routeId\"": \""kN2PsN8nkoxzQE\"" "" + 
                    "" } "") | .body("" { "" + 
                    "" \""id\"": \""HHwvdtzYbv\"", "" + 
                    "" \""basicPriceRate\"": 0.7473234708283137, "" + 
                    "" \""firstClassPriceRate\"": 0.5304025343053032 "" + 
                    "" } "") | .body("" { "" + 
                    "" \""trainType\"": \""MU\"", "" + 
                    "" \""routeId\"": \""djdd\"", "" + 
                    "" \""firstClassPriceRate\"": 0.5599988983363684 "" + 
                    "" } "")",".header(""Authorization"", ""Bearer eyJhbGciOiJIUzI1NiJ9.eyJzdWIiOiJhZG1pbiIsInJvbGVzIjpbIlJPTEVfQURNSU4iXSwiaWQiOiI2ZGNiOGUyZC05ZTE0LTRlZWMtYTJiYy0xZDljZDk0ZWQ1MzMiLCJpYXQiOjE3Nzg0MjU1MzksImV4cCI6MTc3ODQyOTEzOX0.qB1ogDpTOmUcDYha_7ee5yv5p2gr7VBfko2YHDOagpE"") | .header(""Authorization"", ""Bearer eyJhbGciOiJIUzI1NiJ9.eyJzdWIiOiJhZG1pbiIsInJvbGVzIjpbIlJPTEVfQURNSU4iXSwiaWQiOiI2ZGNiOGUyZC05ZTE0LTRlZWMtYTJiYy0xZDljZDk0ZWQ1MzMiLCJpYXQiOjE3Nzg0MjU1MzksImV4cCI6MTc3ODQyOTEzOX0.qB1ogDpTOmUcDYha_7ee5yv5p2gr7VBfko2YHDOagpE"") | .header(""Authorization"", ""Bearer eyJhbGciOiJIUzI1NiJ9.eyJzdWIiOiJhZG1pbiIsInJvbGVzIjpbIlJPTEVfQURNSU4iXSwiaWQiOiI2ZGNiOGUyZC05ZTE0LTRlZWMtYTJiYy0xZDljZDk0ZWQ1MzMiLCJpYXQiOjE3Nzg0MjU1MzksImV4cCI6MTc3ODQyOTEzOX0.qB1ogDpTOmUcDYha_7ee5yv5p2gr7VBfko2YHDOagpE"") | .header(""Authorization"", ""Bearer eyJhbGciOiJIUzI1NiJ9.eyJzdWIiOiJhZG1pbiIsInJvbGVzIjpbIlJPTEVfQURNSU4iXSwiaWQiOiI2ZGNiOGUyZC05ZTE0LTRlZWMtYTJiYy0xZDljZDk0ZWQ1MzMiLCJpYXQiOjE3Nzg0MjU1MzksImV4cCI6MTc3ODQyOTEzOX0.qB1ogDpTOmUcDYha_7ee5yv5p2gr7VBfko2YHDOagpE"") | .header(""Authorization"", ""Bearer eyJhbGciOiJIUzI1NiJ9.eyJzdWIiOiJhZG1pbiIsInJvbGVzIjpbIlJPTEVfQURNSU4iXSwiaWQiOiI2ZGNiOGUyZC05ZTE0LTRlZWMtYTJiYy0xZDljZDk0ZWQ1MzMiLCJpYXQiOjE3Nzg0MjU1MzksImV4cCI6MTc3ODQyOTEzOX0.qB1ogDpTOmUcDYha_7ee5yv5p2gr7VBfko2YHDOagpE"") | .header(""Authorization"", ""Bearer eyJhbGciOiJIUzI1NiJ9.eyJzdWIiOiJhZG1pbiIsInJvbGVzIjpbIlJPTEVfQURNSU4iXSwiaWQiOiI2ZGNiOGUyZC05ZTE0LTRlZWMtYTJiYy0xZDljZDk0ZWQ1MzMiLCJpYXQiOjE3Nzg0MjU1MzksImV4cCI6MTc3ODQyOTEzOX0.qB1ogDpTOmUcDYha_7ee5yv5p2gr7VBfko2YHDOagpE"") | .header(""Authorization"", ""Bearer eyJhbGciOiJIUzI1NiJ9.eyJzdWIiOiJhZG1pbiIsInJvbGVzIjpbIlJPTEVfQURNSU4iXSwiaWQiOiI2ZGNiOGUyZC05ZTE0LTRlZWMtYTJiYy0xZDljZDk0ZWQ1MzMiLCJpYXQiOjE3Nzg0MjU1MzksImV4cCI6MTc3ODQyOTEzOX0.qB1ogDpTOmUcDYha_7ee5yv5p2gr7VBfko2YHDOagpE"") | .header(""Authorization"", ""Bearer eyJhbGciOiJIUzI1NiJ9.eyJzdWIiOiJhZG1pbiIsInJvbGVzIjpbIlJPTEVfQURNSU4iXSwiaWQiOiI2ZGNiOGUyZC05ZTE0LTRlZWMtYTJiYy0xZDljZDk0ZWQ1MzMiLCJpYXQiOjE3Nzg0MjU1MzksImV4cCI6MTc3ODQyOTEzOX0.qB1ogDpTOmUcDYha_7ee5yv5p2gr7VBfko2YHDOagpE"") | .header(""Authorization"", ""Bearer eyJhbGciOiJIUzI1NiJ9.eyJzdWIiOiJhZG1pbiIsInJvbGVzIjpbIlJPTEVfQURNSU4iXSwiaWQiOiI2ZGNiOGUyZC05ZTE0LTRlZWMtYTJiYy0xZDljZDk0ZWQ1MzMiLCJpYXQiOjE3Nzg0MjU1MzksImV4cCI6MTc3ODQyOTEzOX0.qB1ogDpTOmUcDYha_7ee5yv5p2gr7VBfko2YHDOagpE"")",faults,/mnt/train-ticket-aitest/evomaster/evomaster-config/generated-tests/blackbox/ts-admin-basic-service/admin/EvoMaster_ts-admin-basic-service_admin_faults.java,21,6,True,0,,0,0,,100.0,0,0,0,0,0,0,False,,/mnt/train-ticket-aitest/evomaster/evomaster-config/runtime-logs/classes/ts-admin-basic-service/admin/EvoMaster_ts_admin_basic_service_admin_faults,/mnt/train-ticket-aitest/evomaster/evomaster-config/runtime-logs/classes/ts-admin-basic-service/admin/EvoMaster_ts_admin_basic_service_admin_faults/compile.log,/mnt/train-ticket-aitest/evomaster/evomaster-config/runtime-logs/classes/ts-admin-basic-service/admin/EvoMaster_ts_admin_basic_service_admin_faults/compile_stdout.log,/mnt/train-ticket-aitest/evomaster/evomaster-config/runtime-logs/classes/ts-admin-basic-service/admin/EvoMaster_ts_admin_basic_service_admin_faults/compile_stderr.log,False,True,1,java.lang.AssertionError;test_failure,1,False,9.08,6.9,162.3,"Tests run: 1, Failures: 1, Errors: 0, Skipped: 0",/mnt/train-ticket-aitest/evomaster/evomaster-config/runtime-logs/methods/ts-admin-basic-service/admin/EvoMaster_ts_admin_basic_service_admin_faults/test_0_getOnPricesShowsFaults_100_101,/mnt/train-ticket-aitest/evomaster/evomaster-config/runtime-logs/methods/ts-admin-basic-service/admin/EvoMaster_ts_admin_basic_service_admin_faults/test_0_getOnPricesShowsFaults_100_101/run.log,/mnt/train-ticket-aitest/evomaster/evomaster-config/runtime-logs/methods/ts-admin-basic-service/admin/EvoMaster_ts_admin_basic_service_admin_faults/test_0_getOnPricesShowsFaults_100_101/run_stdout.log,/mnt/train-ticket-aitest/evomaster/evomaster-config/runtime-logs/methods/ts-admin-basic-service/admin/EvoMaster_ts_admin_basic_service_admin_faults/test_0_getOnPricesShowsFaults_100_101/run_stderr.log
ts-admin-basic-service,admin,EvoMaster_ts-admin-basic-service_admin_faults.java,EvoMaster_ts_admin_basic_service_admin_faults,test_0_getOnPricesShowsFaults_100_101,True,3,500,/api/v1/adminbasicservice/adminbasic/prices,POST,500;403;200,.statusCode(500) .assertThat() | .statusCode(403) .assertThat() | .statusCode(200) .assertThat(),66,".post(baseUrlOfSut + ""/api/v1/adminbasicservice/adminbasic/prices"") | .delete(baseUrlOfSut + ""/api/v1/adminbasicservice/adminbasic/stations/UYaiR4O62GwCxJ4g"") | .post(baseUrlOfSut + ""/api/v1/adminbasicservice/adminbasic/prices"") | .get(baseUrlOfSut + ""/api/v1/adminbasicservice/adminbasic/prices"") | .delete(baseUrlOfSut + ""/api/v1/adminbasicservice/adminbasic/stations/maxCLkijILA"") | .post(baseUrlOfSut + ""/api/v1/adminbasicservice/adminbasic/prices"") | .post(baseUrlOfSut + ""/api/v1/adminbasicservice/adminbasic/prices"") | .delete(baseUrlOfSut + ""/api/v1/adminbasicservice/adminbasic/stations/aUSRpPf5yQwVt7q"") | .get(baseUrlOfSut + ""/api/v1/adminbasicservice/adminbasic/prices"")",".body("" { "" + 
                    "" \""id\"": \""vhMfQw\"", "" + 
                    "" \""trainType\"": \""WsZCZcycQUqya_CT\"", "" + 
                    "" \""routeId\"": \""MNajTe8IKba\"", "" + 
                    "" \""basicPriceRate\"": 0.5704657965203657, "" + 
                    "" \""firstClassPriceRate\"": 0.38721113436172394 "" + 
                    "" } "") | .body("" { "" + 
                    "" \""id\"": \""YlwGDqTzFK\"", "" + 
                    "" \""trainType\"": \""IvTVbrym2\"", "" + 
                    "" \""routeId\"": \""kN2PsN8nkoxzQE\"" "" + 
                    "" } "") | .body("" { "" + 
                    "" \""id\"": \""HHwvdtzYbv\"", "" + 
                    "" \""basicPriceRate\"": 0.7473234708283137, "" + 
                    "" \""firstClassPriceRate\"": 0.5304025343053032 "" + 
                    "" } "") | .body("" { "" + 
                    "" \""trainType\"": \""MU\"", "" + 
                    "" \""routeId\"": \""djdd\"", "" + 
                    "" \""firstClassPriceRate\"": 0.5599988983363684 "" + 
                    "" } "")",".header(""Authorization"", ""Bearer eyJhbGciOiJIUzI1NiJ9.eyJzdWIiOiJhZG1pbiIsInJvbGVzIjpbIlJPTEVfQURNSU4iXSwiaWQiOiI2ZGNiOGUyZC05ZTE0LTRlZWMtYTJiYy0xZDljZDk0ZWQ1MzMiLCJpYXQiOjE3Nzg0MjU1MzksImV4cCI6MTc3ODQyOTEzOX0.qB1ogDpTOmUcDYha_7ee5yv5p2gr7VBfko2YHDOagpE"") | .header(""Authorization"", ""Bearer eyJhbGciOiJIUzI1NiJ9.eyJzdWIiOiJhZG1pbiIsInJvbGVzIjpbIlJPTEVfQURNSU4iXSwiaWQiOiI2ZGNiOGUyZC05ZTE0LTRlZWMtYTJiYy0xZDljZDk0ZWQ1MzMiLCJpYXQiOjE3Nzg0MjU1MzksImV4cCI6MTc3ODQyOTEzOX0.qB1ogDpTOmUcDYha_7ee5yv5p2gr7VBfko2YHDOagpE"") | .header(""Authorization"", ""Bearer eyJhbGciOiJIUzI1NiJ9.eyJzdWIiOiJhZG1pbiIsInJvbGVzIjpbIlJPTEVfQURNSU4iXSwiaWQiOiI2ZGNiOGUyZC05ZTE0LTRlZWMtYTJiYy0xZDljZDk0ZWQ1MzMiLCJpYXQiOjE3Nzg0MjU1MzksImV4cCI6MTc3ODQyOTEzOX0.qB1ogDpTOmUcDYha_7ee5yv5p2gr7VBfko2YHDOagpE"") | .header(""Authorization"", ""Bearer eyJhbGciOiJIUzI1NiJ9.eyJzdWIiOiJhZG1pbiIsInJvbGVzIjpbIlJPTEVfQURNSU4iXSwiaWQiOiI2ZGNiOGUyZC05ZTE0LTRlZWMtYTJiYy0xZDljZDk0ZWQ1MzMiLCJpYXQiOjE3Nzg0MjU1MzksImV4cCI6MTc3ODQyOTEzOX0.qB1ogDpTOmUcDYha_7ee5yv5p2gr7VBfko2YHDOagpE"") | .header(""Authorization"", ""Bearer eyJhbGciOiJIUzI1NiJ9.eyJzdWIiOiJhZG1pbiIsInJvbGVzIjpbIlJPTEVfQURNSU4iXSwiaWQiOiI2ZGNiOGUyZC05ZTE0LTRlZWMtYTJiYy0xZDljZDk0ZWQ1MzMiLCJpYXQiOjE3Nzg0MjU1MzksImV4cCI6MTc3ODQyOTEzOX0.qB1ogDpTOmUcDYha_7ee5yv5p2gr7VBfko2YHDOagpE"") | .header(""Authorization"", ""Bearer eyJhbGciOiJIUzI1NiJ9.eyJzdWIiOiJhZG1pbiIsInJvbGVzIjpbIlJPTEVfQURNSU4iXSwiaWQiOiI2ZGNiOGUyZC05ZTE0LTRlZWMtYTJiYy0xZDljZDk0ZWQ1MzMiLCJpYXQiOjE3Nzg0MjU1MzksImV4cCI6MTc3ODQyOTEzOX0.qB1ogDpTOmUcDYha_7ee5yv5p2gr7VBfko2YHDOagpE"") | .header(""Authorization"", ""Bearer eyJhbGciOiJIUzI1NiJ9.eyJzdWIiOiJhZG1pbiIsInJvbGVzIjpbIlJPTEVfQURNSU4iXSwiaWQiOiI2ZGNiOGUyZC05ZTE0LTRlZWMtYTJiYy0xZDljZDk0ZWQ1MzMiLCJpYXQiOjE3Nzg0MjU1MzksImV4cCI6MTc3ODQyOTEzOX0.qB1ogDpTOmUcDYha_7ee5yv5p2gr7VBfko2YHDOagpE"") | .header(""Authorization"", ""Bearer eyJhbGciOiJIUzI1NiJ9.eyJzdWIiOiJhZG1pbiIsInJvbGVzIjpbIlJPTEVfQURNSU4iXSwiaWQiOiI2ZGNiOGUyZC05ZTE0LTRlZWMtYTJiYy0xZDljZDk0ZWQ1MzMiLCJpYXQiOjE3Nzg0MjU1MzksImV4cCI6MTc3ODQyOTEzOX0.qB1ogDpTOmUcDYha_7ee5yv5p2gr7VBfko2YHDOagpE"") | .header(""Authorization"", ""Bearer eyJhbGciOiJIUzI1NiJ9.eyJzdWIiOiJhZG1pbiIsInJvbGVzIjpbIlJPTEVfQURNSU4iXSwiaWQiOiI2ZGNiOGUyZC05ZTE0LTRlZWMtYTJiYy0xZDljZDk0ZWQ1MzMiLCJpYXQiOjE3Nzg0MjU1MzksImV4cCI6MTc3ODQyOTEzOX0.qB1ogDpTOmUcDYha_7ee5yv5p2gr7VBfko2YHDOagpE"")",faults,/mnt/train-ticket-aitest/evomaster/evomaster-config/generated-tests/blackbox/ts-admin-basic-service/admin/EvoMaster_ts-admin-basic-service_admin_faults.java,21,6,True,0,,0,0,,100.0,0,0,0,0,0,0,False,,/mnt/train-ticket-aitest/evomaster/evomaster-config/runtime-logs/classes/ts-admin-basic-service/admin/EvoMaster_ts_admin_basic_service_admin_faults,/mnt/train-ticket-aitest/evomaster/evomaster-config/runtime-logs/classes/ts-admin-basic-service/admin/EvoMaster_ts_admin_basic_service_admin_faults/compile.log,/mnt/train-ticket-aitest/evomaster/evomaster-config/runtime-logs/classes/ts-admin-basic-service/admin/EvoMaster_ts_admin_basic_service_admin_faults/compile_stdout.log,/mnt/train-ticket-aitest/evomaster/evomaster-config/runtime-logs/classes/ts-admin-basic-service/admin/EvoMaster_ts_admin_basic_service_admin_faults/compile_stderr.log,False,True,1,java.lang.AssertionError;test_failure,1,False,9.05,6.86,162.36,"Tests run: 1, Failures: 1, Errors: 0, Skipped: 0",/mnt/train-ticket-aitest/evomaster/evomaster-config/runtime-logs/methods/ts-admin-basic-service/admin/EvoMaster_ts_admin_basic_service_admin_faults/test_0_getOnPricesShowsFaults_100_101,/mnt/train-ticket-aitest/evomaster/evomaster-config/runtime-logs/methods/ts-admin-basic-service/admin/EvoMaster_ts_admin_basic_service_admin_faults/test_0_getOnPricesShowsFaults_100_101/run.log,/mnt/train-ticket-aitest/evomaster/evomaster-config/runtime-logs/methods/ts-admin-basic-service/admin/EvoMaster_ts_admin_basic_service_admin_faults/test_0_getOnPricesShowsFaults_100_101/run_stdout.log,/mnt/train-ticket-aitest/evomaster/evomaster-config/runtime-logs/methods/ts-admin-basic-service/admin/EvoMaster_ts_admin_basic_service_admin_faults/test_0_getOnPricesShowsFaults_100_101/run_stderr.log
ts-admin-basic-service,admin,EvoMaster_ts-admin-basic-service_admin_faults.java,EvoMaster_ts_admin_basic_service_admin_faults,test_0_getOnPricesShowsFaults_100_101,True,4,500,/api/v1/adminbasicservice/adminbasic/prices,GET,500;403;200,.statusCode(500) .assertThat() | .statusCode(403) .assertThat() | .statusCode(200) .assertThat(),66,".post(baseUrlOfSut + ""/api/v1/adminbasicservice/adminbasic/prices"") | .delete(baseUrlOfSut + ""/api/v1/adminbasicservice/adminbasic/stations/UYaiR4O62GwCxJ4g"") | .post(baseUrlOfSut + ""/api/v1/adminbasicservice/adminbasic/prices"") | .get(baseUrlOfSut + ""/api/v1/adminbasicservice/adminbasic/prices"") | .delete(baseUrlOfSut + ""/api/v1/adminbasicservice/adminbasic/stations/maxCLkijILA"") | .post(baseUrlOfSut + ""/api/v1/adminbasicservice/adminbasic/prices"") | .post(baseUrlOfSut + ""/api/v1/adminbasicservice/adminbasic/prices"") | .delete(baseUrlOfSut + ""/api/v1/adminbasicservice/adminbasic/stations/aUSRpPf5yQwVt7q"") | .get(baseUrlOfSut + ""/api/v1/adminbasicservice/adminbasic/prices"")",".body("" { "" + 
                    "" \""id\"": \""vhMfQw\"", "" + 
                    "" \""trainType\"": \""WsZCZcycQUqya_CT\"", "" + 
                    "" \""routeId\"": \""MNajTe8IKba\"", "" + 
                    "" \""basicPriceRate\"": 0.5704657965203657, "" + 
                    "" \""firstClassPriceRate\"": 0.38721113436172394 "" + 
                    "" } "") | .body("" { "" + 
                    "" \""id\"": \""YlwGDqTzFK\"", "" + 
                    "" \""trainType\"": \""IvTVbrym2\"", "" + 
                    "" \""routeId\"": \""kN2PsN8nkoxzQE\"" "" + 
                    "" } "") | .body("" { "" + 
                    "" \""id\"": \""HHwvdtzYbv\"", "" + 
                    "" \""basicPriceRate\"": 0.7473234708283137, "" + 
                    "" \""firstClassPriceRate\"": 0.5304025343053032 "" + 
                    "" } "") | .body("" { "" + 
                    "" \""trainType\"": \""MU\"", "" + 
                    "" \""routeId\"": \""djdd\"", "" + 
                    "" \""firstClassPriceRate\"": 0.5599988983363684 "" + 
                    "" } "")",".header(""Authorization"", ""Bearer eyJhbGciOiJIUzI1NiJ9.eyJzdWIiOiJhZG1pbiIsInJvbGVzIjpbIlJPTEVfQURNSU4iXSwiaWQiOiI2ZGNiOGUyZC05ZTE0LTRlZWMtYTJiYy0xZDljZDk0ZWQ1MzMiLCJpYXQiOjE3Nzg0MjU1MzksImV4cCI6MTc3ODQyOTEzOX0.qB1ogDpTOmUcDYha_7ee5yv5p2gr7VBfko2YHDOagpE"") | .header(""Authorization"", ""Bearer eyJhbGciOiJIUzI1NiJ9.eyJzdWIiOiJhZG1pbiIsInJvbGVzIjpbIlJPTEVfQURNSU4iXSwiaWQiOiI2ZGNiOGUyZC05ZTE0LTRlZWMtYTJiYy0xZDljZDk0ZWQ1MzMiLCJpYXQiOjE3Nzg0MjU1MzksImV4cCI6MTc3ODQyOTEzOX0.qB1ogDpTOmUcDYha_7ee5yv5p2gr7VBfko2YHDOagpE"") | .header(""Authorization"", ""Bearer eyJhbGciOiJIUzI1NiJ9.eyJzdWIiOiJhZG1pbiIsInJvbGVzIjpbIlJPTEVfQURNSU4iXSwiaWQiOiI2ZGNiOGUyZC05ZTE0LTRlZWMtYTJiYy0xZDljZDk0ZWQ1MzMiLCJpYXQiOjE3Nzg0MjU1MzksImV4cCI6MTc3ODQyOTEzOX0.qB1ogDpTOmUcDYha_7ee5yv5p2gr7VBfko2YHDOagpE"") | .header(""Authorization"", ""Bearer eyJhbGciOiJIUzI1NiJ9.eyJzdWIiOiJhZG1pbiIsInJvbGVzIjpbIlJPTEVfQURNSU4iXSwiaWQiOiI2ZGNiOGUyZC05ZTE0LTRlZWMtYTJiYy0xZDljZDk0ZWQ1MzMiLCJpYXQiOjE3Nzg0MjU1MzksImV4cCI6MTc3ODQyOTEzOX0.qB1ogDpTOmUcDYha_7ee5yv5p2gr7VBfko2YHDOagpE"") | .header(""Authorization"", ""Bearer eyJhbGciOiJIUzI1NiJ9.eyJzdWIiOiJhZG1pbiIsInJvbGVzIjpbIlJPTEVfQURNSU4iXSwiaWQiOiI2ZGNiOGUyZC05ZTE0LTRlZWMtYTJiYy0xZDljZDk0ZWQ1MzMiLCJpYXQiOjE3Nzg0MjU1MzksImV4cCI6MTc3ODQyOTEzOX0.qB1ogDpTOmUcDYha_7ee5yv5p2gr7VBfko2YHDOagpE"") | .header(""Authorization"", ""Bearer eyJhbGciOiJIUzI1NiJ9.eyJzdWIiOiJhZG1pbiIsInJvbGVzIjpbIlJPTEVfQURNSU4iXSwiaWQiOiI2ZGNiOGUyZC05ZTE0LTRlZWMtYTJiYy0xZDljZDk0ZWQ1MzMiLCJpYXQiOjE3Nzg0MjU1MzksImV4cCI6MTc3ODQyOTEzOX0.qB1ogDpTOmUcDYha_7ee5yv5p2gr7VBfko2YHDOagpE"") | .header(""Authorization"", ""Bearer eyJhbGciOiJIUzI1NiJ9.eyJzdWIiOiJhZG1pbiIsInJvbGVzIjpbIlJPTEVfQURNSU4iXSwiaWQiOiI2ZGNiOGUyZC05ZTE0LTRlZWMtYTJiYy0xZDljZDk0ZWQ1MzMiLCJpYXQiOjE3Nzg0MjU1MzksImV4cCI6MTc3ODQyOTEzOX0.qB1ogDpTOmUcDYha_7ee5yv5p2gr7VBfko2YHDOagpE"") | .header(""Authorization"", ""Bearer eyJhbGciOiJIUzI1NiJ9.eyJzdWIiOiJhZG1pbiIsInJvbGVzIjpbIlJPTEVfQURNSU4iXSwiaWQiOiI2ZGNiOGUyZC05ZTE0LTRlZWMtYTJiYy0xZDljZDk0ZWQ1MzMiLCJpYXQiOjE3Nzg0MjU1MzksImV4cCI6MTc3ODQyOTEzOX0.qB1ogDpTOmUcDYha_7ee5yv5p2gr7VBfko2YHDOagpE"") | .header(""Authorization"", ""Bearer eyJhbGciOiJIUzI1NiJ9.eyJzdWIiOiJhZG1pbiIsInJvbGVzIjpbIlJPTEVfQURNSU4iXSwiaWQiOiI2ZGNiOGUyZC05ZTE0LTRlZWMtYTJiYy0xZDljZDk0ZWQ1MzMiLCJpYXQiOjE3Nzg0MjU1MzksImV4cCI6MTc3ODQyOTEzOX0.qB1ogDpTOmUcDYha_7ee5yv5p2gr7VBfko2YHDOagpE"")",faults,/mnt/train-ticket-aitest/evomaster/evomaster-config/generated-tests/blackbox/ts-admin-basic-service/admin/EvoMaster_ts-admin-basic-service_admin_faults.java,21,6,True,0,,0,0,,100.0,0,0,0,0,0,0,False,,/mnt/train-ticket-aitest/evomaster/evomaster-config/runtime-logs/classes/ts-admin-basic-service/admin/EvoMaster_ts_admin_basic_service_admin_faults,/mnt/train-ticket-aitest/evomaster/evomaster-config/runtime-logs/classes/ts-admin-basic-service/admin/EvoMaster_ts_admin_basic_service_admin_faults/compile.log,/mnt/train-ticket-aitest/evomaster/evomaster-config/runtime-logs/classes/ts-admin-basic-service/admin/EvoMaster_ts_admin_basic_service_admin_faults/compile_stdout.log,/mnt/train-ticket-aitest/evomaster/evomaster-config/runtime-logs/classes/ts-admin-basic-service/admin/EvoMaster_ts_admin_basic_service_admin_faults/compile_stderr.log,False,True,1,java.lang.AssertionError;test_failure,1,False,8.52,6.98,158.39,"Tests run: 1, Failures: 1, Errors: 0, Skipped: 0",/mnt/train-ticket-aitest/evomaster/evomaster-config/runtime-logs/methods/ts-admin-basic-service/admin/EvoMaster_ts_admin_basic_service_admin_faults/test_0_getOnPricesShowsFaults_100_101,/mnt/train-ticket-aitest/evomaster/evomaster-config/runtime-logs/methods/ts-admin-basic-service/admin/EvoMaster_ts_admin_basic_service_admin_faults/test_0_getOnPricesShowsFaults_100_101/run.log,/mnt/train-ticket-aitest/evomaster/evomaster-config/runtime-logs/methods/ts-admin-basic-service/admin/EvoMaster_ts_admin_basic_service_admin_faults/test_0_getOnPricesShowsFaults_100_101/run_stdout.log,/mnt/train-ticket-aitest/evomaster/evomaster-config/runtime-logs/methods/ts-admin-basic-service/admin/EvoMaster_ts_admin_basic_service_admin_faults/test_0_getOnPricesShowsFaults_100_101/run_stderr.log
ts-admin-basic-service,admin,EvoMaster_ts-admin-basic-service_admin_faults.java,EvoMaster_ts_admin_basic_service_admin_faults,test_0_getOnPricesShowsFaults_100_101,True,5,500,/api/v1/adminbasicservice/adminbasic/stations/{id},DELETE,500;403;200,.statusCode(500) .assertThat() | .statusCode(403) .assertThat() | .statusCode(200) .assertThat(),66,".post(baseUrlOfSut + ""/api/v1/adminbasicservice/adminbasic/prices"") | .delete(baseUrlOfSut + ""/api/v1/adminbasicservice/adminbasic/stations/UYaiR4O62GwCxJ4g"") | .post(baseUrlOfSut + ""/api/v1/adminbasicservice/adminbasic/prices"") | .get(baseUrlOfSut + ""/api/v1/adminbasicservice/adminbasic/prices"") | .delete(baseUrlOfSut + ""/api/v1/adminbasicservice/adminbasic/stations/maxCLkijILA"") | .post(baseUrlOfSut + ""/api/v1/adminbasicservice/adminbasic/prices"") | .post(baseUrlOfSut + ""/api/v1/adminbasicservice/adminbasic/prices"") | .delete(baseUrlOfSut + ""/api/v1/adminbasicservice/adminbasic/stations/aUSRpPf5yQwVt7q"") | .get(baseUrlOfSut + ""/api/v1/adminbasicservice/adminbasic/prices"")",".body("" { "" + 
                    "" \""id\"": \""vhMfQw\"", "" + 
                    "" \""trainType\"": \""WsZCZcycQUqya_CT\"", "" + 
                    "" \""routeId\"": \""MNajTe8IKba\"", "" + 
                    "" \""basicPriceRate\"": 0.5704657965203657, "" + 
                    "" \""firstClassPriceRate\"": 0.38721113436172394 "" + 
                    "" } "") | .body("" { "" + 
                    "" \""id\"": \""YlwGDqTzFK\"", "" + 
                    "" \""trainType\"": \""IvTVbrym2\"", "" + 
                    "" \""routeId\"": \""kN2PsN8nkoxzQE\"" "" + 
                    "" } "") | .body("" { "" + 
                    "" \""id\"": \""HHwvdtzYbv\"", "" + 
                    "" \""basicPriceRate\"": 0.7473234708283137, "" + 
                    "" \""firstClassPriceRate\"": 0.5304025343053032 "" + 
                    "" } "") | .body("" { "" + 
                    "" \""trainType\"": \""MU\"", "" + 
                    "" \""routeId\"": \""djdd\"", "" + 
                    "" \""firstClassPriceRate\"": 0.5599988983363684 "" + 
                    "" } "")",".header(""Authorization"", ""Bearer eyJhbGciOiJIUzI1NiJ9.eyJzdWIiOiJhZG1pbiIsInJvbGVzIjpbIlJPTEVfQURNSU4iXSwiaWQiOiI2ZGNiOGUyZC05ZTE0LTRlZWMtYTJiYy0xZDljZDk0ZWQ1MzMiLCJpYXQiOjE3Nzg0MjU1MzksImV4cCI6MTc3ODQyOTEzOX0.qB1ogDpTOmUcDYha_7ee5yv5p2gr7VBfko2YHDOagpE"") | .header(""Authorization"", ""Bearer eyJhbGciOiJIUzI1NiJ9.eyJzdWIiOiJhZG1pbiIsInJvbGVzIjpbIlJPTEVfQURNSU4iXSwiaWQiOiI2ZGNiOGUyZC05ZTE0LTRlZWMtYTJiYy0xZDljZDk0ZWQ1MzMiLCJpYXQiOjE3Nzg0MjU1MzksImV4cCI6MTc3ODQyOTEzOX0.qB1ogDpTOmUcDYha_7ee5yv5p2gr7VBfko2YHDOagpE"") | .header(""Authorization"", ""Bearer eyJhbGciOiJIUzI1NiJ9.eyJzdWIiOiJhZG1pbiIsInJvbGVzIjpbIlJPTEVfQURNSU4iXSwiaWQiOiI2ZGNiOGUyZC05ZTE0LTRlZWMtYTJiYy0xZDljZDk0ZWQ1MzMiLCJpYXQiOjE3Nzg0MjU1MzksImV4cCI6MTc3ODQyOTEzOX0.qB1ogDpTOmUcDYha_7ee5yv5p2gr7VBfko2YHDOagpE"") | .header(""Authorization"", ""Bearer eyJhbGciOiJIUzI1NiJ9.eyJzdWIiOiJhZG1pbiIsInJvbGVzIjpbIlJPTEVfQURNSU4iXSwiaWQiOiI2ZGNiOGUyZC05ZTE0LTRlZWMtYTJiYy0xZDljZDk0ZWQ1MzMiLCJpYXQiOjE3Nzg0MjU1MzksImV4cCI6MTc3ODQyOTEzOX0.qB1ogDpTOmUcDYha_7ee5yv5p2gr7VBfko2YHDOagpE"") | .header(""Authorization"", ""Bearer eyJhbGciOiJIUzI1NiJ9.eyJzdWIiOiJhZG1pbiIsInJvbGVzIjpbIlJPTEVfQURNSU4iXSwiaWQiOiI2ZGNiOGUyZC05ZTE0LTRlZWMtYTJiYy0xZDljZDk0ZWQ1MzMiLCJpYXQiOjE3Nzg0MjU1MzksImV4cCI6MTc3ODQyOTEzOX0.qB1ogDpTOmUcDYha_7ee5yv5p2gr7VBfko2YHDOagpE"") | .header(""Authorization"", ""Bearer eyJhbGciOiJIUzI1NiJ9.eyJzdWIiOiJhZG1pbiIsInJvbGVzIjpbIlJPTEVfQURNSU4iXSwiaWQiOiI2ZGNiOGUyZC05ZTE0LTRlZWMtYTJiYy0xZDljZDk0ZWQ1MzMiLCJpYXQiOjE3Nzg0MjU1MzksImV4cCI6MTc3ODQyOTEzOX0.qB1ogDpTOmUcDYha_7ee5yv5p2gr7VBfko2YHDOagpE"") | .header(""Authorization"", ""Bearer eyJhbGciOiJIUzI1NiJ9.eyJzdWIiOiJhZG1pbiIsInJvbGVzIjpbIlJPTEVfQURNSU4iXSwiaWQiOiI2ZGNiOGUyZC05ZTE0LTRlZWMtYTJiYy0xZDljZDk0ZWQ1MzMiLCJpYXQiOjE3Nzg0MjU1MzksImV4cCI6MTc3ODQyOTEzOX0.qB1ogDpTOmUcDYha_7ee5yv5p2gr7VBfko2YHDOagpE"") | .header(""Authorization"", ""Bearer eyJhbGciOiJIUzI1NiJ9.eyJzdWIiOiJhZG1pbiIsInJvbGVzIjpbIlJPTEVfQURNSU4iXSwiaWQiOiI2ZGNiOGUyZC05ZTE0LTRlZWMtYTJiYy0xZDljZDk0ZWQ1MzMiLCJpYXQiOjE3Nzg0MjU1MzksImV4cCI6MTc3ODQyOTEzOX0.qB1ogDpTOmUcDYha_7ee5yv5p2gr7VBfko2YHDOagpE"") | .header(""Authorization"", ""Bearer eyJhbGciOiJIUzI1NiJ9.eyJzdWIiOiJhZG1pbiIsInJvbGVzIjpbIlJPTEVfQURNSU4iXSwiaWQiOiI2ZGNiOGUyZC05ZTE0LTRlZWMtYTJiYy0xZDljZDk0ZWQ1MzMiLCJpYXQiOjE3Nzg0MjU1MzksImV4cCI6MTc3ODQyOTEzOX0.qB1ogDpTOmUcDYha_7ee5yv5p2gr7VBfko2YHDOagpE"")",faults,/mnt/train-ticket-aitest/evomaster/evomaster-config/generated-tests/blackbox/ts-admin-basic-service/admin/EvoMaster_ts-admin-basic-service_admin_faults.java,21,6,True,0,,0,0,,100.0,0,0,0,0,0,0,False,,/mnt/train-ticket-aitest/evomaster/evomaster-config/runtime-logs/classes/ts-admin-basic-service/admin/EvoMaster_ts_admin_basic_service_admin_faults,/mnt/train-ticket-aitest/evomaster/evomaster-config/runtime-logs/classes/ts-admin-basic-service/admin/EvoMaster_ts_admin_basic_service_admin_faults/compile.log,/mnt/train-ticket-aitest/evomaster/evomaster-config/runtime-logs/classes/ts-admin-basic-service/admin/EvoMaster_ts_admin_basic_service_admin_faults/compile_stdout.log,/mnt/train-ticket-aitest/evomaster/evomaster-config/runtime-logs/classes/ts-admin-basic-service/admin/EvoMaster_ts_admin_basic_service_admin_faults/compile_stderr.log,False,True,1,java.lang.AssertionError;test_failure,1,False,8.52,6.76,160.37,"Tests run: 1, Failures: 1, Errors: 0, Skipped: 0",/mnt/train-ticket-aitest/evomaster/evomaster-config/runtime-logs/methods/ts-admin-basic-service/admin/EvoMaster_ts_admin_basic_service_admin_faults/test_0_getOnPricesShowsFaults_100_101,/mnt/train-ticket-aitest/evomaster/evomaster-config/runtime-logs/methods/ts-admin-basic-service/admin/EvoMaster_ts_admin_basic_service_admin_faults/test_0_getOnPricesShowsFaults_100_101/run.log,/mnt/train-ticket-aitest/evomaster/evomaster-config/runtime-logs/methods/ts-admin-basic-service/admin/EvoMaster_ts_admin_basic_service_admin_faults/test_0_getOnPricesShowsFaults_100_101/run_stdout.log,/mnt/train-ticket-aitest/evomaster/evomaster-config/runtime-logs/methods/ts-admin-basic-service/admin/EvoMaster_ts_admin_basic_service_admin_faults/test_0_getOnPricesShowsFaults_100_101/run_stderr.log
ts-admin-basic-service,admin,EvoMaster_ts-admin-basic-service_admin_faults.java,EvoMaster_ts_admin_basic_service_admin_faults,test_0_getOnPricesShowsFaults_100_101,True,6,200,/api/v1/adminbasicservice/adminbasic/prices,POST,500;403;200,.statusCode(500) .assertThat() | .statusCode(403) .assertThat() | .statusCode(200) .assertThat(),66,".post(baseUrlOfSut + ""/api/v1/adminbasicservice/adminbasic/prices"") | .delete(baseUrlOfSut + ""/api/v1/adminbasicservice/adminbasic/stations/UYaiR4O62GwCxJ4g"") | .post(baseUrlOfSut + ""/api/v1/adminbasicservice/adminbasic/prices"") | .get(baseUrlOfSut + ""/api/v1/adminbasicservice/adminbasic/prices"") | .delete(baseUrlOfSut + ""/api/v1/adminbasicservice/adminbasic/stations/maxCLkijILA"") | .post(baseUrlOfSut + ""/api/v1/adminbasicservice/adminbasic/prices"") | .post(baseUrlOfSut + ""/api/v1/adminbasicservice/adminbasic/prices"") | .delete(baseUrlOfSut + ""/api/v1/adminbasicservice/adminbasic/stations/aUSRpPf5yQwVt7q"") | .get(baseUrlOfSut + ""/api/v1/adminbasicservice/adminbasic/prices"")",".body("" { "" + 
                    "" \""id\"": \""vhMfQw\"", "" + 
                    "" \""trainType\"": \""WsZCZcycQUqya_CT\"", "" + 
                    "" \""routeId\"": \""MNajTe8IKba\"", "" + 
                    "" \""basicPriceRate\"": 0.5704657965203657, "" + 
                    "" \""firstClassPriceRate\"": 0.38721113436172394 "" + 
                    "" } "") | .body("" { "" + 
                    "" \""id\"": \""YlwGDqTzFK\"", "" + 
                    "" \""trainType\"": \""IvTVbrym2\"", "" + 
                    "" \""routeId\"": \""kN2PsN8nkoxzQE\"" "" + 
                    "" } "") | .body("" { "" + 
                    "" \""id\"": \""HHwvdtzYbv\"", "" + 
                    "" \""basicPriceRate\"": 0.7473234708283137, "" + 
                    "" \""firstClassPriceRate\"": 0.5304025343053032 "" + 
                    "" } "") | .body("" { "" + 
                    "" \""trainType\"": \""MU\"", "" + 
                    "" \""routeId\"": \""djdd\"", "" + 
                    "" \""firstClassPriceRate\"": 0.5599988983363684 "" + 
                    "" } "")",".header(""Authorization"", ""Bearer eyJhbGciOiJIUzI1NiJ9.eyJzdWIiOiJhZG1pbiIsInJvbGVzIjpbIlJPTEVfQURNSU4iXSwiaWQiOiI2ZGNiOGUyZC05ZTE0LTRlZWMtYTJiYy0xZDljZDk0ZWQ1MzMiLCJpYXQiOjE3Nzg0MjU1MzksImV4cCI6MTc3ODQyOTEzOX0.qB1ogDpTOmUcDYha_7ee5yv5p2gr7VBfko2YHDOagpE"") | .header(""Authorization"", ""Bearer eyJhbGciOiJIUzI1NiJ9.eyJzdWIiOiJhZG1pbiIsInJvbGVzIjpbIlJPTEVfQURNSU4iXSwiaWQiOiI2ZGNiOGUyZC05ZTE0LTRlZWMtYTJiYy0xZDljZDk0ZWQ1MzMiLCJpYXQiOjE3Nzg0MjU1MzksImV4cCI6MTc3ODQyOTEzOX0.qB1ogDpTOmUcDYha_7ee5yv5p2gr7VBfko2YHDOagpE"") | .header(""Authorization"", ""Bearer eyJhbGciOiJIUzI1NiJ9.eyJzdWIiOiJhZG1pbiIsInJvbGVzIjpbIlJPTEVfQURNSU4iXSwiaWQiOiI2ZGNiOGUyZC05ZTE0LTRlZWMtYTJiYy0xZDljZDk0ZWQ1MzMiLCJpYXQiOjE3Nzg0MjU1MzksImV4cCI6MTc3ODQyOTEzOX0.qB1ogDpTOmUcDYha_7ee5yv5p2gr7VBfko2YHDOagpE"") | .header(""Authorization"", ""Bearer eyJhbGciOiJIUzI1NiJ9.eyJzdWIiOiJhZG1pbiIsInJvbGVzIjpbIlJPTEVfQURNSU4iXSwiaWQiOiI2ZGNiOGUyZC05ZTE0LTRlZWMtYTJiYy0xZDljZDk0ZWQ1MzMiLCJpYXQiOjE3Nzg0MjU1MzksImV4cCI6MTc3ODQyOTEzOX0.qB1ogDpTOmUcDYha_7ee5yv5p2gr7VBfko2YHDOagpE"") | .header(""Authorization"", ""Bearer eyJhbGciOiJIUzI1NiJ9.eyJzdWIiOiJhZG1pbiIsInJvbGVzIjpbIlJPTEVfQURNSU4iXSwiaWQiOiI2ZGNiOGUyZC05ZTE0LTRlZWMtYTJiYy0xZDljZDk0ZWQ1MzMiLCJpYXQiOjE3Nzg0MjU1MzksImV4cCI6MTc3ODQyOTEzOX0.qB1ogDpTOmUcDYha_7ee5yv5p2gr7VBfko2YHDOagpE"") | .header(""Authorization"", ""Bearer eyJhbGciOiJIUzI1NiJ9.eyJzdWIiOiJhZG1pbiIsInJvbGVzIjpbIlJPTEVfQURNSU4iXSwiaWQiOiI2ZGNiOGUyZC05ZTE0LTRlZWMtYTJiYy0xZDljZDk0ZWQ1MzMiLCJpYXQiOjE3Nzg0MjU1MzksImV4cCI6MTc3ODQyOTEzOX0.qB1ogDpTOmUcDYha_7ee5yv5p2gr7VBfko2YHDOagpE"") | .header(""Authorization"", ""Bearer eyJhbGciOiJIUzI1NiJ9.eyJzdWIiOiJhZG1pbiIsInJvbGVzIjpbIlJPTEVfQURNSU4iXSwiaWQiOiI2ZGNiOGUyZC05ZTE0LTRlZWMtYTJiYy0xZDljZDk0ZWQ1MzMiLCJpYXQiOjE3Nzg0MjU1MzksImV4cCI6MTc3ODQyOTEzOX0.qB1ogDpTOmUcDYha_7ee5yv5p2gr7VBfko2YHDOagpE"") | .header(""Authorization"", ""Bearer eyJhbGciOiJIUzI1NiJ9.eyJzdWIiOiJhZG1pbiIsInJvbGVzIjpbIlJPTEVfQURNSU4iXSwiaWQiOiI2ZGNiOGUyZC05ZTE0LTRlZWMtYTJiYy0xZDljZDk0ZWQ1MzMiLCJpYXQiOjE3Nzg0MjU1MzksImV4cCI6MTc3ODQyOTEzOX0.qB1ogDpTOmUcDYha_7ee5yv5p2gr7VBfko2YHDOagpE"") | .header(""Authorization"", ""Bearer eyJhbGciOiJIUzI1NiJ9.eyJzdWIiOiJhZG1pbiIsInJvbGVzIjpbIlJPTEVfQURNSU4iXSwiaWQiOiI2ZGNiOGUyZC05ZTE0LTRlZWMtYTJiYy0xZDljZDk0ZWQ1MzMiLCJpYXQiOjE3Nzg0MjU1MzksImV4cCI6MTc3ODQyOTEzOX0.qB1ogDpTOmUcDYha_7ee5yv5p2gr7VBfko2YHDOagpE"")",faults,/mnt/train-ticket-aitest/evomaster/evomaster-config/generated-tests/blackbox/ts-admin-basic-service/admin/EvoMaster_ts-admin-basic-service_admin_faults.java,21,6,True,0,,0,0,,100.0,0,0,0,0,0,0,False,,/mnt/train-ticket-aitest/evomaster/evomaster-config/runtime-logs/classes/ts-admin-basic-service/admin/EvoMaster_ts_admin_basic_service_admin_faults,/mnt/train-ticket-aitest/evomaster/evomaster-config/runtime-logs/classes/ts-admin-basic-service/admin/EvoMaster_ts_admin_basic_service_admin_faults/compile.log,/mnt/train-ticket-aitest/evomaster/evomaster-config/runtime-logs/classes/ts-admin-basic-service/admin/EvoMaster_ts_admin_basic_service_admin_faults/compile_stdout.log,/mnt/train-ticket-aitest/evomaster/evomaster-config/runtime-logs/classes/ts-admin-basic-service/admin/EvoMaster_ts_admin_basic_service_admin_faults/compile_stderr.log,False,True,1,java.lang.AssertionError;test_failure,1,False,8.52,6.81,163.8,"Tests run: 1, Failures: 1, Errors: 0, Skipped: 0",/mnt/train-ticket-aitest/evomaster/evomaster-config/runtime-logs/methods/ts-admin-basic-service/admin/EvoMaster_ts_admin_basic_service_admin_faults/test_0_getOnPricesShowsFaults_100_101,/mnt/train-ticket-aitest/evomaster/evomaster-config/runtime-logs/methods/ts-admin-basic-service/admin/EvoMaster_ts_admin_basic_service_admin_faults/test_0_getOnPricesShowsFaults_100_101/run.log,/mnt/train-ticket-aitest/evomaster/evomaster-config/runtime-logs/methods/ts-admin-basic-service/admin/EvoMaster_ts_admin_basic_service_admin_faults/test_0_getOnPricesShowsFaults_100_101/run_stdout.log,/mnt/train-ticket-aitest/evomaster/evomaster-config/runtime-logs/methods/ts-admin-basic-service/admin/EvoMaster_ts_admin_basic_service_admin_faults/test_0_getOnPricesShowsFaults_100_101/run_stderr.log
ts-admin-basic-service,admin,EvoMaster_ts-admin-basic-service_admin_faults.java,EvoMaster_ts_admin_basic_service_admin_faults,test_0_getOnPricesShowsFaults_100_101,True,7,500,/api/v1/adminbasicservice/adminbasic/prices,POST,500;403;200,.statusCode(500) .assertThat() | .statusCode(403) .assertThat() | .statusCode(200) .assertThat(),66,".post(baseUrlOfSut + ""/api/v1/adminbasicservice/adminbasic/prices"") | .delete(baseUrlOfSut + ""/api/v1/adminbasicservice/adminbasic/stations/UYaiR4O62GwCxJ4g"") | .post(baseUrlOfSut + ""/api/v1/adminbasicservice/adminbasic/prices"") | .get(baseUrlOfSut + ""/api/v1/adminbasicservice/adminbasic/prices"") | .delete(baseUrlOfSut + ""/api/v1/adminbasicservice/adminbasic/stations/maxCLkijILA"") | .post(baseUrlOfSut + ""/api/v1/adminbasicservice/adminbasic/prices"") | .post(baseUrlOfSut + ""/api/v1/adminbasicservice/adminbasic/prices"") | .delete(baseUrlOfSut + ""/api/v1/adminbasicservice/adminbasic/stations/aUSRpPf5yQwVt7q"") | .get(baseUrlOfSut + ""/api/v1/adminbasicservice/adminbasic/prices"")",".body("" { "" + 
                    "" \""id\"": \""vhMfQw\"", "" + 
                    "" \""trainType\"": \""WsZCZcycQUqya_CT\"", "" + 
                    "" \""routeId\"": \""MNajTe8IKba\"", "" + 
                    "" \""basicPriceRate\"": 0.5704657965203657, "" + 
                    "" \""firstClassPriceRate\"": 0.38721113436172394 "" + 
                    "" } "") | .body("" { "" + 
                    "" \""id\"": \""YlwGDqTzFK\"", "" + 
                    "" \""trainType\"": \""IvTVbrym2\"", "" + 
                    "" \""routeId\"": \""kN2PsN8nkoxzQE\"" "" + 
                    "" } "") | .body("" { "" + 
                    "" \""id\"": \""HHwvdtzYbv\"", "" + 
                    "" \""basicPriceRate\"": 0.7473234708283137, "" + 
                    "" \""firstClassPriceRate\"": 0.5304025343053032 "" + 
                    "" } "") | .body("" { "" + 
                    "" \""trainType\"": \""MU\"", "" + 
                    "" \""routeId\"": \""djdd\"", "" + 
                    "" \""firstClassPriceRate\"": 0.5599988983363684 "" + 
                    "" } "")",".header(""Authorization"", ""Bearer eyJhbGciOiJIUzI1NiJ9.eyJzdWIiOiJhZG1pbiIsInJvbGVzIjpbIlJPTEVfQURNSU4iXSwiaWQiOiI2ZGNiOGUyZC05ZTE0LTRlZWMtYTJiYy0xZDljZDk0ZWQ1MzMiLCJpYXQiOjE3Nzg0MjU1MzksImV4cCI6MTc3ODQyOTEzOX0.qB1ogDpTOmUcDYha_7ee5yv5p2gr7VBfko2YHDOagpE"") | .header(""Authorization"", ""Bearer eyJhbGciOiJIUzI1NiJ9.eyJzdWIiOiJhZG1pbiIsInJvbGVzIjpbIlJPTEVfQURNSU4iXSwiaWQiOiI2ZGNiOGUyZC05ZTE0LTRlZWMtYTJiYy0xZDljZDk0ZWQ1MzMiLCJpYXQiOjE3Nzg0MjU1MzksImV4cCI6MTc3ODQyOTEzOX0.qB1ogDpTOmUcDYha_7ee5yv5p2gr7VBfko2YHDOagpE"") | .header(""Authorization"", ""Bearer eyJhbGciOiJIUzI1NiJ9.eyJzdWIiOiJhZG1pbiIsInJvbGVzIjpbIlJPTEVfQURNSU4iXSwiaWQiOiI2ZGNiOGUyZC05ZTE0LTRlZWMtYTJiYy0xZDljZDk0ZWQ1MzMiLCJpYXQiOjE3Nzg0MjU1MzksImV4cCI6MTc3ODQyOTEzOX0.qB1ogDpTOmUcDYha_7ee5yv5p2gr7VBfko2YHDOagpE"") | .header(""Authorization"", ""Bearer eyJhbGciOiJIUzI1NiJ9.eyJzdWIiOiJhZG1pbiIsInJvbGVzIjpbIlJPTEVfQURNSU4iXSwiaWQiOiI2ZGNiOGUyZC05ZTE0LTRlZWMtYTJiYy0xZDljZDk0ZWQ1MzMiLCJpYXQiOjE3Nzg0MjU1MzksImV4cCI6MTc3ODQyOTEzOX0.qB1ogDpTOmUcDYha_7ee5yv5p2gr7VBfko2YHDOagpE"") | .header(""Authorization"", ""Bearer eyJhbGciOiJIUzI1NiJ9.eyJzdWIiOiJhZG1pbiIsInJvbGVzIjpbIlJPTEVfQURNSU4iXSwiaWQiOiI2ZGNiOGUyZC05ZTE0LTRlZWMtYTJiYy0xZDljZDk0ZWQ1MzMiLCJpYXQiOjE3Nzg0MjU1MzksImV4cCI6MTc3ODQyOTEzOX0.qB1ogDpTOmUcDYha_7ee5yv5p2gr7VBfko2YHDOagpE"") | .header(""Authorization"", ""Bearer eyJhbGciOiJIUzI1NiJ9.eyJzdWIiOiJhZG1pbiIsInJvbGVzIjpbIlJPTEVfQURNSU4iXSwiaWQiOiI2ZGNiOGUyZC05ZTE0LTRlZWMtYTJiYy0xZDljZDk0ZWQ1MzMiLCJpYXQiOjE3Nzg0MjU1MzksImV4cCI6MTc3ODQyOTEzOX0.qB1ogDpTOmUcDYha_7ee5yv5p2gr7VBfko2YHDOagpE"") | .header(""Authorization"", ""Bearer eyJhbGciOiJIUzI1NiJ9.eyJzdWIiOiJhZG1pbiIsInJvbGVzIjpbIlJPTEVfQURNSU4iXSwiaWQiOiI2ZGNiOGUyZC05ZTE0LTRlZWMtYTJiYy0xZDljZDk0ZWQ1MzMiLCJpYXQiOjE3Nzg0MjU1MzksImV4cCI6MTc3ODQyOTEzOX0.qB1ogDpTOmUcDYha_7ee5yv5p2gr7VBfko2YHDOagpE"") | .header(""Authorization"", ""Bearer eyJhbGciOiJIUzI1NiJ9.eyJzdWIiOiJhZG1pbiIsInJvbGVzIjpbIlJPTEVfQURNSU4iXSwiaWQiOiI2ZGNiOGUyZC05ZTE0LTRlZWMtYTJiYy0xZDljZDk0ZWQ1MzMiLCJpYXQiOjE3Nzg0MjU1MzksImV4cCI6MTc3ODQyOTEzOX0.qB1ogDpTOmUcDYha_7ee5yv5p2gr7VBfko2YHDOagpE"") | .header(""Authorization"", ""Bearer eyJhbGciOiJIUzI1NiJ9.eyJzdWIiOiJhZG1pbiIsInJvbGVzIjpbIlJPTEVfQURNSU4iXSwiaWQiOiI2ZGNiOGUyZC05ZTE0LTRlZWMtYTJiYy0xZDljZDk0ZWQ1MzMiLCJpYXQiOjE3Nzg0MjU1MzksImV4cCI6MTc3ODQyOTEzOX0.qB1ogDpTOmUcDYha_7ee5yv5p2gr7VBfko2YHDOagpE"")",faults,/mnt/train-ticket-aitest/evomaster/evomaster-config/generated-tests/blackbox/ts-admin-basic-service/admin/EvoMaster_ts-admin-basic-service_admin_faults.java,21,6,True,0,,0,0,,100.0,0,0,0,0,0,0,False,,/mnt/train-ticket-aitest/evomaster/evomaster-config/runtime-logs/classes/ts-admin-basic-service/admin/EvoMaster_ts_admin_basic_service_admin_faults,/mnt/train-ticket-aitest/evomaster/evomaster-config/runtime-logs/classes/ts-admin-basic-service/admin/EvoMaster_ts_admin_basic_service_admin_faults/compile.log,/mnt/train-ticket-aitest/evomaster/evomaster-config/runtime-logs/classes/ts-admin-basic-service/admin/EvoMaster_ts_admin_basic_service_admin_faults/compile_stdout.log,/mnt/train-ticket-aitest/evomaster/evomaster-config/runtime-logs/classes/ts-admin-basic-service/admin/EvoMaster_ts_admin_basic_service_admin_faults/compile_stderr.log,False,True,1,java.lang.AssertionError;test_failure,1,False,8.53,6.82,164.08,"Tests run: 1, Failures: 1, Errors: 0, Skipped: 0",/mnt/train-ticket-aitest/evomaster/evomaster-config/runtime-logs/methods/ts-admin-basic-service/admin/EvoMaster_ts_admin_basic_service_admin_faults/test_0_getOnPricesShowsFaults_100_101,/mnt/train-ticket-aitest/evomaster/evomaster-config/runtime-logs/methods/ts-admin-basic-service/admin/EvoMaster_ts_admin_basic_service_admin_faults/test_0_getOnPricesShowsFaults_100_101/run.log,/mnt/train-ticket-aitest/evomaster/evomaster-config/runtime-logs/methods/ts-admin-basic-service/admin/EvoMaster_ts_admin_basic_service_admin_faults/test_0_getOnPricesShowsFaults_100_101/run_stdout.log,/mnt/train-ticket-aitest/evomaster/evomaster-config/runtime-logs/methods/ts-admin-basic-service/admin/EvoMaster_ts_admin_basic_service_admin_faults/test_0_getOnPricesShowsFaults_100_101/run_stderr.log
ts-admin-basic-service,admin,EvoMaster_ts-admin-basic-service_admin_faults.java,EvoMaster_ts_admin_basic_service_admin_faults,test_0_getOnPricesShowsFaults_100_101,True,8,500,/api/v1/adminbasicservice/adminbasic/stations/{id},DELETE,500;403;200,.statusCode(500) .assertThat() | .statusCode(403) .assertThat() | .statusCode(200) .assertThat(),66,".post(baseUrlOfSut + ""/api/v1/adminbasicservice/adminbasic/prices"") | .delete(baseUrlOfSut + ""/api/v1/adminbasicservice/adminbasic/stations/UYaiR4O62GwCxJ4g"") | .post(baseUrlOfSut + ""/api/v1/adminbasicservice/adminbasic/prices"") | .get(baseUrlOfSut + ""/api/v1/adminbasicservice/adminbasic/prices"") | .delete(baseUrlOfSut + ""/api/v1/adminbasicservice/adminbasic/stations/maxCLkijILA"") | .post(baseUrlOfSut + ""/api/v1/adminbasicservice/adminbasic/prices"") | .post(baseUrlOfSut + ""/api/v1/adminbasicservice/adminbasic/prices"") | .delete(baseUrlOfSut + ""/api/v1/adminbasicservice/adminbasic/stations/aUSRpPf5yQwVt7q"") | .get(baseUrlOfSut + ""/api/v1/adminbasicservice/adminbasic/prices"")",".body("" { "" + 
                    "" \""id\"": \""vhMfQw\"", "" + 
                    "" \""trainType\"": \""WsZCZcycQUqya_CT\"", "" + 
                    "" \""routeId\"": \""MNajTe8IKba\"", "" + 
                    "" \""basicPriceRate\"": 0.5704657965203657, "" + 
                    "" \""firstClassPriceRate\"": 0.38721113436172394 "" + 
                    "" } "") | .body("" { "" + 
                    "" \""id\"": \""YlwGDqTzFK\"", "" + 
                    "" \""trainType\"": \""IvTVbrym2\"", "" + 
                    "" \""routeId\"": \""kN2PsN8nkoxzQE\"" "" + 
                    "" } "") | .body("" { "" + 
                    "" \""id\"": \""HHwvdtzYbv\"", "" + 
                    "" \""basicPriceRate\"": 0.7473234708283137, "" + 
                    "" \""firstClassPriceRate\"": 0.5304025343053032 "" + 
                    "" } "") | .body("" { "" + 
                    "" \""trainType\"": \""MU\"", "" + 
                    "" \""routeId\"": \""djdd\"", "" + 
                    "" \""firstClassPriceRate\"": 0.5599988983363684 "" + 
                    "" } "")",".header(""Authorization"", ""Bearer eyJhbGciOiJIUzI1NiJ9.eyJzdWIiOiJhZG1pbiIsInJvbGVzIjpbIlJPTEVfQURNSU4iXSwiaWQiOiI2ZGNiOGUyZC05ZTE0LTRlZWMtYTJiYy0xZDljZDk0ZWQ1MzMiLCJpYXQiOjE3Nzg0MjU1MzksImV4cCI6MTc3ODQyOTEzOX0.qB1ogDpTOmUcDYha_7ee5yv5p2gr7VBfko2YHDOagpE"") | .header(""Authorization"", ""Bearer eyJhbGciOiJIUzI1NiJ9.eyJzdWIiOiJhZG1pbiIsInJvbGVzIjpbIlJPTEVfQURNSU4iXSwiaWQiOiI2ZGNiOGUyZC05ZTE0LTRlZWMtYTJiYy0xZDljZDk0ZWQ1MzMiLCJpYXQiOjE3Nzg0MjU1MzksImV4cCI6MTc3ODQyOTEzOX0.qB1ogDpTOmUcDYha_7ee5yv5p2gr7VBfko2YHDOagpE"") | .header(""Authorization"", ""Bearer eyJhbGciOiJIUzI1NiJ9.eyJzdWIiOiJhZG1pbiIsInJvbGVzIjpbIlJPTEVfQURNSU4iXSwiaWQiOiI2ZGNiOGUyZC05ZTE0LTRlZWMtYTJiYy0xZDljZDk0ZWQ1MzMiLCJpYXQiOjE3Nzg0MjU1MzksImV4cCI6MTc3ODQyOTEzOX0.qB1ogDpTOmUcDYha_7ee5yv5p2gr7VBfko2YHDOagpE"") | .header(""Authorization"", ""Bearer eyJhbGciOiJIUzI1NiJ9.eyJzdWIiOiJhZG1pbiIsInJvbGVzIjpbIlJPTEVfQURNSU4iXSwiaWQiOiI2ZGNiOGUyZC05ZTE0LTRlZWMtYTJiYy0xZDljZDk0ZWQ1MzMiLCJpYXQiOjE3Nzg0MjU1MzksImV4cCI6MTc3ODQyOTEzOX0.qB1ogDpTOmUcDYha_7ee5yv5p2gr7VBfko2YHDOagpE"") | .header(""Authorization"", ""Bearer eyJhbGciOiJIUzI1NiJ9.eyJzdWIiOiJhZG1pbiIsInJvbGVzIjpbIlJPTEVfQURNSU4iXSwiaWQiOiI2ZGNiOGUyZC05ZTE0LTRlZWMtYTJiYy0xZDljZDk0ZWQ1MzMiLCJpYXQiOjE3Nzg0MjU1MzksImV4cCI6MTc3ODQyOTEzOX0.qB1ogDpTOmUcDYha_7ee5yv5p2gr7VBfko2YHDOagpE"") | .header(""Authorization"", ""Bearer eyJhbGciOiJIUzI1NiJ9.eyJzdWIiOiJhZG1pbiIsInJvbGVzIjpbIlJPTEVfQURNSU4iXSwiaWQiOiI2ZGNiOGUyZC05ZTE0LTRlZWMtYTJiYy0xZDljZDk0ZWQ1MzMiLCJpYXQiOjE3Nzg0MjU1MzksImV4cCI6MTc3ODQyOTEzOX0.qB1ogDpTOmUcDYha_7ee5yv5p2gr7VBfko2YHDOagpE"") | .header(""Authorization"", ""Bearer eyJhbGciOiJIUzI1NiJ9.eyJzdWIiOiJhZG1pbiIsInJvbGVzIjpbIlJPTEVfQURNSU4iXSwiaWQiOiI2ZGNiOGUyZC05ZTE0LTRlZWMtYTJiYy0xZDljZDk0ZWQ1MzMiLCJpYXQiOjE3Nzg0MjU1MzksImV4cCI6MTc3ODQyOTEzOX0.qB1ogDpTOmUcDYha_7ee5yv5p2gr7VBfko2YHDOagpE"") | .header(""Authorization"", ""Bearer eyJhbGciOiJIUzI1NiJ9.eyJzdWIiOiJhZG1pbiIsInJvbGVzIjpbIlJPTEVfQURNSU4iXSwiaWQiOiI2ZGNiOGUyZC05ZTE0LTRlZWMtYTJiYy0xZDljZDk0ZWQ1MzMiLCJpYXQiOjE3Nzg0MjU1MzksImV4cCI6MTc3ODQyOTEzOX0.qB1ogDpTOmUcDYha_7ee5yv5p2gr7VBfko2YHDOagpE"") | .header(""Authorization"", ""Bearer eyJhbGciOiJIUzI1NiJ9.eyJzdWIiOiJhZG1pbiIsInJvbGVzIjpbIlJPTEVfQURNSU4iXSwiaWQiOiI2ZGNiOGUyZC05ZTE0LTRlZWMtYTJiYy0xZDljZDk0ZWQ1MzMiLCJpYXQiOjE3Nzg0MjU1MzksImV4cCI6MTc3ODQyOTEzOX0.qB1ogDpTOmUcDYha_7ee5yv5p2gr7VBfko2YHDOagpE"")",faults,/mnt/train-ticket-aitest/evomaster/evomaster-config/generated-tests/blackbox/ts-admin-basic-service/admin/EvoMaster_ts-admin-basic-service_admin_faults.java,21,6,True,0,,0,0,,100.0,0,0,0,0,0,0,False,,/mnt/train-ticket-aitest/evomaster/evomaster-config/runtime-logs/classes/ts-admin-basic-service/admin/EvoMaster_ts_admin_basic_service_admin_faults,/mnt/train-ticket-aitest/evomaster/evomaster-config/runtime-logs/classes/ts-admin-basic-service/admin/EvoMaster_ts_admin_basic_service_admin_faults/compile.log,/mnt/train-ticket-aitest/evomaster/evomaster-config/runtime-logs/classes/ts-admin-basic-service/admin/EvoMaster_ts_admin_basic_service_admin_faults/compile_stdout.log,/mnt/train-ticket-aitest/evomaster/evomaster-config/runtime-logs/classes/ts-admin-basic-service/admin/EvoMaster_ts_admin_basic_service_admin_faults/compile_stderr.log,False,True,1,java.lang.AssertionError;test_failure,1,False,8.07,6.79,161.24,"Tests run: 1, Failures: 1, Errors: 0, Skipped: 0",/mnt/train-ticket-aitest/evomaster/evomaster-config/runtime-logs/methods/ts-admin-basic-service/admin/EvoMaster_ts_admin_basic_service_admin_faults/test_0_getOnPricesShowsFaults_100_101,/mnt/train-ticket-aitest/evomaster/evomaster-config/runtime-logs/methods/ts-admin-basic-service/admin/EvoMaster_ts_admin_basic_service_admin_faults/test_0_getOnPricesShowsFaults_100_101/run.log,/mnt/train-ticket-aitest/evomaster/evomaster-config/runtime-logs/methods/ts-admin-basic-service/admin/EvoMaster_ts_admin_basic_service_admin_faults/test_0_getOnPricesShowsFaults_100_101/run_stdout.log,/mnt/train-ticket-aitest/evomaster/evomaster-config/runtime-logs/methods/ts-admin-basic-service/admin/EvoMaster_ts_admin_basic_service_admin_faults/test_0_getOnPricesShowsFaults_100_101/run_stderr.log
ts-admin-basic-service,admin,EvoMaster_ts-admin-basic-service_admin_faults.java,EvoMaster_ts_admin_basic_service_admin_faults,test_0_getOnPricesShowsFaults_100_101,True,9,500,/api/v1/adminbasicservice/adminbasic/prices,GET,500;403;200,.statusCode(500) .assertThat() | .statusCode(403) .assertThat() | .statusCode(200) .assertThat(),66,".post(baseUrlOfSut + ""/api/v1/adminbasicservice/adminbasic/prices"") | .delete(baseUrlOfSut + ""/api/v1/adminbasicservice/adminbasic/stations/UYaiR4O62GwCxJ4g"") | .post(baseUrlOfSut + ""/api/v1/adminbasicservice/adminbasic/prices"") | .get(baseUrlOfSut + ""/api/v1/adminbasicservice/adminbasic/prices"") | .delete(baseUrlOfSut + ""/api/v1/adminbasicservice/adminbasic/stations/maxCLkijILA"") | .post(baseUrlOfSut + ""/api/v1/adminbasicservice/adminbasic/prices"") | .post(baseUrlOfSut + ""/api/v1/adminbasicservice/adminbasic/prices"") | .delete(baseUrlOfSut + ""/api/v1/adminbasicservice/adminbasic/stations/aUSRpPf5yQwVt7q"") | .get(baseUrlOfSut + ""/api/v1/adminbasicservice/adminbasic/prices"")",".body("" { "" + 
                    "" \""id\"": \""vhMfQw\"", "" + 
                    "" \""trainType\"": \""WsZCZcycQUqya_CT\"", "" + 
                    "" \""routeId\"": \""MNajTe8IKba\"", "" + 
                    "" \""basicPriceRate\"": 0.5704657965203657, "" + 
                    "" \""firstClassPriceRate\"": 0.38721113436172394 "" + 
                    "" } "") | .body("" { "" + 
                    "" \""id\"": \""YlwGDqTzFK\"", "" + 
                    "" \""trainType\"": \""IvTVbrym2\"", "" + 
                    "" \""routeId\"": \""kN2PsN8nkoxzQE\"" "" + 
                    "" } "") | .body("" { "" + 
                    "" \""id\"": \""HHwvdtzYbv\"", "" + 
                    "" \""basicPriceRate\"": 0.7473234708283137, "" + 
                    "" \""firstClassPriceRate\"": 0.5304025343053032 "" + 
                    "" } "") | .body("" { "" + 
                    "" \""trainType\"": \""MU\"", "" + 
                    "" \""routeId\"": \""djdd\"", "" + 
                    "" \""firstClassPriceRate\"": 0.5599988983363684 "" + 
                    "" } "")",".header(""Authorization"", ""Bearer eyJhbGciOiJIUzI1NiJ9.eyJzdWIiOiJhZG1pbiIsInJvbGVzIjpbIlJPTEVfQURNSU4iXSwiaWQiOiI2ZGNiOGUyZC05ZTE0LTRlZWMtYTJiYy0xZDljZDk0ZWQ1MzMiLCJpYXQiOjE3Nzg0MjU1MzksImV4cCI6MTc3ODQyOTEzOX0.qB1ogDpTOmUcDYha_7ee5yv5p2gr7VBfko2YHDOagpE"") | .header(""Authorization"", ""Bearer eyJhbGciOiJIUzI1NiJ9.eyJzdWIiOiJhZG1pbiIsInJvbGVzIjpbIlJPTEVfQURNSU4iXSwiaWQiOiI2ZGNiOGUyZC05ZTE0LTRlZWMtYTJiYy0xZDljZDk0ZWQ1MzMiLCJpYXQiOjE3Nzg0MjU1MzksImV4cCI6MTc3ODQyOTEzOX0.qB1ogDpTOmUcDYha_7ee5yv5p2gr7VBfko2YHDOagpE"") | .header(""Authorization"", ""Bearer eyJhbGciOiJIUzI1NiJ9.eyJzdWIiOiJhZG1pbiIsInJvbGVzIjpbIlJPTEVfQURNSU4iXSwiaWQiOiI2ZGNiOGUyZC05ZTE0LTRlZWMtYTJiYy0xZDljZDk0ZWQ1MzMiLCJpYXQiOjE3Nzg0MjU1MzksImV4cCI6MTc3ODQyOTEzOX0.qB1ogDpTOmUcDYha_7ee5yv5p2gr7VBfko2YHDOagpE"") | .header(""Authorization"", ""Bearer eyJhbGciOiJIUzI1NiJ9.eyJzdWIiOiJhZG1pbiIsInJvbGVzIjpbIlJPTEVfQURNSU4iXSwiaWQiOiI2ZGNiOGUyZC05ZTE0LTRlZWMtYTJiYy0xZDljZDk0ZWQ1MzMiLCJpYXQiOjE3Nzg0MjU1MzksImV4cCI6MTc3ODQyOTEzOX0.qB1ogDpTOmUcDYha_7ee5yv5p2gr7VBfko2YHDOagpE"") | .header(""Authorization"", ""Bearer eyJhbGciOiJIUzI1NiJ9.eyJzdWIiOiJhZG1pbiIsInJvbGVzIjpbIlJPTEVfQURNSU4iXSwiaWQiOiI2ZGNiOGUyZC05ZTE0LTRlZWMtYTJiYy0xZDljZDk0ZWQ1MzMiLCJpYXQiOjE3Nzg0MjU1MzksImV4cCI6MTc3ODQyOTEzOX0.qB1ogDpTOmUcDYha_7ee5yv5p2gr7VBfko2YHDOagpE"") | .header(""Authorization"", ""Bearer eyJhbGciOiJIUzI1NiJ9.eyJzdWIiOiJhZG1pbiIsInJvbGVzIjpbIlJPTEVfQURNSU4iXSwiaWQiOiI2ZGNiOGUyZC05ZTE0LTRlZWMtYTJiYy0xZDljZDk0ZWQ1MzMiLCJpYXQiOjE3Nzg0MjU1MzksImV4cCI6MTc3ODQyOTEzOX0.qB1ogDpTOmUcDYha_7ee5yv5p2gr7VBfko2YHDOagpE"") | .header(""Authorization"", ""Bearer eyJhbGciOiJIUzI1NiJ9.eyJzdWIiOiJhZG1pbiIsInJvbGVzIjpbIlJPTEVfQURNSU4iXSwiaWQiOiI2ZGNiOGUyZC05ZTE0LTRlZWMtYTJiYy0xZDljZDk0ZWQ1MzMiLCJpYXQiOjE3Nzg0MjU1MzksImV4cCI6MTc3ODQyOTEzOX0.qB1ogDpTOmUcDYha_7ee5yv5p2gr7VBfko2YHDOagpE"") | .header(""Authorization"", ""Bearer eyJhbGciOiJIUzI1NiJ9.eyJzdWIiOiJhZG1pbiIsInJvbGVzIjpbIlJPTEVfQURNSU4iXSwiaWQiOiI2ZGNiOGUyZC05ZTE0LTRlZWMtYTJiYy0xZDljZDk0ZWQ1MzMiLCJpYXQiOjE3Nzg0MjU1MzksImV4cCI6MTc3ODQyOTEzOX0.qB1ogDpTOmUcDYha_7ee5yv5p2gr7VBfko2YHDOagpE"") | .header(""Authorization"", ""Bearer eyJhbGciOiJIUzI1NiJ9.eyJzdWIiOiJhZG1pbiIsInJvbGVzIjpbIlJPTEVfQURNSU4iXSwiaWQiOiI2ZGNiOGUyZC05ZTE0LTRlZWMtYTJiYy0xZDljZDk0ZWQ1MzMiLCJpYXQiOjE3Nzg0MjU1MzksImV4cCI6MTc3ODQyOTEzOX0.qB1ogDpTOmUcDYha_7ee5yv5p2gr7VBfko2YHDOagpE"")",faults,/mnt/train-ticket-aitest/evomaster/evomaster-config/generated-tests/blackbox/ts-admin-basic-service/admin/EvoMaster_ts-admin-basic-service_admin_faults.java,21,6,True,0,,0,0,,100.0,0,0,0,0,0,0,False,,/mnt/train-ticket-aitest/evomaster/evomaster-config/runtime-logs/classes/ts-admin-basic-service/admin/EvoMaster_ts_admin_basic_service_admin_faults,/mnt/train-ticket-aitest/evomaster/evomaster-config/runtime-logs/classes/ts-admin-basic-service/admin/EvoMaster_ts_admin_basic_service_admin_faults/compile.log,/mnt/train-ticket-aitest/evomaster/evomaster-config/runtime-logs/classes/ts-admin-basic-service/admin/EvoMaster_ts_admin_basic_service_admin_faults/compile_stdout.log,/mnt/train-ticket-aitest/evomaster/evomaster-config/runtime-logs/classes/ts-admin-basic-service/admin/EvoMaster_ts_admin_basic_service_admin_faults/compile_stderr.log,False,True,1,java.lang.AssertionError;test_failure,1,False,8.02,6.56,161.86,"Tests run: 1, Failures: 1, Errors: 0, Skipped: 0",/mnt/train-ticket-aitest/evomaster/evomaster-config/runtime-logs/methods/ts-admin-basic-service/admin/EvoMaster_ts_admin_basic_service_admin_faults/test_0_getOnPricesShowsFaults_100_101,/mnt/train-ticket-aitest/evomaster/evomaster-config/runtime-logs/methods/ts-admin-basic-service/admin/EvoMaster_ts_admin_basic_service_admin_faults/test_0_getOnPricesShowsFaults_100_101/run.log,/mnt/train-ticket-aitest/evomaster/evomaster-config/runtime-logs/methods/ts-admin-basic-service/admin/EvoMaster_ts_admin_basic_service_admin_faults/test_0_getOnPricesShowsFaults_100_101/run_stdout.log,/mnt/train-ticket-aitest/evomaster/evomaster-config/runtime-logs/methods/ts-admin-basic-service/admin/EvoMaster_ts_admin_basic_service_admin_faults/test_0_getOnPricesShowsFaults_100_101/run_stderr.log
ts-admin-basic-service,admin,EvoMaster_ts-admin-basic-service_admin_faults.java,EvoMaster_ts_admin_basic_service_admin_faults,test_1_getOnPricesShowsFaults_100_101,False,1,500,/api/v1/adminbasicservice/adminbasic/prices,GET,500,.statusCode(500) .assertThat(),6,".get(baseUrlOfSut + ""/api/v1/adminbasicservice/adminbasic/prices"")",,".header(""Authorization"", ""Bearer eyJhbGciOiJIUzI1NiJ9.eyJzdWIiOiJhZG1pbiIsInJvbGVzIjpbIlJPTEVfQURNSU4iXSwiaWQiOiI2ZGNiOGUyZC05ZTE0LTRlZWMtYTJiYy0xZDljZDk0ZWQ1MzMiLCJpYXQiOjE3Nzg0MjU1MzksImV4cCI6MTc3ODQyOTEzOX0.qB1ogDpTOmUcDYha_7ee5yv5p2gr7VBfko2YHDOagpE"")",faults,/mnt/train-ticket-aitest/evomaster/evomaster-config/generated-tests/blackbox/ts-admin-basic-service/admin/EvoMaster_ts-admin-basic-service_admin_faults.java,21,6,True,0,,0,0,,100.0,0,0,0,0,0,0,False,,/mnt/train-ticket-aitest/evomaster/evomaster-config/runtime-logs/classes/ts-admin-basic-service/admin/EvoMaster_ts_admin_basic_service_admin_faults,/mnt/train-ticket-aitest/evomaster/evomaster-config/runtime-logs/classes/ts-admin-basic-service/admin/EvoMaster_ts_admin_basic_service_admin_faults/compile.log,/mnt/train-ticket-aitest/evomaster/evomaster-config/runtime-logs/classes/ts-admin-basic-service/admin/EvoMaster_ts_admin_basic_service_admin_faults/compile_stdout.log,/mnt/train-ticket-aitest/evomaster/evomaster-config/runtime-logs/classes/ts-admin-basic-service/admin/EvoMaster_ts_admin_basic_service_admin_faults/compile_stderr.log,False,True,1,java.lang.AssertionError;test_failure,1,False,8.52,6.78,160.45,"Tests run: 1, Failures: 1, Errors: 0, Skipped: 0",/mnt/train-ticket-aitest/evomaster/evomaster-config/runtime-logs/methods/ts-admin-basic-service/admin/EvoMaster_ts_admin_basic_service_admin_faults/test_1_getOnPricesShowsFaults_100_101,/mnt/train-ticket-aitest/evomaster/evomaster-config/runtime-logs/methods/ts-admin-basic-service/admin/EvoMaster_ts_admin_basic_service_admin_faults/test_1_getOnPricesShowsFaults_100_101/run.log,/mnt/train-ticket-aitest/evomaster/evomaster-config/runtime-logs/methods/ts-admin-basic-service/admin/EvoMaster_ts_admin_basic_service_admin_faults/test_1_getOnPricesShowsFaults_100_101/run_stdout.log,/mnt/train-ticket-aitest/evomaster/evomaster-config/runtime-logs/methods/ts-admin-basic-service/admin/EvoMaster_ts_admin_basic_service_admin_faults/test_1_getOnPricesShowsFaults_100_101/run_stderr.log
ts-admin-basic-service,admin,EvoMaster_ts-admin-basic-service_admin_faults.java,EvoMaster_ts_admin_basic_service_admin_faults,test_2_postOnPricesShowsFaults_100_101,False,1,500,/api/v1/adminbasicservice/adminbasic/prices,POST,500,.statusCode(500) .assertThat(),6,".post(baseUrlOfSut + ""/api/v1/adminbasicservice/adminbasic/prices"")",".body("" { "" + 
                    "" \""trainType\"": \""1y9kj\"", "" + 
                    "" \""routeId\"": \""ERM\"", "" + 
                    "" \""firstClassPriceRate\"": 0.5762238218320535 "" + 
                    "" } "")",".header(""Authorization"", ""Bearer eyJhbGciOiJIUzI1NiJ9.eyJzdWIiOiJhZG1pbiIsInJvbGVzIjpbIlJPTEVfQURNSU4iXSwiaWQiOiI2ZGNiOGUyZC05ZTE0LTRlZWMtYTJiYy0xZDljZDk0ZWQ1MzMiLCJpYXQiOjE3Nzg0MjU1MzksImV4cCI6MTc3ODQyOTEzOX0.qB1ogDpTOmUcDYha_7ee5yv5p2gr7VBfko2YHDOagpE"")",faults,/mnt/train-ticket-aitest/evomaster/evomaster-config/generated-tests/blackbox/ts-admin-basic-service/admin/EvoMaster_ts-admin-basic-service_admin_faults.java,21,6,True,0,,0,0,,100.0,0,0,0,0,0,0,False,,/mnt/train-ticket-aitest/evomaster/evomaster-config/runtime-logs/classes/ts-admin-basic-service/admin/EvoMaster_ts_admin_basic_service_admin_faults,/mnt/train-ticket-aitest/evomaster/evomaster-config/runtime-logs/classes/ts-admin-basic-service/admin/EvoMaster_ts_admin_basic_service_admin_faults/compile.log,/mnt/train-ticket-aitest/evomaster/evomaster-config/runtime-logs/classes/ts-admin-basic-service/admin/EvoMaster_ts_admin_basic_service_admin_faults/compile_stdout.log,/mnt/train-ticket-aitest/evomaster/evomaster-config/runtime-logs/classes/ts-admin-basic-service/admin/EvoMaster_ts_admin_basic_service_admin_faults/compile_stderr.log,False,True,1,java.lang.AssertionError;test_failure,1,False,8.53,7.03,170.75,"Tests run: 1, Failures: 1, Errors: 0, Skipped: 0",/mnt/train-ticket-aitest/evomaster/evomaster-config/runtime-logs/methods/ts-admin-basic-service/admin/EvoMaster_ts_admin_basic_service_admin_faults/test_2_postOnPricesShowsFaults_100_101,/mnt/train-ticket-aitest/evomaster/evomaster-config/runtime-logs/methods/ts-admin-basic-service/admin/EvoMaster_ts_admin_basic_service_admin_faults/test_2_postOnPricesShowsFaults_100_101/run.log,/mnt/train-ticket-aitest/evomaster/evomaster-config/runtime-logs/methods/ts-admin-basic-service/admin/EvoMaster_ts_admin_basic_service_admin_faults/test_2_postOnPricesShowsFaults_100_101/run_stdout.log,/mnt/train-ticket-aitest/evomaster/evomaster-config/runtime-logs/methods/ts-admin-basic-service/admin/EvoMaster_ts_admin_basic_service_admin_faults/test_2_postOnPricesShowsFaults_100_101/run_stderr.log
ts-admin-basic-service,admin,EvoMaster_ts-admin-basic-service_admin_faults.java,EvoMaster_ts_admin_basic_service_admin_faults,test_3_getOnPricesReturnsMismatchResponseWithSchema,False,1,403,/api/v1/adminbasicservice/adminbasic/prices,GET,403,.statusCode(403) .assertThat(),2,".get(baseUrlOfSut + ""/api/v1/adminbasicservice/adminbasic/prices"")",,".header(""Authorization"", ""Bearer eyJhbGciOiJIUzI1NiJ9.eyJzdWIiOiJhZG1pbiIsInJvbGVzIjpbIlJPTEVfQURNSU4iXSwiaWQiOiI2ZGNiOGUyZC05ZTE0LTRlZWMtYTJiYy0xZDljZDk0ZWQ1MzMiLCJpYXQiOjE3Nzg0MjU1MzksImV4cCI6MTc3ODQyOTEzOX0.qB1ogDpTOmUcDYha_7ee5yv5p2gr7VBfko2YHDOagpE"")",faults,/mnt/train-ticket-aitest/evomaster/evomaster-config/generated-tests/blackbox/ts-admin-basic-service/admin/EvoMaster_ts-admin-basic-service_admin_faults.java,21,6,True,0,,0,0,,100.0,0,0,0,0,0,0,False,,/mnt/train-ticket-aitest/evomaster/evomaster-config/runtime-logs/classes/ts-admin-basic-service/admin/EvoMaster_ts_admin_basic_service_admin_faults,/mnt/train-ticket-aitest/evomaster/evomaster-config/runtime-logs/classes/ts-admin-basic-service/admin/EvoMaster_ts_admin_basic_service_admin_faults/compile.log,/mnt/train-ticket-aitest/evomaster/evomaster-config/runtime-logs/classes/ts-admin-basic-service/admin/EvoMaster_ts_admin_basic_service_admin_faults/compile_stdout.log,/mnt/train-ticket-aitest/evomaster/evomaster-config/runtime-logs/classes/ts-admin-basic-service/admin/EvoMaster_ts_admin_basic_service_admin_faults/compile_stderr.log,False,True,1,java.lang.AssertionError;test_failure,1,False,8.55,7.14,175.29,"Tests run: 1, Failures: 1, Errors: 0, Skipped: 0",/mnt/train-ticket-aitest/evomaster/evomaster-config/runtime-logs/methods/ts-admin-basic-service/admin/EvoMaster_ts_admin_basic_service_admin_faults/test_3_getOnPricesReturnsMismatchResponseWithSchema,/mnt/train-ticket-aitest/evomaster/evomaster-config/runtime-logs/methods/ts-admin-basic-service/admin/EvoMaster_ts_admin_basic_service_admin_faults/test_3_getOnPricesReturnsMismatchResponseWithSchema/run.log,/mnt/train-ticket-aitest/evomaster/evomaster-config/runtime-logs/methods/ts-admin-basic-service/admin/EvoMaster_ts_admin_basic_service_admin_faults/test_3_getOnPricesReturnsMismatchResponseWithSchema/run_stdout.log,/mnt/train-ticket-aitest/evomaster/evomaster-config/runtime-logs/methods/ts-admin-basic-service/admin/EvoMaster_ts_admin_basic_service_admin_faults/test_3_getOnPricesReturnsMismatchResponseWithSchema/run_stderr.log
ts-admin-basic-service,admin,EvoMaster_ts-admin-basic-service_admin_faults.java,EvoMaster_ts_admin_basic_service_admin_faults,test_4_postOnPricesReturnsMismatchResponseWithSchema,False,1,403,/api/v1/adminbasicservice/adminbasic/prices,POST,403,.statusCode(403) .assertThat(),2,".post(baseUrlOfSut + ""/api/v1/adminbasicservice/adminbasic/prices"")",".body("" { "" + 
                    "" \""id\"": \""u43\"", "" + 
                    "" \""trainType\"": \""8Sfx6Q_H\"", "" + 
                    "" \""basicPriceRate\"": 0.518277457409972 "" + 
                    "" } "")",,faults,/mnt/train-ticket-aitest/evomaster/evomaster-config/generated-tests/blackbox/ts-admin-basic-service/admin/EvoMaster_ts-admin-basic-service_admin_faults.java,21,6,True,0,,0,0,,100.0,0,0,0,0,0,0,False,,/mnt/train-ticket-aitest/evomaster/evomaster-config/runtime-logs/classes/ts-admin-basic-service/admin/EvoMaster_ts_admin_basic_service_admin_faults,/mnt/train-ticket-aitest/evomaster/evomaster-config/runtime-logs/classes/ts-admin-basic-service/admin/EvoMaster_ts_admin_basic_service_admin_faults/compile.log,/mnt/train-ticket-aitest/evomaster/evomaster-config/runtime-logs/classes/ts-admin-basic-service/admin/EvoMaster_ts_admin_basic_service_admin_faults/compile_stdout.log,/mnt/train-ticket-aitest/evomaster/evomaster-config/runtime-logs/classes/ts-admin-basic-service/admin/EvoMaster_ts_admin_basic_service_admin_faults/compile_stderr.log,True,True,0,,0,False,8.03,6.49,155.67,Test passed (detected via Surefire XML),/mnt/train-ticket-aitest/evomaster/evomaster-config/runtime-logs/methods/ts-admin-basic-service/admin/EvoMaster_ts_admin_basic_service_admin_faults/test_4_postOnPricesReturnsMismatchResponseWithSchema,/mnt/train-ticket-aitest/evomaster/evomaster-config/runtime-logs/methods/ts-admin-basic-service/admin/EvoMaster_ts_admin_basic_service_admin_faults/test_4_postOnPricesReturnsMismatchResponseWithSchema/run.log,/mnt/train-ticket-aitest/evomaster/evomaster-config/runtime-logs/methods/ts-admin-basic-service/admin/EvoMaster_ts_admin_basic_service_admin_faults/test_4_postOnPricesReturnsMismatchResponseWithSchema/run_stdout.log,/mnt/train-ticket-aitest/evomaster/evomaster-config/runtime-logs/methods/ts-admin-basic-service/admin/EvoMaster_ts_admin_basic_service_admin_faults/test_4_postOnPricesReturnsMismatchResponseWithSchema/run_stderr.log
ts-admin-basic-service,admin,EvoMaster_ts-admin-basic-service_admin_faults.java,EvoMaster_ts_admin_basic_service_admin_faults,test_5_postOnPricesReturnsMismatchResponseWithSchema,False,1,403,/api/v1/adminbasicservice/adminbasic/prices,POST,403,.statusCode(403) .assertThat(),2,".post(baseUrlOfSut + ""/api/v1/adminbasicservice/adminbasic/prices"")",".body("" { "" + 
                    "" \""firstClassPriceRate\"": 0.03327550008171176 "" + 
                    "" } "")",".header(""Authorization"", ""Bearer eyJhbGciOiJIUzI1NiJ9.eyJzdWIiOiJhZG1pbiIsInJvbGVzIjpbIlJPTEVfQURNSU4iXSwiaWQiOiI2ZGNiOGUyZC05ZTE0LTRlZWMtYTJiYy0xZDljZDk0ZWQ1MzMiLCJpYXQiOjE3Nzg0MjU1MzksImV4cCI6MTc3ODQyOTEzOX0.qB1ogDpTOmUcDYha_7ee5yv5p2gr7VBfko2YHDOagpE"")",faults,/mnt/train-ticket-aitest/evomaster/evomaster-config/generated-tests/blackbox/ts-admin-basic-service/admin/EvoMaster_ts-admin-basic-service_admin_faults.java,21,6,True,0,,0,0,,100.0,0,0,0,0,0,0,False,,/mnt/train-ticket-aitest/evomaster/evomaster-config/runtime-logs/classes/ts-admin-basic-service/admin/EvoMaster_ts_admin_basic_service_admin_faults,/mnt/train-ticket-aitest/evomaster/evomaster-config/runtime-logs/classes/ts-admin-basic-service/admin/EvoMaster_ts_admin_basic_service_admin_faults/compile.log,/mnt/train-ticket-aitest/evomaster/evomaster-config/runtime-logs/classes/ts-admin-basic-service/admin/EvoMaster_ts_admin_basic_service_admin_faults/compile_stdout.log,/mnt/train-ticket-aitest/evomaster/evomaster-config/runtime-logs/classes/ts-admin-basic-service/admin/EvoMaster_ts_admin_basic_service_admin_faults/compile_stderr.log,False,True,1,java.lang.AssertionError;test_failure,1,False,8.56,6.76,155.16,"Tests run: 1, Failures: 1, Errors: 0, Skipped: 0",/mnt/train-ticket-aitest/evomaster/evomaster-config/runtime-logs/methods/ts-admin-basic-service/admin/EvoMaster_ts_admin_basic_service_admin_faults/test_5_postOnPricesReturnsMismatchResponseWithSchema,/mnt/train-ticket-aitest/evomaster/evomaster-config/runtime-logs/methods/ts-admin-basic-service/admin/EvoMaster_ts_admin_basic_service_admin_faults/test_5_postOnPricesReturnsMismatchResponseWithSchema/run.log,/mnt/train-ticket-aitest/evomaster/evomaster-config/runtime-logs/methods/ts-admin-basic-service/admin/EvoMaster_ts_admin_basic_service_admin_faults/test_5_postOnPricesReturnsMismatchResponseWithSchema/run_stdout.log,/mnt/train-ticket-aitest/evomaster/evomaster-config/runtime-logs/methods/ts-admin-basic-service/admin/EvoMaster_ts_admin_basic_service_admin_faults/test_5_postOnPricesReturnsMismatchResponseWithSchema/run_stderr.log
ts-admin-basic-service,admin,EvoMaster_ts-admin-basic-service_admin_faults.java,EvoMaster_ts_admin_basic_service_admin_faults,test_6_deleteOnStationShowsFaults_100_101,False,1,500,/api/v1/adminbasicservice/adminbasic/stations/{id},DELETE,500,.statusCode(500) .assertThat(),6,".delete(baseUrlOfSut + ""/api/v1/adminbasicservice/adminbasic/stations/R"")",,".header(""Authorization"", ""Bearer eyJhbGciOiJIUzI1NiJ9.eyJzdWIiOiJhZG1pbiIsInJvbGVzIjpbIlJPTEVfQURNSU4iXSwiaWQiOiI2ZGNiOGUyZC05ZTE0LTRlZWMtYTJiYy0xZDljZDk0ZWQ1MzMiLCJpYXQiOjE3Nzg0MjU1MzksImV4cCI6MTc3ODQyOTEzOX0.qB1ogDpTOmUcDYha_7ee5yv5p2gr7VBfko2YHDOagpE"")",faults,/mnt/train-ticket-aitest/evomaster/evomaster-config/generated-tests/blackbox/ts-admin-basic-service/admin/EvoMaster_ts-admin-basic-service_admin_faults.java,21,6,True,0,,0,0,,100.0,0,0,0,0,0,0,False,,/mnt/train-ticket-aitest/evomaster/evomaster-config/runtime-logs/classes/ts-admin-basic-service/admin/EvoMaster_ts_admin_basic_service_admin_faults,/mnt/train-ticket-aitest/evomaster/evomaster-config/runtime-logs/classes/ts-admin-basic-service/admin/EvoMaster_ts_admin_basic_service_admin_faults/compile.log,/mnt/train-ticket-aitest/evomaster/evomaster-config/runtime-logs/classes/ts-admin-basic-service/admin/EvoMaster_ts_admin_basic_service_admin_faults/compile_stdout.log,/mnt/train-ticket-aitest/evomaster/evomaster-config/runtime-logs/classes/ts-admin-basic-service/admin/EvoMaster_ts_admin_basic_service_admin_faults/compile_stderr.log,False,True,1,java.lang.AssertionError;test_failure,1,False,9.55,6.81,163.92,"Tests run: 1, Failures: 1, Errors: 0, Skipped: 0",/mnt/train-ticket-aitest/evomaster/evomaster-config/runtime-logs/methods/ts-admin-basic-service/admin/EvoMaster_ts_admin_basic_service_admin_faults/test_6_deleteOnStationShowsFaults_100_101,/mnt/train-ticket-aitest/evomaster/evomaster-config/runtime-logs/methods/ts-admin-basic-service/admin/EvoMaster_ts_admin_basic_service_admin_faults/test_6_deleteOnStationShowsFaults_100_101/run.log,/mnt/train-ticket-aitest/evomaster/evomaster-config/runtime-logs/methods/ts-admin-basic-service/admin/EvoMaster_ts_admin_basic_service_admin_faults/test_6_deleteOnStationShowsFaults_100_101/run_stdout.log,/mnt/train-ticket-aitest/evomaster/evomaster-config/runtime-logs/methods/ts-admin-basic-service/admin/EvoMaster_ts_admin_basic_service_admin_faults/test_6_deleteOnStationShowsFaults_100_101/run_stderr.log
ts-admin-basic-service,admin,EvoMaster_ts-admin-basic-service_admin_faults.java,EvoMaster_ts_admin_basic_service_admin_faults,test_7_deleteOnStationReturnsMismatchResponseWithSchema,False,1,200,/api/v1/adminbasicservice/adminbasic/stations/{id},DELETE,200,.statusCode(200) .assertThat(),5,".delete(baseUrlOfSut + ""/api/v1/adminbasicservice/adminbasic/stations/j"")",,".header(""Authorization"", ""Bearer eyJhbGciOiJIUzI1NiJ9.eyJzdWIiOiJhZG1pbiIsInJvbGVzIjpbIlJPTEVfQURNSU4iXSwiaWQiOiI2ZGNiOGUyZC05ZTE0LTRlZWMtYTJiYy0xZDljZDk0ZWQ1MzMiLCJpYXQiOjE3Nzg0MjU1MzksImV4cCI6MTc3ODQyOTEzOX0.qB1ogDpTOmUcDYha_7ee5yv5p2gr7VBfko2YHDOagpE"")",faults,/mnt/train-ticket-aitest/evomaster/evomaster-config/generated-tests/blackbox/ts-admin-basic-service/admin/EvoMaster_ts-admin-basic-service_admin_faults.java,21,6,True,0,,0,0,,100.0,0,0,0,0,0,0,False,,/mnt/train-ticket-aitest/evomaster/evomaster-config/runtime-logs/classes/ts-admin-basic-service/admin/EvoMaster_ts_admin_basic_service_admin_faults,/mnt/train-ticket-aitest/evomaster/evomaster-config/runtime-logs/classes/ts-admin-basic-service/admin/EvoMaster_ts_admin_basic_service_admin_faults/compile.log,/mnt/train-ticket-aitest/evomaster/evomaster-config/runtime-logs/classes/ts-admin-basic-service/admin/EvoMaster_ts_admin_basic_service_admin_faults/compile_stdout.log,/mnt/train-ticket-aitest/evomaster/evomaster-config/runtime-logs/classes/ts-admin-basic-service/admin/EvoMaster_ts_admin_basic_service_admin_faults/compile_stderr.log,True,True,0,,0,False,9.07,6.76,159.07,Test passed (detected via Surefire XML),/mnt/train-ticket-aitest/evomaster/evomaster-config/runtime-logs/methods/ts-admin-basic-service/admin/EvoMaster_ts_admin_basic_service_admin_faults/test_7_deleteOnStationReturnsMismatchResponseWithSchema,/mnt/train-ticket-aitest/evomaster/evomaster-config/runtime-logs/methods/ts-admin-basic-service/admin/EvoMaster_ts_admin_basic_service_admin_faults/test_7_deleteOnStationReturnsMismatchResponseWithSchema/run.log,/mnt/train-ticket-aitest/evomaster/evomaster-config/runtime-logs/methods/ts-admin-basic-service/admin/EvoMaster_ts_admin_basic_service_admin_faults/test_7_deleteOnStationReturnsMismatchResponseWithSchema/run_stdout.log,/mnt/train-ticket-aitest/evomaster/evomaster-config/runtime-logs/methods/ts-admin-basic-service/admin/EvoMaster_ts_admin_basic_service_admin_faults/test_7_deleteOnStationReturnsMismatchResponseWithSchema/run_stderr.log
ts-admin-basic-service,admin,EvoMaster_ts-admin-basic-service_admin_faults.java,EvoMaster_ts_admin_basic_service_admin_faults,test_8_deleteOnStationReturnsMismatchResponseWithSchema,False,1,403,/api/v1/adminbasicservice/adminbasic/stations/{id},DELETE,403,.statusCode(403) .assertThat(),2,".delete(baseUrlOfSut + ""/api/v1/adminbasicservice/adminbasic/stations/aUSRpPf5yQwVt7q"")",,".header(""Authorization"", ""Bearer eyJhbGciOiJIUzI1NiJ9.eyJzdWIiOiJhZG1pbiIsInJvbGVzIjpbIlJPTEVfQURNSU4iXSwiaWQiOiI2ZGNiOGUyZC05ZTE0LTRlZWMtYTJiYy0xZDljZDk0ZWQ1MzMiLCJpYXQiOjE3Nzg0MjU1MzksImV4cCI6MTc3ODQyOTEzOX0.qB1ogDpTOmUcDYha_7ee5yv5p2gr7VBfko2YHDOagpE"")",faults,/mnt/train-ticket-aitest/evomaster/evomaster-config/generated-tests/blackbox/ts-admin-basic-service/admin/EvoMaster_ts-admin-basic-service_admin_faults.java,21,6,True,0,,0,0,,100.0,0,0,0,0,0,0,False,,/mnt/train-ticket-aitest/evomaster/evomaster-config/runtime-logs/classes/ts-admin-basic-service/admin/EvoMaster_ts_admin_basic_service_admin_faults,/mnt/train-ticket-aitest/evomaster/evomaster-config/runtime-logs/classes/ts-admin-basic-service/admin/EvoMaster_ts_admin_basic_service_admin_faults/compile.log,/mnt/train-ticket-aitest/evomaster/evomaster-config/runtime-logs/classes/ts-admin-basic-service/admin/EvoMaster_ts_admin_basic_service_admin_faults/compile_stdout.log,/mnt/train-ticket-aitest/evomaster/evomaster-config/runtime-logs/classes/ts-admin-basic-service/admin/EvoMaster_ts_admin_basic_service_admin_faults/compile_stderr.log,False,True,1,java.lang.AssertionError;test_failure,1,False,9.03,6.55,163.26,"Tests run: 1, Failures: 1, Errors: 0, Skipped: 0",/mnt/train-ticket-aitest/evomaster/evomaster-config/runtime-logs/methods/ts-admin-basic-service/admin/EvoMaster_ts_admin_basic_service_admin_faults/test_8_deleteOnStationReturnsMismatchResponseWithSchema,/mnt/train-ticket-aitest/evomaster/evomaster-config/runtime-logs/methods/ts-admin-basic-service/admin/EvoMaster_ts_admin_basic_service_admin_faults/test_8_deleteOnStationReturnsMismatchResponseWithSchema/run.log,/mnt/train-ticket-aitest/evomaster/evomaster-config/runtime-logs/methods/ts-admin-basic-service/admin/EvoMaster_ts_admin_basic_service_admin_faults/test_8_deleteOnStationReturnsMismatchResponseWithSchema/run_stdout.log,/mnt/train-ticket-aitest/evomaster/evomaster-config/runtime-logs/methods/ts-admin-basic-service/admin/EvoMaster_ts_admin_basic_service_admin_faults/test_8_deleteOnStationReturnsMismatchResponseWithSchema/run_stderr.log
ts-admin-basic-service,none,EvoMaster_ts-admin-basic-service_none_faults.java,EvoMaster_ts_admin_basic_service_none_faults,test_0_getOnPricesShowsFaults_100_101,False,1,500,/api/v1/adminbasicservice/adminbasic/prices,GET,500,.statusCode(500) .assertThat(),6,".get(baseUrlOfSut + ""/api/v1/adminbasicservice/adminbasic/prices"")",,,faults,/mnt/train-ticket-aitest/evomaster/evomaster-config/generated-tests/blackbox/ts-admin-basic-service/none/EvoMaster_ts-admin-basic-service_none_faults.java,21,6,True,0,,0,0,,100.0,0,0,0,0,0,0,False,,/mnt/train-ticket-aitest/evomaster/evomaster-config/runtime-logs/classes/ts-admin-basic-service/none/EvoMaster_ts_admin_basic_service_none_faults,/mnt/train-ticket-aitest/evomaster/evomaster-config/runtime-logs/classes/ts-admin-basic-service/none/EvoMaster_ts_admin_basic_service_none_faults/compile.log,/mnt/train-ticket-aitest/evomaster/evomaster-config/runtime-logs/classes/ts-admin-basic-service/none/EvoMaster_ts_admin_basic_service_none_faults/compile_stdout.log,/mnt/train-ticket-aitest/evomaster/evomaster-config/runtime-logs/classes/ts-admin-basic-service/none/EvoMaster_ts_admin_basic_service_none_faults/compile_stderr.log,False,True,1,java.lang.AssertionError;test_failure,1,False,8.03,6.79,163.49,"Tests run: 1, Failures: 1, Errors: 0, Skipped: 0",/mnt/train-ticket-aitest/evomaster/evomaster-config/runtime-logs/methods/ts-admin-basic-service/none/EvoMaster_ts_admin_basic_service_none_faults/test_0_getOnPricesShowsFaults_100_101,/mnt/train-ticket-aitest/evomaster/evomaster-config/runtime-logs/methods/ts-admin-basic-service/none/EvoMaster_ts_admin_basic_service_none_faults/test_0_getOnPricesShowsFaults_100_101/run.log,/mnt/train-ticket-aitest/evomaster/evomaster-config/runtime-logs/methods/ts-admin-basic-service/none/EvoMaster_ts_admin_basic_service_none_faults/test_0_getOnPricesShowsFaults_100_101/run_stdout.log,/mnt/train-ticket-aitest/evomaster/evomaster-config/runtime-logs/methods/ts-admin-basic-service/none/EvoMaster_ts_admin_basic_service_none_faults/test_0_getOnPricesShowsFaults_100_101/run_stderr.log
ts-admin-basic-service,none,EvoMaster_ts-admin-basic-service_none_faults.java,EvoMaster_ts_admin_basic_service_none_faults,test_1_postOnPricesShowsFaults_100_101,False,1,500,/api/v1/adminbasicservice/adminbasic/prices,POST,500,.statusCode(500) .assertThat(),6,".post(baseUrlOfSut + ""/api/v1/adminbasicservice/adminbasic/prices"")",".body("" { "" + 
                    "" \""id\"": \""VWNq\"", "" + 
                    "" \""routeId\"": \""N_JRlD7DuknOB\"", "" + 
                    "" \""firstClassPriceRate\"": 0.10832659940350775 "" + 
                    "" } "")",,faults,/mnt/train-ticket-aitest/evomaster/evomaster-config/generated-tests/blackbox/ts-admin-basic-service/none/EvoMaster_ts-admin-basic-service_none_faults.java,21,6,True,0,,0,0,,100.0,0,0,0,0,0,0,False,,/mnt/train-ticket-aitest/evomaster/evomaster-config/runtime-logs/classes/ts-admin-basic-service/none/EvoMaster_ts_admin_basic_service_none_faults,/mnt/train-ticket-aitest/evomaster/evomaster-config/runtime-logs/classes/ts-admin-basic-service/none/EvoMaster_ts_admin_basic_service_none_faults/compile.log,/mnt/train-ticket-aitest/evomaster/evomaster-config/runtime-logs/classes/ts-admin-basic-service/none/EvoMaster_ts_admin_basic_service_none_faults/compile_stdout.log,/mnt/train-ticket-aitest/evomaster/evomaster-config/runtime-logs/classes/ts-admin-basic-service/none/EvoMaster_ts_admin_basic_service_none_faults/compile_stderr.log,False,True,1,java.lang.AssertionError;test_failure,1,False,8.02,6.7,160.77,"Tests run: 1, Failures: 1, Errors: 0, Skipped: 0",/mnt/train-ticket-aitest/evomaster/evomaster-config/runtime-logs/methods/ts-admin-basic-service/none/EvoMaster_ts_admin_basic_service_none_faults/test_1_postOnPricesShowsFaults_100_101,/mnt/train-ticket-aitest/evomaster/evomaster-config/runtime-logs/methods/ts-admin-basic-service/none/EvoMaster_ts_admin_basic_service_none_faults/test_1_postOnPricesShowsFaults_100_101/run.log,/mnt/train-ticket-aitest/evomaster/evomaster-config/runtime-logs/methods/ts-admin-basic-service/none/EvoMaster_ts_admin_basic_service_none_faults/test_1_postOnPricesShowsFaults_100_101/run_stdout.log,/mnt/train-ticket-aitest/evomaster/evomaster-config/runtime-logs/methods/ts-admin-basic-service/none/EvoMaster_ts_admin_basic_service_none_faults/test_1_postOnPricesShowsFaults_100_101/run_stderr.log
ts-admin-basic-service,none,EvoMaster_ts-admin-basic-service_none_faults.java,EvoMaster_ts_admin_basic_service_none_faults,test_2_getOnPricesReturnsMismatchResponseWithSchema,False,1,403,/api/v1/adminbasicservice/adminbasic/prices,GET,403,.statusCode(403) .assertThat(),2,".get(baseUrlOfSut + ""/api/v1/adminbasicservice/adminbasic/prices"")",,,faults,/mnt/train-ticket-aitest/evomaster/evomaster-config/generated-tests/blackbox/ts-admin-basic-service/none/EvoMaster_ts-admin-basic-service_none_faults.java,21,6,True,0,,0,0,,100.0,0,0,0,0,0,0,False,,/mnt/train-ticket-aitest/evomaster/evomaster-config/runtime-logs/classes/ts-admin-basic-service/none/EvoMaster_ts_admin_basic_service_none_faults,/mnt/train-ticket-aitest/evomaster/evomaster-config/runtime-logs/classes/ts-admin-basic-service/none/EvoMaster_ts_admin_basic_service_none_faults/compile.log,/mnt/train-ticket-aitest/evomaster/evomaster-config/runtime-logs/classes/ts-admin-basic-service/none/EvoMaster_ts_admin_basic_service_none_faults/compile_stdout.log,/mnt/train-ticket-aitest/evomaster/evomaster-config/runtime-logs/classes/ts-admin-basic-service/none/EvoMaster_ts_admin_basic_service_none_faults/compile_stderr.log,False,True,1,java.lang.AssertionError;test_failure,1,False,8.55,6.75,161.59,"Tests run: 1, Failures: 1, Errors: 0, Skipped: 0",/mnt/train-ticket-aitest/evomaster/evomaster-config/runtime-logs/methods/ts-admin-basic-service/none/EvoMaster_ts_admin_basic_service_none_faults/test_2_getOnPricesReturnsMismatchResponseWithSchema,/mnt/train-ticket-aitest/evomaster/evomaster-config/runtime-logs/methods/ts-admin-basic-service/none/EvoMaster_ts_admin_basic_service_none_faults/test_2_getOnPricesReturnsMismatchResponseWithSchema/run.log,/mnt/train-ticket-aitest/evomaster/evomaster-config/runtime-logs/methods/ts-admin-basic-service/none/EvoMaster_ts_admin_basic_service_none_faults/test_2_getOnPricesReturnsMismatchResponseWithSchema/run_stdout.log,/mnt/train-ticket-aitest/evomaster/evomaster-config/runtime-logs/methods/ts-admin-basic-service/none/EvoMaster_ts_admin_basic_service_none_faults/test_2_getOnPricesReturnsMismatchResponseWithSchema/run_stderr.log
ts-admin-basic-service,none,EvoMaster_ts-admin-basic-service_none_faults.java,EvoMaster_ts_admin_basic_service_none_faults,test_3_postOnPricesReturnsMismatchResponseWithSchema,False,1,403,/api/v1/adminbasicservice/adminbasic/prices,POST,403,.statusCode(403) .assertThat(),2,".post(baseUrlOfSut + ""/api/v1/adminbasicservice/adminbasic/prices"")",".body("" { "" + 
                    "" \""trainType\"": \""D5\"" "" + 
                    "" } "")",,faults,/mnt/train-ticket-aitest/evomaster/evomaster-config/generated-tests/blackbox/ts-admin-basic-service/none/EvoMaster_ts-admin-basic-service_none_faults.java,21,6,True,0,,0,0,,100.0,0,0,0,0,0,0,False,,/mnt/train-ticket-aitest/evomaster/evomaster-config/runtime-logs/classes/ts-admin-basic-service/none/EvoMaster_ts_admin_basic_service_none_faults,/mnt/train-ticket-aitest/evomaster/evomaster-config/runtime-logs/classes/ts-admin-basic-service/none/EvoMaster_ts_admin_basic_service_none_faults/compile.log,/mnt/train-ticket-aitest/evomaster/evomaster-config/runtime-logs/classes/ts-admin-basic-service/none/EvoMaster_ts_admin_basic_service_none_faults/compile_stdout.log,/mnt/train-ticket-aitest/evomaster/evomaster-config/runtime-logs/classes/ts-admin-basic-service/none/EvoMaster_ts_admin_basic_service_none_faults/compile_stderr.log,True,True,0,,0,False,8.02,6.68,167.81,Test passed (detected via Surefire XML),/mnt/train-ticket-aitest/evomaster/evomaster-config/runtime-logs/methods/ts-admin-basic-service/none/EvoMaster_ts_admin_basic_service_none_faults/test_3_postOnPricesReturnsMismatchResponseWithSchema,/mnt/train-ticket-aitest/evomaster/evomaster-config/runtime-logs/methods/ts-admin-basic-service/none/EvoMaster_ts_admin_basic_service_none_faults/test_3_postOnPricesReturnsMismatchResponseWithSchema/run.log,/mnt/train-ticket-aitest/evomaster/evomaster-config/runtime-logs/methods/ts-admin-basic-service/none/EvoMaster_ts_admin_basic_service_none_faults/test_3_postOnPricesReturnsMismatchResponseWithSchema/run_stdout.log,/mnt/train-ticket-aitest/evomaster/evomaster-config/runtime-logs/methods/ts-admin-basic-service/none/EvoMaster_ts_admin_basic_service_none_faults/test_3_postOnPricesReturnsMismatchResponseWithSchema/run_stderr.log
ts-admin-basic-service,none,EvoMaster_ts-admin-basic-service_none_faults.java,EvoMaster_ts_admin_basic_service_none_faults,test_4_deleteOnStationShowsFaults_100_101,False,1,500,/api/v1/adminbasicservice/adminbasic/stations/{id},DELETE,500,.statusCode(500) .assertThat(),6,".delete(baseUrlOfSut + ""/api/v1/adminbasicservice/adminbasic/stations/H"")",,,faults,/mnt/train-ticket-aitest/evomaster/evomaster-config/generated-tests/blackbox/ts-admin-basic-service/none/EvoMaster_ts-admin-basic-service_none_faults.java,21,6,True,0,,0,0,,100.0,0,0,0,0,0,0,False,,/mnt/train-ticket-aitest/evomaster/evomaster-config/runtime-logs/classes/ts-admin-basic-service/none/EvoMaster_ts_admin_basic_service_none_faults,/mnt/train-ticket-aitest/evomaster/evomaster-config/runtime-logs/classes/ts-admin-basic-service/none/EvoMaster_ts_admin_basic_service_none_faults/compile.log,/mnt/train-ticket-aitest/evomaster/evomaster-config/runtime-logs/classes/ts-admin-basic-service/none/EvoMaster_ts_admin_basic_service_none_faults/compile_stdout.log,/mnt/train-ticket-aitest/evomaster/evomaster-config/runtime-logs/classes/ts-admin-basic-service/none/EvoMaster_ts_admin_basic_service_none_faults/compile_stderr.log,False,True,1,java.lang.AssertionError;test_failure,1,False,8.02,6.75,159.7,"Tests run: 1, Failures: 1, Errors: 0, Skipped: 0",/mnt/train-ticket-aitest/evomaster/evomaster-config/runtime-logs/methods/ts-admin-basic-service/none/EvoMaster_ts_admin_basic_service_none_faults/test_4_deleteOnStationShowsFaults_100_101,/mnt/train-ticket-aitest/evomaster/evomaster-config/runtime-logs/methods/ts-admin-basic-service/none/EvoMaster_ts_admin_basic_service_none_faults/test_4_deleteOnStationShowsFaults_100_101/run.log,/mnt/train-ticket-aitest/evomaster/evomaster-config/runtime-logs/methods/ts-admin-basic-service/none/EvoMaster_ts_admin_basic_service_none_faults/test_4_deleteOnStationShowsFaults_100_101/run_stdout.log,/mnt/train-ticket-aitest/evomaster/evomaster-config/runtime-logs/methods/ts-admin-basic-service/none/EvoMaster_ts_admin_basic_service_none_faults/test_4_deleteOnStationShowsFaults_100_101/run_stderr.log
ts-admin-basic-service,none,EvoMaster_ts-admin-basic-service_none_faults.java,EvoMaster_ts_admin_basic_service_none_faults,test_5_deleteOnStationReturnsMismatchResponseWithSchema,False,1,403,/api/v1/adminbasicservice/adminbasic/stations/{id},DELETE,403,.statusCode(403) .assertThat(),2,".delete(baseUrlOfSut + ""/api/v1/adminbasicservice/adminbasic/stations/s6x7qwJLQFeD6"")",,,faults,/mnt/train-ticket-aitest/evomaster/evomaster-config/generated-tests/blackbox/ts-admin-basic-service/none/EvoMaster_ts-admin-basic-service_none_faults.java,21,6,True,0,,0,0,,100.0,0,0,0,0,0,0,False,,/mnt/train-ticket-aitest/evomaster/evomaster-config/runtime-logs/classes/ts-admin-basic-service/none/EvoMaster_ts_admin_basic_service_none_faults,/mnt/train-ticket-aitest/evomaster/evomaster-config/runtime-logs/classes/ts-admin-basic-service/none/EvoMaster_ts_admin_basic_service_none_faults/compile.log,/mnt/train-ticket-aitest/evomaster/evomaster-config/runtime-logs/classes/ts-admin-basic-service/none/EvoMaster_ts_admin_basic_service_none_faults/compile_stdout.log,/mnt/train-ticket-aitest/evomaster/evomaster-config/runtime-logs/classes/ts-admin-basic-service/none/EvoMaster_ts_admin_basic_service_none_faults/compile_stderr.log,True,True,0,,0,False,8.54,6.92,163.11,Test passed (detected via Surefire XML),/mnt/train-ticket-aitest/evomaster/evomaster-config/runtime-logs/methods/ts-admin-basic-service/none/EvoMaster_ts_admin_basic_service_none_faults/test_5_deleteOnStationReturnsMismatchResponseWithSchema,/mnt/train-ticket-aitest/evomaster/evomaster-config/runtime-logs/methods/ts-admin-basic-service/none/EvoMaster_ts_admin_basic_service_none_faults/test_5_deleteOnStationReturnsMismatchResponseWithSchema/run.log,/mnt/train-ticket-aitest/evomaster/evomaster-config/runtime-logs/methods/ts-admin-basic-service/none/EvoMaster_ts_admin_basic_service_none_faults/test_5_deleteOnStationReturnsMismatchResponseWithSchema/run_stdout.log,/mnt/train-ticket-aitest/evomaster/evomaster-config/runtime-logs/methods/ts-admin-basic-service/none/EvoMaster_ts_admin_basic_service_none_faults/test_5_deleteOnStationReturnsMismatchResponseWithSchema/run_stderr.log
ts-admin-basic-service,user,EvoMaster_ts-admin-basic-service_user_faults.java,EvoMaster_ts_admin_basic_service_user_faults,test_0_getOnPricesShowsFaults_100_101,False,1,500,/api/v1/adminbasicservice/adminbasic/prices,GET,500,.statusCode(500) .assertThat(),6,".get(baseUrlOfSut + ""/api/v1/adminbasicservice/adminbasic/prices"")",,".header(""Authorization"", ""Bearer eyJhbGciOiJIUzI1NiJ9.eyJzdWIiOiJmZHNlX21pY3Jvc2VydmljZSIsInJvbGVzIjpbIlJPTEVfVVNFUiJdLCJpZCI6IjRkMmE0NmM3LTcxY2ItNGNmMS1iNWJiLWI2ODQwNmQ5ZGE2ZiIsImlhdCI6MTc3ODQyNTUzOSwiZXhwIjoxNzc4NDI5MTM5fQ.rEhlW9XbCqYjLljFHLUeYlc4zfJjUAZiCmX8JODiMT0"")",faults,/mnt/train-ticket-aitest/evomaster/evomaster-config/generated-tests/blackbox/ts-admin-basic-service/user/EvoMaster_ts-admin-basic-service_user_faults.java,21,6,True,0,,0,0,,100.0,0,0,0,0,0,0,False,,/mnt/train-ticket-aitest/evomaster/evomaster-config/runtime-logs/classes/ts-admin-basic-service/user/EvoMaster_ts_admin_basic_service_user_faults,/mnt/train-ticket-aitest/evomaster/evomaster-config/runtime-logs/classes/ts-admin-basic-service/user/EvoMaster_ts_admin_basic_service_user_faults/compile.log,/mnt/train-ticket-aitest/evomaster/evomaster-config/runtime-logs/classes/ts-admin-basic-service/user/EvoMaster_ts_admin_basic_service_user_faults/compile_stdout.log,/mnt/train-ticket-aitest/evomaster/evomaster-config/runtime-logs/classes/ts-admin-basic-service/user/EvoMaster_ts_admin_basic_service_user_faults/compile_stderr.log,False,True,1,java.lang.AssertionError;test_failure,1,False,8.02,6.5,161.31,"Tests run: 1, Failures: 1, Errors: 0, Skipped: 0",/mnt/train-ticket-aitest/evomaster/evomaster-config/runtime-logs/methods/ts-admin-basic-service/user/EvoMaster_ts_admin_basic_service_user_faults/test_0_getOnPricesShowsFaults_100_101,/mnt/train-ticket-aitest/evomaster/evomaster-config/runtime-logs/methods/ts-admin-basic-service/user/EvoMaster_ts_admin_basic_service_user_faults/test_0_getOnPricesShowsFaults_100_101/run.log,/mnt/train-ticket-aitest/evomaster/evomaster-config/runtime-logs/methods/ts-admin-basic-service/user/EvoMaster_ts_admin_basic_service_user_faults/test_0_getOnPricesShowsFaults_100_101/run_stdout.log,/mnt/train-ticket-aitest/evomaster/evomaster-config/runtime-logs/methods/ts-admin-basic-service/user/EvoMaster_ts_admin_basic_service_user_faults/test_0_getOnPricesShowsFaults_100_101/run_stderr.log
ts-admin-basic-service,user,EvoMaster_ts-admin-basic-service_user_faults.java,EvoMaster_ts_admin_basic_service_user_faults,test_1_postOnPricesShowsFaults_100_101,False,1,500,/api/v1/adminbasicservice/adminbasic/prices,POST,500,.statusCode(500) .assertThat(),6,".post(baseUrlOfSut + ""/api/v1/adminbasicservice/adminbasic/prices"")",".body("" { "" + 
                    "" \""id\"": \""U\"", "" + 
                    "" \""trainType\"": \""EvBRzJ\"", "" + 
                    "" \""basicPriceRate\"": 0.7341814194420727, "" + 
                    "" \""firstClassPriceRate\"": 0.9419335572639792 "" + 
                    "" } "")",,faults,/mnt/train-ticket-aitest/evomaster/evomaster-config/generated-tests/blackbox/ts-admin-basic-service/user/EvoMaster_ts-admin-basic-service_user_faults.java,21,6,True,0,,0,0,,100.0,0,0,0,0,0,0,False,,/mnt/train-ticket-aitest/evomaster/evomaster-config/runtime-logs/classes/ts-admin-basic-service/user/EvoMaster_ts_admin_basic_service_user_faults,/mnt/train-ticket-aitest/evomaster/evomaster-config/runtime-logs/classes/ts-admin-basic-service/user/EvoMaster_ts_admin_basic_service_user_faults/compile.log,/mnt/train-ticket-aitest/evomaster/evomaster-config/runtime-logs/classes/ts-admin-basic-service/user/EvoMaster_ts_admin_basic_service_user_faults/compile_stdout.log,/mnt/train-ticket-aitest/evomaster/evomaster-config/runtime-logs/classes/ts-admin-basic-service/user/EvoMaster_ts_admin_basic_service_user_faults/compile_stderr.log,False,True,1,java.lang.AssertionError;test_failure,1,False,8.03,6.68,154.42,"Tests run: 1, Failures: 1, Errors: 0, Skipped: 0",/mnt/train-ticket-aitest/evomaster/evomaster-config/runtime-logs/methods/ts-admin-basic-service/user/EvoMaster_ts_admin_basic_service_user_faults/test_1_postOnPricesShowsFaults_100_101,/mnt/train-ticket-aitest/evomaster/evomaster-config/runtime-logs/methods/ts-admin-basic-service/user/EvoMaster_ts_admin_basic_service_user_faults/test_1_postOnPricesShowsFaults_100_101/run.log,/mnt/train-ticket-aitest/evomaster/evomaster-config/runtime-logs/methods/ts-admin-basic-service/user/EvoMaster_ts_admin_basic_service_user_faults/test_1_postOnPricesShowsFaults_100_101/run_stdout.log,/mnt/train-ticket-aitest/evomaster/evomaster-config/runtime-logs/methods/ts-admin-basic-service/user/EvoMaster_ts_admin_basic_service_user_faults/test_1_postOnPricesShowsFaults_100_101/run_stderr.log
ts-admin-basic-service,user,EvoMaster_ts-admin-basic-service_user_faults.java,EvoMaster_ts_admin_basic_service_user_faults,test_2_postOnPricesReturnsMismatchResponseWithSchema,False,1,403,/api/v1/adminbasicservice/adminbasic/prices,POST,403,.statusCode(403) .assertThat(),2,".post(baseUrlOfSut + ""/api/v1/adminbasicservice/adminbasic/prices"")",".body("" { "" + 
                    "" \""trainType\"": \""UNbDGt5vHnP\"", "" + 
                    "" \""routeId\"": \""yty3XiJ1l\"" "" + 
                    "" } "")",".header(""Authorization"", ""Bearer eyJhbGciOiJIUzI1NiJ9.eyJzdWIiOiJmZHNlX21pY3Jvc2VydmljZSIsInJvbGVzIjpbIlJPTEVfVVNFUiJdLCJpZCI6IjRkMmE0NmM3LTcxY2ItNGNmMS1iNWJiLWI2ODQwNmQ5ZGE2ZiIsImlhdCI6MTc3ODQyNTUzOSwiZXhwIjoxNzc4NDI5MTM5fQ.rEhlW9XbCqYjLljFHLUeYlc4zfJjUAZiCmX8JODiMT0"")",faults,/mnt/train-ticket-aitest/evomaster/evomaster-config/generated-tests/blackbox/ts-admin-basic-service/user/EvoMaster_ts-admin-basic-service_user_faults.java,21,6,True,0,,0,0,,100.0,0,0,0,0,0,0,False,,/mnt/train-ticket-aitest/evomaster/evomaster-config/runtime-logs/classes/ts-admin-basic-service/user/EvoMaster_ts_admin_basic_service_user_faults,/mnt/train-ticket-aitest/evomaster/evomaster-config/runtime-logs/classes/ts-admin-basic-service/user/EvoMaster_ts_admin_basic_service_user_faults/compile.log,/mnt/train-ticket-aitest/evomaster/evomaster-config/runtime-logs/classes/ts-admin-basic-service/user/EvoMaster_ts_admin_basic_service_user_faults/compile_stdout.log,/mnt/train-ticket-aitest/evomaster/evomaster-config/runtime-logs/classes/ts-admin-basic-service/user/EvoMaster_ts_admin_basic_service_user_faults/compile_stderr.log,True,True,0,,0,False,8.52,7.18,171.2,Test passed (detected via Surefire XML),/mnt/train-ticket-aitest/evomaster/evomaster-config/runtime-logs/methods/ts-admin-basic-service/user/EvoMaster_ts_admin_basic_service_user_faults/test_2_postOnPricesReturnsMismatchResponseWithSchema,/mnt/train-ticket-aitest/evomaster/evomaster-config/runtime-logs/methods/ts-admin-basic-service/user/EvoMaster_ts_admin_basic_service_user_faults/test_2_postOnPricesReturnsMismatchResponseWithSchema/run.log,/mnt/train-ticket-aitest/evomaster/evomaster-config/runtime-logs/methods/ts-admin-basic-service/user/EvoMaster_ts_admin_basic_service_user_faults/test_2_postOnPricesReturnsMismatchResponseWithSchema/run_stdout.log,/mnt/train-ticket-aitest/evomaster/evomaster-config/runtime-logs/methods/ts-admin-basic-service/user/EvoMaster_ts_admin_basic_service_user_faults/test_2_postOnPricesReturnsMismatchResponseWithSchema/run_stderr.log
ts-admin-basic-service,user,EvoMaster_ts-admin-basic-service_user_faults.java,EvoMaster_ts_admin_basic_service_user_faults,test_3_deleteOnStationShowsFaults_100_101,False,1,500,/api/v1/adminbasicservice/adminbasic/stations/{id},DELETE,500,.statusCode(500) .assertThat(),6,".delete(baseUrlOfSut + ""/api/v1/adminbasicservice/adminbasic/stations/DqUQxCfznHgbHKcJ"")",,,faults,/mnt/train-ticket-aitest/evomaster/evomaster-config/generated-tests/blackbox/ts-admin-basic-service/user/EvoMaster_ts-admin-basic-service_user_faults.java,21,6,True,0,,0,0,,100.0,0,0,0,0,0,0,False,,/mnt/train-ticket-aitest/evomaster/evomaster-config/runtime-logs/classes/ts-admin-basic-service/user/EvoMaster_ts_admin_basic_service_user_faults,/mnt/train-ticket-aitest/evomaster/evomaster-config/runtime-logs/classes/ts-admin-basic-service/user/EvoMaster_ts_admin_basic_service_user_faults/compile.log,/mnt/train-ticket-aitest/evomaster/evomaster-config/runtime-logs/classes/ts-admin-basic-service/user/EvoMaster_ts_admin_basic_service_user_faults/compile_stdout.log,/mnt/train-ticket-aitest/evomaster/evomaster-config/runtime-logs/classes/ts-admin-basic-service/user/EvoMaster_ts_admin_basic_service_user_faults/compile_stderr.log,False,True,1,java.lang.AssertionError;test_failure,1,False,7.52,6.21,155.51,"Tests run: 1, Failures: 1, Errors: 0, Skipped: 0",/mnt/train-ticket-aitest/evomaster/evomaster-config/runtime-logs/methods/ts-admin-basic-service/user/EvoMaster_ts_admin_basic_service_user_faults/test_3_deleteOnStationShowsFaults_100_101,/mnt/train-ticket-aitest/evomaster/evomaster-config/runtime-logs/methods/ts-admin-basic-service/user/EvoMaster_ts_admin_basic_service_user_faults/test_3_deleteOnStationShowsFaults_100_101/run.log,/mnt/train-ticket-aitest/evomaster/evomaster-config/runtime-logs/methods/ts-admin-basic-service/user/EvoMaster_ts_admin_basic_service_user_faults/test_3_deleteOnStationShowsFaults_100_101/run_stdout.log,/mnt/train-ticket-aitest/evomaster/evomaster-config/runtime-logs/methods/ts-admin-basic-service/user/EvoMaster_ts_admin_basic_service_user_faults/test_3_deleteOnStationShowsFaults_100_101/run_stderr.log
ts-admin-order-service,admin,EvoMaster_ts-admin-order-service_admin_faults.java,EvoMaster_ts_admin_order_service_admin_faults,test_0_putOnAdminorderShowsFaults_100_101,False,1,500,/api/v1/adminorderservice/adminorder,PUT,500,.statusCode(500) .assertThat(),6,".put(baseUrlOfSut + ""/api/v1/adminorderservice/adminorder"")",".body("" { "" + 
                    "" \""boughtDate\"": \""1964-09-08\"", "" + 
                    "" \""travelDate\"": \""1990-04-02\"", "" + 
                    "" \""travelTime\"": \""1954-02-13T02:24:49+16:06\"", "" + 
                    "" \""accountId\"": \""Xjk\"", "" + 
                    "" \""contactsDocumentNumber\"": \""0\"", "" + 
                    "" \""coachNumber\"": 153, "" + 
                    "" \""seatNumber\"": \""h_sbsVbKDRIxgo_\"", "" + 
                    "" \""from\"": \""AC7cwMvqpRdodT\"", "" + 
                    "" \""to\"": \""bir5aRE1\"", "" + 
                    "" \""price\"": 0.7589485648152173 "" + 
                    "" } "")",".header(""Authorization"", ""Bearer eyJhbGciOiJIUzI1NiJ9.eyJzdWIiOiJhZG1pbiIsInJvbGVzIjpbIlJPTEVfQURNSU4iXSwiaWQiOiI2ZGNiOGUyZC05ZTE0LTRlZWMtYTJiYy0xZDljZDk0ZWQ1MzMiLCJpYXQiOjE3Nzg0MjU1MzksImV4cCI6MTc3ODQyOTEzOX0.qB1ogDpTOmUcDYha_7ee5yv5p2gr7VBfko2YHDOagpE"")",faults,/mnt/train-ticket-aitest/evomaster/evomaster-config/generated-tests/blackbox/ts-admin-order-service/admin/EvoMaster_ts-admin-order-service_admin_faults.java,21,6,True,0,,0,0,,100.0,0,0,0,0,0,0,False,,/mnt/train-ticket-aitest/evomaster/evomaster-config/runtime-logs/classes/ts-admin-order-service/admin/EvoMaster_ts_admin_order_service_admin_faults,/mnt/train-ticket-aitest/evomaster/evomaster-config/runtime-logs/classes/ts-admin-order-service/admin/EvoMaster_ts_admin_order_service_admin_faults/compile.log,/mnt/train-ticket-aitest/evomaster/evomaster-config/runtime-logs/classes/ts-admin-order-service/admin/EvoMaster_ts_admin_order_service_admin_faults/compile_stdout.log,/mnt/train-ticket-aitest/evomaster/evomaster-config/runtime-logs/classes/ts-admin-order-service/admin/EvoMaster_ts_admin_order_service_admin_faults/compile_stderr.log,False,True,1,java.lang.AssertionError;test_failure,1,False,9.03,6.48,167.93,"Tests run: 1, Failures: 1, Errors: 0, Skipped: 0",/mnt/train-ticket-aitest/evomaster/evomaster-config/runtime-logs/methods/ts-admin-order-service/admin/EvoMaster_ts_admin_order_service_admin_faults/test_0_putOnAdminorderShowsFaults_100_101,/mnt/train-ticket-aitest/evomaster/evomaster-config/runtime-logs/methods/ts-admin-order-service/admin/EvoMaster_ts_admin_order_service_admin_faults/test_0_putOnAdminorderShowsFaults_100_101/run.log,/mnt/train-ticket-aitest/evomaster/evomaster-config/runtime-logs/methods/ts-admin-order-service/admin/EvoMaster_ts_admin_order_service_admin_faults/test_0_putOnAdminorderShowsFaults_100_101/run_stdout.log,/mnt/train-ticket-aitest/evomaster/evomaster-config/runtime-logs/methods/ts-admin-order-service/admin/EvoMaster_ts_admin_order_service_admin_faults/test_0_putOnAdminorderShowsFaults_100_101/run_stderr.log
ts-admin-order-service,admin,EvoMaster_ts-admin-order-service_admin_faults.java,EvoMaster_ts_admin_order_service_admin_faults,test_1_putOnAdminorderReturnsMismatchResponseWithSchema,False,1,403,/api/v1/adminorderservice/adminorder,PUT,403,.statusCode(403) .assertThat(),2,".put(baseUrlOfSut + ""/api/v1/adminorderservice/adminorder"")",".body("" { "" + 
                    "" \""id\"": \""6D0ZrwlqCu\"", "" + 
                    "" \""travelTime\"": \""2034-02-17T04:20:22.124Z\"", "" + 
                    "" \""accountId\"": \""yIFy\"", "" + 
                    "" \""contactsName\"": \""Ck\"", "" + 
                    "" \""from\"": \""\"", "" + 
                    "" \""to\"": \""heQIOsML0yqyWP7\"", "" + 
                    "" \""status\"": 632 "" + 
                    "" } "")",".header(""Authorization"", ""Bearer eyJhbGciOiJIUzI1NiJ9.eyJzdWIiOiJhZG1pbiIsInJvbGVzIjpbIlJPTEVfQURNSU4iXSwiaWQiOiI2ZGNiOGUyZC05ZTE0LTRlZWMtYTJiYy0xZDljZDk0ZWQ1MzMiLCJpYXQiOjE3Nzg0MjU1MzksImV4cCI6MTc3ODQyOTEzOX0.qB1ogDpTOmUcDYha_7ee5yv5p2gr7VBfko2YHDOagpE"")",faults,/mnt/train-ticket-aitest/evomaster/evomaster-config/generated-tests/blackbox/ts-admin-order-service/admin/EvoMaster_ts-admin-order-service_admin_faults.java,21,6,True,0,,0,0,,100.0,0,0,0,0,0,0,False,,/mnt/train-ticket-aitest/evomaster/evomaster-config/runtime-logs/classes/ts-admin-order-service/admin/EvoMaster_ts_admin_order_service_admin_faults,/mnt/train-ticket-aitest/evomaster/evomaster-config/runtime-logs/classes/ts-admin-order-service/admin/EvoMaster_ts_admin_order_service_admin_faults/compile.log,/mnt/train-ticket-aitest/evomaster/evomaster-config/runtime-logs/classes/ts-admin-order-service/admin/EvoMaster_ts_admin_order_service_admin_faults/compile_stdout.log,/mnt/train-ticket-aitest/evomaster/evomaster-config/runtime-logs/classes/ts-admin-order-service/admin/EvoMaster_ts_admin_order_service_admin_faults/compile_stderr.log,True,True,0,,0,False,8.52,6.78,156.76,Test passed (detected via Surefire XML),/mnt/train-ticket-aitest/evomaster/evomaster-config/runtime-logs/methods/ts-admin-order-service/admin/EvoMaster_ts_admin_order_service_admin_faults/test_1_putOnAdminorderReturnsMismatchResponseWithSchema,/mnt/train-ticket-aitest/evomaster/evomaster-config/runtime-logs/methods/ts-admin-order-service/admin/EvoMaster_ts_admin_order_service_admin_faults/test_1_putOnAdminorderReturnsMismatchResponseWithSchema/run.log,/mnt/train-ticket-aitest/evomaster/evomaster-config/runtime-logs/methods/ts-admin-order-service/admin/EvoMaster_ts_admin_order_service_admin_faults/test_1_putOnAdminorderReturnsMismatchResponseWithSchema/run_stdout.log,/mnt/train-ticket-aitest/evomaster/evomaster-config/runtime-logs/methods/ts-admin-order-service/admin/EvoMaster_ts_admin_order_service_admin_faults/test_1_putOnAdminorderReturnsMismatchResponseWithSchema/run_stderr.log
ts-admin-order-service,admin,EvoMaster_ts-admin-order-service_admin_faults.java,EvoMaster_ts_admin_order_service_admin_faults,test_2_deleteOnAdminordShowsFaults_100_101,False,1,500,/api/v1/adminorderservice/adminorder/{orderId}/{trainNumber},DELETE,500,.statusCode(500) .assertThat(),6,".delete(baseUrlOfSut + ""/api/v1/adminorderservice/adminorder/GoucPQ/Ko21W_kNzocxw"")",,,faults,/mnt/train-ticket-aitest/evomaster/evomaster-config/generated-tests/blackbox/ts-admin-order-service/admin/EvoMaster_ts-admin-order-service_admin_faults.java,21,6,True,0,,0,0,,100.0,0,0,0,0,0,0,False,,/mnt/train-ticket-aitest/evomaster/evomaster-config/runtime-logs/classes/ts-admin-order-service/admin/EvoMaster_ts_admin_order_service_admin_faults,/mnt/train-ticket-aitest/evomaster/evomaster-config/runtime-logs/classes/ts-admin-order-service/admin/EvoMaster_ts_admin_order_service_admin_faults/compile.log,/mnt/train-ticket-aitest/evomaster/evomaster-config/runtime-logs/classes/ts-admin-order-service/admin/EvoMaster_ts_admin_order_service_admin_faults/compile_stdout.log,/mnt/train-ticket-aitest/evomaster/evomaster-config/runtime-logs/classes/ts-admin-order-service/admin/EvoMaster_ts_admin_order_service_admin_faults/compile_stderr.log,False,True,1,java.lang.AssertionError;test_failure,1,False,8.02,6.55,162.86,"Tests run: 1, Failures: 1, Errors: 0, Skipped: 0",/mnt/train-ticket-aitest/evomaster/evomaster-config/runtime-logs/methods/ts-admin-order-service/admin/EvoMaster_ts_admin_order_service_admin_faults/test_2_deleteOnAdminordShowsFaults_100_101,/mnt/train-ticket-aitest/evomaster/evomaster-config/runtime-logs/methods/ts-admin-order-service/admin/EvoMaster_ts_admin_order_service_admin_faults/test_2_deleteOnAdminordShowsFaults_100_101/run.log,/mnt/train-ticket-aitest/evomaster/evomaster-config/runtime-logs/methods/ts-admin-order-service/admin/EvoMaster_ts_admin_order_service_admin_faults/test_2_deleteOnAdminordShowsFaults_100_101/run_stdout.log,/mnt/train-ticket-aitest/evomaster/evomaster-config/runtime-logs/methods/ts-admin-order-service/admin/EvoMaster_ts_admin_order_service_admin_faults/test_2_deleteOnAdminordShowsFaults_100_101/run_stderr.log
ts-admin-order-service,admin,EvoMaster_ts-admin-order-service_admin_faults.java,EvoMaster_ts_admin_order_service_admin_faults,test_3_deleteOnAdminordReturnsMismatchResponseWithSchema,False,1,403,/api/v1/adminorderservice/adminorder/{orderId}/{trainNumber},DELETE,403,.statusCode(403) .assertThat(),2,".delete(baseUrlOfSut + ""/api/v1/adminorderservice/adminorder/Gn6MNb3YW5DI06NM/mPC4FOOZYfObB"")",,".header(""Authorization"", ""Bearer eyJhbGciOiJIUzI1NiJ9.eyJzdWIiOiJhZG1pbiIsInJvbGVzIjpbIlJPTEVfQURNSU4iXSwiaWQiOiI2ZGNiOGUyZC05ZTE0LTRlZWMtYTJiYy0xZDljZDk0ZWQ1MzMiLCJpYXQiOjE3Nzg0MjU1MzksImV4cCI6MTc3ODQyOTEzOX0.qB1ogDpTOmUcDYha_7ee5yv5p2gr7VBfko2YHDOagpE"")",faults,/mnt/train-ticket-aitest/evomaster/evomaster-config/generated-tests/blackbox/ts-admin-order-service/admin/EvoMaster_ts-admin-order-service_admin_faults.java,21,6,True,0,,0,0,,100.0,0,0,0,0,0,0,False,,/mnt/train-ticket-aitest/evomaster/evomaster-config/runtime-logs/classes/ts-admin-order-service/admin/EvoMaster_ts_admin_order_service_admin_faults,/mnt/train-ticket-aitest/evomaster/evomaster-config/runtime-logs/classes/ts-admin-order-service/admin/EvoMaster_ts_admin_order_service_admin_faults/compile.log,/mnt/train-ticket-aitest/evomaster/evomaster-config/runtime-logs/classes/ts-admin-order-service/admin/EvoMaster_ts_admin_order_service_admin_faults/compile_stdout.log,/mnt/train-ticket-aitest/evomaster/evomaster-config/runtime-logs/classes/ts-admin-order-service/admin/EvoMaster_ts_admin_order_service_admin_faults/compile_stderr.log,True,True,0,,0,False,9.14,6.6,152.34,Test passed (detected via Surefire XML),/mnt/train-ticket-aitest/evomaster/evomaster-config/runtime-logs/methods/ts-admin-order-service/admin/EvoMaster_ts_admin_order_service_admin_faults/test_3_deleteOnAdminordReturnsMismatchResponseWithSchema,/mnt/train-ticket-aitest/evomaster/evomaster-config/runtime-logs/methods/ts-admin-order-service/admin/EvoMaster_ts_admin_order_service_admin_faults/test_3_deleteOnAdminordReturnsMismatchResponseWithSchema/run.log,/mnt/train-ticket-aitest/evomaster/evomaster-config/runtime-logs/methods/ts-admin-order-service/admin/EvoMaster_ts_admin_order_service_admin_faults/test_3_deleteOnAdminordReturnsMismatchResponseWithSchema/run_stdout.log,/mnt/train-ticket-aitest/evomaster/evomaster-config/runtime-logs/methods/ts-admin-order-service/admin/EvoMaster_ts_admin_order_service_admin_faults/test_3_deleteOnAdminordReturnsMismatchResponseWithSchema/run_stderr.log
ts-admin-order-service,admin,EvoMaster_ts-admin-order-service_admin_faults.java,EvoMaster_ts_admin_order_service_admin_faults,test_4_deleteOnAdminordReturnsMismatchResponseWithSchema,False,1,403,/api/v1/adminorderservice/adminorder/{orderId}/{trainNumber},DELETE,403,.statusCode(403) .assertThat(),2,".delete(baseUrlOfSut + ""/api/v1/adminorderservice/adminorder/DhVuRcykV_/mfj0fY"")",,,faults,/mnt/train-ticket-aitest/evomaster/evomaster-config/generated-tests/blackbox/ts-admin-order-service/admin/EvoMaster_ts-admin-order-service_admin_faults.java,21,6,True,0,,0,0,,100.0,0,0,0,0,0,0,False,,/mnt/train-ticket-aitest/evomaster/evomaster-config/runtime-logs/classes/ts-admin-order-service/admin/EvoMaster_ts_admin_order_service_admin_faults,/mnt/train-ticket-aitest/evomaster/evomaster-config/runtime-logs/classes/ts-admin-order-service/admin/EvoMaster_ts_admin_order_service_admin_faults/compile.log,/mnt/train-ticket-aitest/evomaster/evomaster-config/runtime-logs/classes/ts-admin-order-service/admin/EvoMaster_ts_admin_order_service_admin_faults/compile_stdout.log,/mnt/train-ticket-aitest/evomaster/evomaster-config/runtime-logs/classes/ts-admin-order-service/admin/EvoMaster_ts_admin_order_service_admin_faults/compile_stderr.log,True,True,0,,0,False,8.12,6.84,166.59,Test passed (detected via Surefire XML),/mnt/train-ticket-aitest/evomaster/evomaster-config/runtime-logs/methods/ts-admin-order-service/admin/EvoMaster_ts_admin_order_service_admin_faults/test_4_deleteOnAdminordReturnsMismatchResponseWithSchema,/mnt/train-ticket-aitest/evomaster/evomaster-config/runtime-logs/methods/ts-admin-order-service/admin/EvoMaster_ts_admin_order_service_admin_faults/test_4_deleteOnAdminordReturnsMismatchResponseWithSchema/run.log,/mnt/train-ticket-aitest/evomaster/evomaster-config/runtime-logs/methods/ts-admin-order-service/admin/EvoMaster_ts_admin_order_service_admin_faults/test_4_deleteOnAdminordReturnsMismatchResponseWithSchema/run_stdout.log,/mnt/train-ticket-aitest/evomaster/evomaster-config/runtime-logs/methods/ts-admin-order-service/admin/EvoMaster_ts_admin_order_service_admin_faults/test_4_deleteOnAdminordReturnsMismatchResponseWithSchema/run_stderr.log
ts-admin-order-service,none,EvoMaster_ts-admin-order-service_none_faults.java,EvoMaster_ts_admin_order_service_none_faults,test_0_putOnAdminorderShowsFaults_100_101,False,1,500,/api/v1/adminorderservice/adminorder,PUT,500,.statusCode(500) .assertThat(),6,".put(baseUrlOfSut + ""/api/v1/adminorderservice/adminorder"")",".body("" { "" + 
                    "" \""id\"": \""EhJIesiGa\"", "" + 
                    "" \""boughtDate\"": \""1919-08-15\"", "" + 
                    "" \""travelDate\"": \""1972-05-24\"", "" + 
                    "" \""seatClass\"": 734, "" + 
                    "" \""seatNumber\"": \""aGJGGwXUBWoI\"", "" + 
                    "" \""to\"": \""QOIiD2\"", "" + 
                    "" \""price\"": 0.04994590904702356 "" + 
                    "" } "")",,faults,/mnt/train-ticket-aitest/evomaster/evomaster-config/generated-tests/blackbox/ts-admin-order-service/none/EvoMaster_ts-admin-order-service_none_faults.java,21,6,True,0,,0,0,,100.0,0,0,0,0,0,0,False,,/mnt/train-ticket-aitest/evomaster/evomaster-config/runtime-logs/classes/ts-admin-order-service/none/EvoMaster_ts_admin_order_service_none_faults,/mnt/train-ticket-aitest/evomaster/evomaster-config/runtime-logs/classes/ts-admin-order-service/none/EvoMaster_ts_admin_order_service_none_faults/compile.log,/mnt/train-ticket-aitest/evomaster/evomaster-config/runtime-logs/classes/ts-admin-order-service/none/EvoMaster_ts_admin_order_service_none_faults/compile_stdout.log,/mnt/train-ticket-aitest/evomaster/evomaster-config/runtime-logs/classes/ts-admin-order-service/none/EvoMaster_ts_admin_order_service_none_faults/compile_stderr.log,False,True,1,java.lang.AssertionError;test_failure,1,False,8.03,6.72,162.45,"Tests run: 1, Failures: 1, Errors: 0, Skipped: 0",/mnt/train-ticket-aitest/evomaster/evomaster-config/runtime-logs/methods/ts-admin-order-service/none/EvoMaster_ts_admin_order_service_none_faults/test_0_putOnAdminorderShowsFaults_100_101,/mnt/train-ticket-aitest/evomaster/evomaster-config/runtime-logs/methods/ts-admin-order-service/none/EvoMaster_ts_admin_order_service_none_faults/test_0_putOnAdminorderShowsFaults_100_101/run.log,/mnt/train-ticket-aitest/evomaster/evomaster-config/runtime-logs/methods/ts-admin-order-service/none/EvoMaster_ts_admin_order_service_none_faults/test_0_putOnAdminorderShowsFaults_100_101/run_stdout.log,/mnt/train-ticket-aitest/evomaster/evomaster-config/runtime-logs/methods/ts-admin-order-service/none/EvoMaster_ts_admin_order_service_none_faults/test_0_putOnAdminorderShowsFaults_100_101/run_stderr.log
ts-admin-order-service,none,EvoMaster_ts-admin-order-service_none_faults.java,EvoMaster_ts_admin_order_service_none_faults,test_1_deleteOnAdminordShowsFaults_100_101,False,1,500,/api/v1/adminorderservice/adminorder/{orderId}/{trainNumber},DELETE,500,.statusCode(500) .assertThat(),6,".delete(baseUrlOfSut + ""/api/v1/adminorderservice/adminorder/yAZVK/nF6ivi98C6d"")",,,faults,/mnt/train-ticket-aitest/evomaster/evomaster-config/generated-tests/blackbox/ts-admin-order-service/none/EvoMaster_ts-admin-order-service_none_faults.java,21,6,True,0,,0,0,,100.0,0,0,0,0,0,0,False,,/mnt/train-ticket-aitest/evomaster/evomaster-config/runtime-logs/classes/ts-admin-order-service/none/EvoMaster_ts_admin_order_service_none_faults,/mnt/train-ticket-aitest/evomaster/evomaster-config/runtime-logs/classes/ts-admin-order-service/none/EvoMaster_ts_admin_order_service_none_faults/compile.log,/mnt/train-ticket-aitest/evomaster/evomaster-config/runtime-logs/classes/ts-admin-order-service/none/EvoMaster_ts_admin_order_service_none_faults/compile_stdout.log,/mnt/train-ticket-aitest/evomaster/evomaster-config/runtime-logs/classes/ts-admin-order-service/none/EvoMaster_ts_admin_order_service_none_faults/compile_stderr.log,False,True,1,java.lang.AssertionError;test_failure,1,False,8.03,6.59,160.1,"Tests run: 1, Failures: 1, Errors: 0, Skipped: 0",/mnt/train-ticket-aitest/evomaster/evomaster-config/runtime-logs/methods/ts-admin-order-service/none/EvoMaster_ts_admin_order_service_none_faults/test_1_deleteOnAdminordShowsFaults_100_101,/mnt/train-ticket-aitest/evomaster/evomaster-config/runtime-logs/methods/ts-admin-order-service/none/EvoMaster_ts_admin_order_service_none_faults/test_1_deleteOnAdminordShowsFaults_100_101/run.log,/mnt/train-ticket-aitest/evomaster/evomaster-config/runtime-logs/methods/ts-admin-order-service/none/EvoMaster_ts_admin_order_service_none_faults/test_1_deleteOnAdminordShowsFaults_100_101/run_stdout.log,/mnt/train-ticket-aitest/evomaster/evomaster-config/runtime-logs/methods/ts-admin-order-service/none/EvoMaster_ts_admin_order_service_none_faults/test_1_deleteOnAdminordShowsFaults_100_101/run_stderr.log
ts-admin-order-service,none,EvoMaster_ts-admin-order-service_none_faults.java,EvoMaster_ts_admin_order_service_none_faults,test_2_deleteOnAdminordReturnsMismatchResponseWithSchema,False,1,403,/api/v1/adminorderservice/adminorder/{orderId}/{trainNumber},DELETE,403,.statusCode(403) .assertThat(),2,".delete(baseUrlOfSut + ""/api/v1/adminorderservice/adminorder/lK/hK9JRYx2RQuTCQS"")",,,faults,/mnt/train-ticket-aitest/evomaster/evomaster-config/generated-tests/blackbox/ts-admin-order-service/none/EvoMaster_ts-admin-order-service_none_faults.java,21,6,True,0,,0,0,,100.0,0,0,0,0,0,0,False,,/mnt/train-ticket-aitest/evomaster/evomaster-config/runtime-logs/classes/ts-admin-order-service/none/EvoMaster_ts_admin_order_service_none_faults,/mnt/train-ticket-aitest/evomaster/evomaster-config/runtime-logs/classes/ts-admin-order-service/none/EvoMaster_ts_admin_order_service_none_faults/compile.log,/mnt/train-ticket-aitest/evomaster/evomaster-config/runtime-logs/classes/ts-admin-order-service/none/EvoMaster_ts_admin_order_service_none_faults/compile_stdout.log,/mnt/train-ticket-aitest/evomaster/evomaster-config/runtime-logs/classes/ts-admin-order-service/none/EvoMaster_ts_admin_order_service_none_faults/compile_stderr.log,True,True,0,,0,False,8.02,6.59,158.68,Test passed (detected via Surefire XML),/mnt/train-ticket-aitest/evomaster/evomaster-config/runtime-logs/methods/ts-admin-order-service/none/EvoMaster_ts_admin_order_service_none_faults/test_2_deleteOnAdminordReturnsMismatchResponseWithSchema,/mnt/train-ticket-aitest/evomaster/evomaster-config/runtime-logs/methods/ts-admin-order-service/none/EvoMaster_ts_admin_order_service_none_faults/test_2_deleteOnAdminordReturnsMismatchResponseWithSchema/run.log,/mnt/train-ticket-aitest/evomaster/evomaster-config/runtime-logs/methods/ts-admin-order-service/none/EvoMaster_ts_admin_order_service_none_faults/test_2_deleteOnAdminordReturnsMismatchResponseWithSchema/run_stdout.log,/mnt/train-ticket-aitest/evomaster/evomaster-config/runtime-logs/methods/ts-admin-order-service/none/EvoMaster_ts_admin_order_service_none_faults/test_2_deleteOnAdminordReturnsMismatchResponseWithSchema/run_stderr.log
ts-admin-order-service,user,EvoMaster_ts-admin-order-service_user_faults.java,EvoMaster_ts_admin_order_service_user_faults,test_0_putOnAdminorderShowsFaults_100_101,False,1,500,/api/v1/adminorderservice/adminorder,PUT,500,.statusCode(500) .assertThat(),6,".put(baseUrlOfSut + ""/api/v1/adminorderservice/adminorder"")",".body("" { "" + 
                    "" \""id\"": \""yH7fmjt\"", "" + 
                    "" \""boughtDate\"": \""2077-00-11\"", "" + 
                    "" \""travelDate\"": \""2048-13-00\"", "" + 
                    "" \""accountId\"": \""kjX\"", "" + 
                    "" \""contactsDocumentNumber\"": \""I1nXkbi\"", "" + 
                    "" \""trainNumber\"": \""E4aapmxUoiF2nUo\"", "" + 
                    "" \""coachNumber\"": 670, "" + 
                    "" \""from\"": \""GO\"", "" + 
                    "" \""price\"": 0.9774147751172579 "" + 
                    "" } "")",,faults,/mnt/train-ticket-aitest/evomaster/evomaster-config/generated-tests/blackbox/ts-admin-order-service/user/EvoMaster_ts-admin-order-service_user_faults.java,21,6,True,0,,0,0,,100.0,0,0,0,0,0,0,False,,/mnt/train-ticket-aitest/evomaster/evomaster-config/runtime-logs/classes/ts-admin-order-service/user/EvoMaster_ts_admin_order_service_user_faults,/mnt/train-ticket-aitest/evomaster/evomaster-config/runtime-logs/classes/ts-admin-order-service/user/EvoMaster_ts_admin_order_service_user_faults/compile.log,/mnt/train-ticket-aitest/evomaster/evomaster-config/runtime-logs/classes/ts-admin-order-service/user/EvoMaster_ts_admin_order_service_user_faults/compile_stdout.log,/mnt/train-ticket-aitest/evomaster/evomaster-config/runtime-logs/classes/ts-admin-order-service/user/EvoMaster_ts_admin_order_service_user_faults/compile_stderr.log,False,True,1,java.lang.AssertionError;test_failure,1,False,8.02,6.66,162.21,"Tests run: 1, Failures: 1, Errors: 0, Skipped: 0",/mnt/train-ticket-aitest/evomaster/evomaster-config/runtime-logs/methods/ts-admin-order-service/user/EvoMaster_ts_admin_order_service_user_faults/test_0_putOnAdminorderShowsFaults_100_101,/mnt/train-ticket-aitest/evomaster/evomaster-config/runtime-logs/methods/ts-admin-order-service/user/EvoMaster_ts_admin_order_service_user_faults/test_0_putOnAdminorderShowsFaults_100_101/run.log,/mnt/train-ticket-aitest/evomaster/evomaster-config/runtime-logs/methods/ts-admin-order-service/user/EvoMaster_ts_admin_order_service_user_faults/test_0_putOnAdminorderShowsFaults_100_101/run_stdout.log,/mnt/train-ticket-aitest/evomaster/evomaster-config/runtime-logs/methods/ts-admin-order-service/user/EvoMaster_ts_admin_order_service_user_faults/test_0_putOnAdminorderShowsFaults_100_101/run_stderr.log
ts-admin-order-service,user,EvoMaster_ts-admin-order-service_user_faults.java,EvoMaster_ts_admin_order_service_user_faults,test_1_deleteOnAdminordShowsFaults_100_101,False,1,500,/api/v1/adminorderservice/adminorder/{orderId}/{trainNumber},DELETE,500,.statusCode(500) .assertThat(),6,".delete(baseUrlOfSut + ""/api/v1/adminorderservice/adminorder/en_w9ydCIWd/AxYnbA75C"")",,".header(""Authorization"", ""Bearer eyJhbGciOiJIUzI1NiJ9.eyJzdWIiOiJmZHNlX21pY3Jvc2VydmljZSIsInJvbGVzIjpbIlJPTEVfVVNFUiJdLCJpZCI6IjRkMmE0NmM3LTcxY2ItNGNmMS1iNWJiLWI2ODQwNmQ5ZGE2ZiIsImlhdCI6MTc3ODQyNTUzOSwiZXhwIjoxNzc4NDI5MTM5fQ.rEhlW9XbCqYjLljFHLUeYlc4zfJjUAZiCmX8JODiMT0"")",faults,/mnt/train-ticket-aitest/evomaster/evomaster-config/generated-tests/blackbox/ts-admin-order-service/user/EvoMaster_ts-admin-order-service_user_faults.java,21,6,True,0,,0,0,,100.0,0,0,0,0,0,0,False,,/mnt/train-ticket-aitest/evomaster/evomaster-config/runtime-logs/classes/ts-admin-order-service/user/EvoMaster_ts_admin_order_service_user_faults,/mnt/train-ticket-aitest/evomaster/evomaster-config/runtime-logs/classes/ts-admin-order-service/user/EvoMaster_ts_admin_order_service_user_faults/compile.log,/mnt/train-ticket-aitest/evomaster/evomaster-config/runtime-logs/classes/ts-admin-order-service/user/EvoMaster_ts_admin_order_service_user_faults/compile_stdout.log,/mnt/train-ticket-aitest/evomaster/evomaster-config/runtime-logs/classes/ts-admin-order-service/user/EvoMaster_ts_admin_order_service_user_faults/compile_stderr.log,False,True,1,java.lang.AssertionError;test_failure,1,False,8.02,6.57,162.27,"Tests run: 1, Failures: 1, Errors: 0, Skipped: 0",/mnt/train-ticket-aitest/evomaster/evomaster-config/runtime-logs/methods/ts-admin-order-service/user/EvoMaster_ts_admin_order_service_user_faults/test_1_deleteOnAdminordShowsFaults_100_101,/mnt/train-ticket-aitest/evomaster/evomaster-config/runtime-logs/methods/ts-admin-order-service/user/EvoMaster_ts_admin_order_service_user_faults/test_1_deleteOnAdminordShowsFaults_100_101/run.log,/mnt/train-ticket-aitest/evomaster/evomaster-config/runtime-logs/methods/ts-admin-order-service/user/EvoMaster_ts_admin_order_service_user_faults/test_1_deleteOnAdminordShowsFaults_100_101/run_stdout.log,/mnt/train-ticket-aitest/evomaster/evomaster-config/runtime-logs/methods/ts-admin-order-service/user/EvoMaster_ts_admin_order_service_user_faults/test_1_deleteOnAdminordShowsFaults_100_101/run_stderr.log
ts-admin-order-service,user,EvoMaster_ts-admin-order-service_user_faults.java,EvoMaster_ts_admin_order_service_user_faults,test_2_deleteOnAdminordReturnsMismatchResponseWithSchema,False,1,403,/api/v1/adminorderservice/adminorder/{orderId}/{trainNumber},DELETE,403,.statusCode(403) .assertThat(),2,".delete(baseUrlOfSut + ""/api/v1/adminorderservice/adminorder/8WrICqc9/vSC2Cq"")",,".header(""Authorization"", ""Bearer eyJhbGciOiJIUzI1NiJ9.eyJzdWIiOiJmZHNlX21pY3Jvc2VydmljZSIsInJvbGVzIjpbIlJPTEVfVVNFUiJdLCJpZCI6IjRkMmE0NmM3LTcxY2ItNGNmMS1iNWJiLWI2ODQwNmQ5ZGE2ZiIsImlhdCI6MTc3ODQyNTUzOSwiZXhwIjoxNzc4NDI5MTM5fQ.rEhlW9XbCqYjLljFHLUeYlc4zfJjUAZiCmX8JODiMT0"")",faults,/mnt/train-ticket-aitest/evomaster/evomaster-config/generated-tests/blackbox/ts-admin-order-service/user/EvoMaster_ts-admin-order-service_user_faults.java,21,6,True,0,,0,0,,100.0,0,0,0,0,0,0,False,,/mnt/train-ticket-aitest/evomaster/evomaster-config/runtime-logs/classes/ts-admin-order-service/user/EvoMaster_ts_admin_order_service_user_faults,/mnt/train-ticket-aitest/evomaster/evomaster-config/runtime-logs/classes/ts-admin-order-service/user/EvoMaster_ts_admin_order_service_user_faults/compile.log,/mnt/train-ticket-aitest/evomaster/evomaster-config/runtime-logs/classes/ts-admin-order-service/user/EvoMaster_ts_admin_order_service_user_faults/compile_stdout.log,/mnt/train-ticket-aitest/evomaster/evomaster-config/runtime-logs/classes/ts-admin-order-service/user/EvoMaster_ts_admin_order_service_user_faults/compile_stderr.log,True,True,0,,0,False,8.02,6.88,172.46,Test passed (detected via Surefire XML),/mnt/train-ticket-aitest/evomaster/evomaster-config/runtime-logs/methods/ts-admin-order-service/user/EvoMaster_ts_admin_order_service_user_faults/test_2_deleteOnAdminordReturnsMismatchResponseWithSchema,/mnt/train-ticket-aitest/evomaster/evomaster-config/runtime-logs/methods/ts-admin-order-service/user/EvoMaster_ts_admin_order_service_user_faults/test_2_deleteOnAdminordReturnsMismatchResponseWithSchema/run.log,/mnt/train-ticket-aitest/evomaster/evomaster-config/runtime-logs/methods/ts-admin-order-service/user/EvoMaster_ts_admin_order_service_user_faults/test_2_deleteOnAdminordReturnsMismatchResponseWithSchema/run_stdout.log,/mnt/train-ticket-aitest/evomaster/evomaster-config/runtime-logs/methods/ts-admin-order-service/user/EvoMaster_ts_admin_order_service_user_faults/test_2_deleteOnAdminordReturnsMismatchResponseWithSchema/run_stderr.log
ts-admin-user-service,admin,EvoMaster_ts-admin-user-service_admin_faults.java,EvoMaster_ts_admin_user_service_admin_faults,test_0_putOnUsersShowsFaults_100_101,False,1,500,/api/v1/adminuserservice/users,PUT,500,.statusCode(500) .assertThat(),6,".put(baseUrlOfSut + ""/api/v1/adminuserservice/users"")",".body("" { "" + 
                    "" \""userId\"": \""nzXoNfL\"", "" + 
                    "" \""gender\"": 112, "" + 
                    "" \""documentType\"": -1672121409, "" + 
                    "" \""documentNum\"": \""KV1UCUB0Fh\"", "" + 
                    "" \""email\"": \""Y1\"" "" + 
                    "" } "")",,faults,/mnt/train-ticket-aitest/evomaster/evomaster-config/generated-tests/blackbox/ts-admin-user-service/admin/EvoMaster_ts-admin-user-service_admin_faults.java,21,6,True,0,,0,0,,100.0,0,0,0,0,0,0,False,,/mnt/train-ticket-aitest/evomaster/evomaster-config/runtime-logs/classes/ts-admin-user-service/admin/EvoMaster_ts_admin_user_service_admin_faults,/mnt/train-ticket-aitest/evomaster/evomaster-config/runtime-logs/classes/ts-admin-user-service/admin/EvoMaster_ts_admin_user_service_admin_faults/compile.log,/mnt/train-ticket-aitest/evomaster/evomaster-config/runtime-logs/classes/ts-admin-user-service/admin/EvoMaster_ts_admin_user_service_admin_faults/compile_stdout.log,/mnt/train-ticket-aitest/evomaster/evomaster-config/runtime-logs/classes/ts-admin-user-service/admin/EvoMaster_ts_admin_user_service_admin_faults/compile_stderr.log,False,True,1,java.lang.AssertionError;test_failure,1,False,9.03,6.75,164.28,"Tests run: 1, Failures: 1, Errors: 0, Skipped: 0",/mnt/train-ticket-aitest/evomaster/evomaster-config/runtime-logs/methods/ts-admin-user-service/admin/EvoMaster_ts_admin_user_service_admin_faults/test_0_putOnUsersShowsFaults_100_101,/mnt/train-ticket-aitest/evomaster/evomaster-config/runtime-logs/methods/ts-admin-user-service/admin/EvoMaster_ts_admin_user_service_admin_faults/test_0_putOnUsersShowsFaults_100_101/run.log,/mnt/train-ticket-aitest/evomaster/evomaster-config/runtime-logs/methods/ts-admin-user-service/admin/EvoMaster_ts_admin_user_service_admin_faults/test_0_putOnUsersShowsFaults_100_101/run_stdout.log,/mnt/train-ticket-aitest/evomaster/evomaster-config/runtime-logs/methods/ts-admin-user-service/admin/EvoMaster_ts_admin_user_service_admin_faults/test_0_putOnUsersShowsFaults_100_101/run_stderr.log
ts-admin-user-service,admin,EvoMaster_ts-admin-user-service_admin_faults.java,EvoMaster_ts_admin_user_service_admin_faults,test_1_putOnUsersShowsFaults_100_101,True,1,500,/api/v1/adminuserservice/users,PUT,500;403,.statusCode(500) .assertThat() | .statusCode(403) .assertThat(),10,".put(baseUrlOfSut + ""/api/v1/adminuserservice/users"") | .put(baseUrlOfSut + ""/api/v1/adminuserservice/users"")",".body("" { "" + 
                    "" \""userId\"": \""csX\"", "" + 
                    "" \""userName\"": \""KrCXjwqWrCCe5Z\"" "" + 
                    "" } "") | .body("" { "" + 
                    "" \""password\"": \""QngPNZNqUWSua1o4\"", "" + 
                    "" \""documentType\"": 158, "" + 
                    "" \""documentNum\"": \""\"" "" + 
                    "" } "")",".header(""Authorization"", ""Bearer eyJhbGciOiJIUzI1NiJ9.eyJzdWIiOiJhZG1pbiIsInJvbGVzIjpbIlJPTEVfQURNSU4iXSwiaWQiOiI2ZGNiOGUyZC05ZTE0LTRlZWMtYTJiYy0xZDljZDk0ZWQ1MzMiLCJpYXQiOjE3Nzg0MjU1MzksImV4cCI6MTc3ODQyOTEzOX0.qB1ogDpTOmUcDYha_7ee5yv5p2gr7VBfko2YHDOagpE"")",faults,/mnt/train-ticket-aitest/evomaster/evomaster-config/generated-tests/blackbox/ts-admin-user-service/admin/EvoMaster_ts-admin-user-service_admin_faults.java,21,6,True,0,,0,0,,100.0,0,0,0,0,0,0,False,,/mnt/train-ticket-aitest/evomaster/evomaster-config/runtime-logs/classes/ts-admin-user-service/admin/EvoMaster_ts_admin_user_service_admin_faults,/mnt/train-ticket-aitest/evomaster/evomaster-config/runtime-logs/classes/ts-admin-user-service/admin/EvoMaster_ts_admin_user_service_admin_faults/compile.log,/mnt/train-ticket-aitest/evomaster/evomaster-config/runtime-logs/classes/ts-admin-user-service/admin/EvoMaster_ts_admin_user_service_admin_faults/compile_stdout.log,/mnt/train-ticket-aitest/evomaster/evomaster-config/runtime-logs/classes/ts-admin-user-service/admin/EvoMaster_ts_admin_user_service_admin_faults/compile_stderr.log,False,True,1,java.lang.AssertionError;test_failure,1,False,10.03,6.81,157.07,"Tests run: 1, Failures: 1, Errors: 0, Skipped: 0",/mnt/train-ticket-aitest/evomaster/evomaster-config/runtime-logs/methods/ts-admin-user-service/admin/EvoMaster_ts_admin_user_service_admin_faults/test_1_putOnUsersShowsFaults_100_101,/mnt/train-ticket-aitest/evomaster/evomaster-config/runtime-logs/methods/ts-admin-user-service/admin/EvoMaster_ts_admin_user_service_admin_faults/test_1_putOnUsersShowsFaults_100_101/run.log,/mnt/train-ticket-aitest/evomaster/evomaster-config/runtime-logs/methods/ts-admin-user-service/admin/EvoMaster_ts_admin_user_service_admin_faults/test_1_putOnUsersShowsFaults_100_101/run_stdout.log,/mnt/train-ticket-aitest/evomaster/evomaster-config/runtime-logs/methods/ts-admin-user-service/admin/EvoMaster_ts_admin_user_service_admin_faults/test_1_putOnUsersShowsFaults_100_101/run_stderr.log
ts-admin-user-service,admin,EvoMaster_ts-admin-user-service_admin_faults.java,EvoMaster_ts_admin_user_service_admin_faults,test_1_putOnUsersShowsFaults_100_101,True,2,403,/api/v1/adminuserservice/users,PUT,500;403,.statusCode(500) .assertThat() | .statusCode(403) .assertThat(),10,".put(baseUrlOfSut + ""/api/v1/adminuserservice/users"") | .put(baseUrlOfSut + ""/api/v1/adminuserservice/users"")",".body("" { "" + 
                    "" \""userId\"": \""csX\"", "" + 
                    "" \""userName\"": \""KrCXjwqWrCCe5Z\"" "" + 
                    "" } "") | .body("" { "" + 
                    "" \""password\"": \""QngPNZNqUWSua1o4\"", "" + 
                    "" \""documentType\"": 158, "" + 
                    "" \""documentNum\"": \""\"" "" + 
                    "" } "")",".header(""Authorization"", ""Bearer eyJhbGciOiJIUzI1NiJ9.eyJzdWIiOiJhZG1pbiIsInJvbGVzIjpbIlJPTEVfQURNSU4iXSwiaWQiOiI2ZGNiOGUyZC05ZTE0LTRlZWMtYTJiYy0xZDljZDk0ZWQ1MzMiLCJpYXQiOjE3Nzg0MjU1MzksImV4cCI6MTc3ODQyOTEzOX0.qB1ogDpTOmUcDYha_7ee5yv5p2gr7VBfko2YHDOagpE"")",faults,/mnt/train-ticket-aitest/evomaster/evomaster-config/generated-tests/blackbox/ts-admin-user-service/admin/EvoMaster_ts-admin-user-service_admin_faults.java,21,6,True,0,,0,0,,100.0,0,0,0,0,0,0,False,,/mnt/train-ticket-aitest/evomaster/evomaster-config/runtime-logs/classes/ts-admin-user-service/admin/EvoMaster_ts_admin_user_service_admin_faults,/mnt/train-ticket-aitest/evomaster/evomaster-config/runtime-logs/classes/ts-admin-user-service/admin/EvoMaster_ts_admin_user_service_admin_faults/compile.log,/mnt/train-ticket-aitest/evomaster/evomaster-config/runtime-logs/classes/ts-admin-user-service/admin/EvoMaster_ts_admin_user_service_admin_faults/compile_stdout.log,/mnt/train-ticket-aitest/evomaster/evomaster-config/runtime-logs/classes/ts-admin-user-service/admin/EvoMaster_ts_admin_user_service_admin_faults/compile_stderr.log,False,True,1,java.lang.AssertionError;test_failure,1,False,8.02,6.62,159.48,"Tests run: 1, Failures: 1, Errors: 0, Skipped: 0",/mnt/train-ticket-aitest/evomaster/evomaster-config/runtime-logs/methods/ts-admin-user-service/admin/EvoMaster_ts_admin_user_service_admin_faults/test_1_putOnUsersShowsFaults_100_101,/mnt/train-ticket-aitest/evomaster/evomaster-config/runtime-logs/methods/ts-admin-user-service/admin/EvoMaster_ts_admin_user_service_admin_faults/test_1_putOnUsersShowsFaults_100_101/run.log,/mnt/train-ticket-aitest/evomaster/evomaster-config/runtime-logs/methods/ts-admin-user-service/admin/EvoMaster_ts_admin_user_service_admin_faults/test_1_putOnUsersShowsFaults_100_101/run_stdout.log,/mnt/train-ticket-aitest/evomaster/evomaster-config/runtime-logs/methods/ts-admin-user-service/admin/EvoMaster_ts_admin_user_service_admin_faults/test_1_putOnUsersShowsFaults_100_101/run_stderr.log
ts-admin-user-service,admin,EvoMaster_ts-admin-user-service_admin_faults.java,EvoMaster_ts_admin_user_service_admin_faults,test_2_putOnUsersReturnsMismatchResponseWithSchema,False,1,403,/api/v1/adminuserservice/users,PUT,403,.statusCode(403) .assertThat(),2,".put(baseUrlOfSut + ""/api/v1/adminuserservice/users"")",".body("" { "" + 
                    "" \""userId\"": \""Qj\"", "" + 
                    "" \""password\"": \""R_K38tHwa\"", "" + 
                    "" \""gender\"": 331, "" + 
                    "" \""documentType\"": 283, "" + 
                    "" \""documentNum\"": \""aVP8GoJ2S\"", "" + 
                    "" \""email\"": \""J8COXH6qS\"" "" + 
                    "" } "")",".header(""Authorization"", ""Bearer eyJhbGciOiJIUzI1NiJ9.eyJzdWIiOiJhZG1pbiIsInJvbGVzIjpbIlJPTEVfQURNSU4iXSwiaWQiOiI2ZGNiOGUyZC05ZTE0LTRlZWMtYTJiYy0xZDljZDk0ZWQ1MzMiLCJpYXQiOjE3Nzg0MjU1MzksImV4cCI6MTc3ODQyOTEzOX0.qB1ogDpTOmUcDYha_7ee5yv5p2gr7VBfko2YHDOagpE"")",faults,/mnt/train-ticket-aitest/evomaster/evomaster-config/generated-tests/blackbox/ts-admin-user-service/admin/EvoMaster_ts-admin-user-service_admin_faults.java,21,6,True,0,,0,0,,100.0,0,0,0,0,0,0,False,,/mnt/train-ticket-aitest/evomaster/evomaster-config/runtime-logs/classes/ts-admin-user-service/admin/EvoMaster_ts_admin_user_service_admin_faults,/mnt/train-ticket-aitest/evomaster/evomaster-config/runtime-logs/classes/ts-admin-user-service/admin/EvoMaster_ts_admin_user_service_admin_faults/compile.log,/mnt/train-ticket-aitest/evomaster/evomaster-config/runtime-logs/classes/ts-admin-user-service/admin/EvoMaster_ts_admin_user_service_admin_faults/compile_stdout.log,/mnt/train-ticket-aitest/evomaster/evomaster-config/runtime-logs/classes/ts-admin-user-service/admin/EvoMaster_ts_admin_user_service_admin_faults/compile_stderr.log,False,True,1,java.lang.AssertionError;test_failure,1,False,8.02,6.67,157.52,"Tests run: 1, Failures: 1, Errors: 0, Skipped: 0",/mnt/train-ticket-aitest/evomaster/evomaster-config/runtime-logs/methods/ts-admin-user-service/admin/EvoMaster_ts_admin_user_service_admin_faults/test_2_putOnUsersReturnsMismatchResponseWithSchema,/mnt/train-ticket-aitest/evomaster/evomaster-config/runtime-logs/methods/ts-admin-user-service/admin/EvoMaster_ts_admin_user_service_admin_faults/test_2_putOnUsersReturnsMismatchResponseWithSchema/run.log,/mnt/train-ticket-aitest/evomaster/evomaster-config/runtime-logs/methods/ts-admin-user-service/admin/EvoMaster_ts_admin_user_service_admin_faults/test_2_putOnUsersReturnsMismatchResponseWithSchema/run_stdout.log,/mnt/train-ticket-aitest/evomaster/evomaster-config/runtime-logs/methods/ts-admin-user-service/admin/EvoMaster_ts_admin_user_service_admin_faults/test_2_putOnUsersReturnsMismatchResponseWithSchema/run_stderr.log
ts-admin-user-service,none,EvoMaster_ts-admin-user-service_none_faults.java,EvoMaster_ts_admin_user_service_none_faults,test_0_putOnUsersShowsFaults_100_101,False,1,500,/api/v1/adminuserservice/users,PUT,500,.statusCode(500) .assertThat(),6,".put(baseUrlOfSut + ""/api/v1/adminuserservice/users"")",".body("" { "" + 
                    "" \""userName\"": \""2JSG6j4m\"", "" + 
                    "" \""gender\"": 564, "" + 
                    "" \""documentNum\"": \""s2_t\"", "" + 
                    "" \""email\"": \""BUBS_1piov4m\"" "" + 
                    "" } "")",,faults,/mnt/train-ticket-aitest/evomaster/evomaster-config/generated-tests/blackbox/ts-admin-user-service/none/EvoMaster_ts-admin-user-service_none_faults.java,21,6,True,0,,0,0,,100.0,0,0,0,0,0,0,False,,/mnt/train-ticket-aitest/evomaster/evomaster-config/runtime-logs/classes/ts-admin-user-service/none/EvoMaster_ts_admin_user_service_none_faults,/mnt/train-ticket-aitest/evomaster/evomaster-config/runtime-logs/classes/ts-admin-user-service/none/EvoMaster_ts_admin_user_service_none_faults/compile.log,/mnt/train-ticket-aitest/evomaster/evomaster-config/runtime-logs/classes/ts-admin-user-service/none/EvoMaster_ts_admin_user_service_none_faults/compile_stdout.log,/mnt/train-ticket-aitest/evomaster/evomaster-config/runtime-logs/classes/ts-admin-user-service/none/EvoMaster_ts_admin_user_service_none_faults/compile_stderr.log,False,True,1,java.lang.AssertionError;test_failure,1,False,8.02,6.78,158.73,"Tests run: 1, Failures: 1, Errors: 0, Skipped: 0",/mnt/train-ticket-aitest/evomaster/evomaster-config/runtime-logs/methods/ts-admin-user-service/none/EvoMaster_ts_admin_user_service_none_faults/test_0_putOnUsersShowsFaults_100_101,/mnt/train-ticket-aitest/evomaster/evomaster-config/runtime-logs/methods/ts-admin-user-service/none/EvoMaster_ts_admin_user_service_none_faults/test_0_putOnUsersShowsFaults_100_101/run.log,/mnt/train-ticket-aitest/evomaster/evomaster-config/runtime-logs/methods/ts-admin-user-service/none/EvoMaster_ts_admin_user_service_none_faults/test_0_putOnUsersShowsFaults_100_101/run_stdout.log,/mnt/train-ticket-aitest/evomaster/evomaster-config/runtime-logs/methods/ts-admin-user-service/none/EvoMaster_ts_admin_user_service_none_faults/test_0_putOnUsersShowsFaults_100_101/run_stderr.log
ts-admin-user-service,none,EvoMaster_ts-admin-user-service_none_faults.java,EvoMaster_ts_admin_user_service_none_faults,test_1_putOnUsersReturnsMismatchResponseWithSchema,False,1,403,/api/v1/adminuserservice/users,PUT,403,.statusCode(403) .assertThat(),2,".put(baseUrlOfSut + ""/api/v1/adminuserservice/users"")",".body("" { "" + 
                    "" \""userId\"": \""5RRHbt\"", "" + 
                    "" \""gender\"": 249, "" + 
                    "" \""documentType\"": 839 "" + 
                    "" } "")",,faults,/mnt/train-ticket-aitest/evomaster/evomaster-config/generated-tests/blackbox/ts-admin-user-service/none/EvoMaster_ts-admin-user-service_none_faults.java,21,6,True,0,,0,0,,100.0,0,0,0,0,0,0,False,,/mnt/train-ticket-aitest/evomaster/evomaster-config/runtime-logs/classes/ts-admin-user-service/none/EvoMaster_ts_admin_user_service_none_faults,/mnt/train-ticket-aitest/evomaster/evomaster-config/runtime-logs/classes/ts-admin-user-service/none/EvoMaster_ts_admin_user_service_none_faults/compile.log,/mnt/train-ticket-aitest/evomaster/evomaster-config/runtime-logs/classes/ts-admin-user-service/none/EvoMaster_ts_admin_user_service_none_faults/compile_stdout.log,/mnt/train-ticket-aitest/evomaster/evomaster-config/runtime-logs/classes/ts-admin-user-service/none/EvoMaster_ts_admin_user_service_none_faults/compile_stderr.log,True,True,0,,0,False,8.02,6.66,156.46,Test passed (detected via Surefire XML),/mnt/train-ticket-aitest/evomaster/evomaster-config/runtime-logs/methods/ts-admin-user-service/none/EvoMaster_ts_admin_user_service_none_faults/test_1_putOnUsersReturnsMismatchResponseWithSchema,/mnt/train-ticket-aitest/evomaster/evomaster-config/runtime-logs/methods/ts-admin-user-service/none/EvoMaster_ts_admin_user_service_none_faults/test_1_putOnUsersReturnsMismatchResponseWithSchema/run.log,/mnt/train-ticket-aitest/evomaster/evomaster-config/runtime-logs/methods/ts-admin-user-service/none/EvoMaster_ts_admin_user_service_none_faults/test_1_putOnUsersReturnsMismatchResponseWithSchema/run_stdout.log,/mnt/train-ticket-aitest/evomaster/evomaster-config/runtime-logs/methods/ts-admin-user-service/none/EvoMaster_ts_admin_user_service_none_faults/test_1_putOnUsersReturnsMismatchResponseWithSchema/run_stderr.log
ts-admin-user-service,user,EvoMaster_ts-admin-user-service_user_faults.java,EvoMaster_ts_admin_user_service_user_faults,test_0_putOnUsersShowsFaults_100_101,False,1,500,/api/v1/adminuserservice/users,PUT,500,.statusCode(500) .assertThat(),6,".put(baseUrlOfSut + ""/api/v1/adminuserservice/users"")",".body("" { "" + 
                    "" \""gender\"": 769, "" + 
                    "" \""documentNum\"": \""dK\"" "" + 
                    "" } "")",,faults,/mnt/train-ticket-aitest/evomaster/evomaster-config/generated-tests/blackbox/ts-admin-user-service/user/EvoMaster_ts-admin-user-service_user_faults.java,21,6,True,0,,0,0,,100.0,0,0,0,0,0,0,False,,/mnt/train-ticket-aitest/evomaster/evomaster-config/runtime-logs/classes/ts-admin-user-service/user/EvoMaster_ts_admin_user_service_user_faults,/mnt/train-ticket-aitest/evomaster/evomaster-config/runtime-logs/classes/ts-admin-user-service/user/EvoMaster_ts_admin_user_service_user_faults/compile.log,/mnt/train-ticket-aitest/evomaster/evomaster-config/runtime-logs/classes/ts-admin-user-service/user/EvoMaster_ts_admin_user_service_user_faults/compile_stdout.log,/mnt/train-ticket-aitest/evomaster/evomaster-config/runtime-logs/classes/ts-admin-user-service/user/EvoMaster_ts_admin_user_service_user_faults/compile_stderr.log,False,True,1,java.lang.AssertionError;test_failure,1,False,8.53,7.44,171.52,"Tests run: 1, Failures: 1, Errors: 0, Skipped: 0",/mnt/train-ticket-aitest/evomaster/evomaster-config/runtime-logs/methods/ts-admin-user-service/user/EvoMaster_ts_admin_user_service_user_faults/test_0_putOnUsersShowsFaults_100_101,/mnt/train-ticket-aitest/evomaster/evomaster-config/runtime-logs/methods/ts-admin-user-service/user/EvoMaster_ts_admin_user_service_user_faults/test_0_putOnUsersShowsFaults_100_101/run.log,/mnt/train-ticket-aitest/evomaster/evomaster-config/runtime-logs/methods/ts-admin-user-service/user/EvoMaster_ts_admin_user_service_user_faults/test_0_putOnUsersShowsFaults_100_101/run_stdout.log,/mnt/train-ticket-aitest/evomaster/evomaster-config/runtime-logs/methods/ts-admin-user-service/user/EvoMaster_ts_admin_user_service_user_faults/test_0_putOnUsersShowsFaults_100_101/run_stderr.log
ts-admin-user-service,user,EvoMaster_ts-admin-user-service_user_faults.java,EvoMaster_ts_admin_user_service_user_faults,test_1_putOnUsersReturnsMismatchResponseWithSchema,False,1,403,/api/v1/adminuserservice/users,PUT,403,.statusCode(403) .assertThat(),2,".put(baseUrlOfSut + ""/api/v1/adminuserservice/users"")",".body("" { "" + 
                    "" \""password\"": \""Id3t4f\"" "" + 
                    "" } "")",".header(""Authorization"", ""Bearer eyJhbGciOiJIUzI1NiJ9.eyJzdWIiOiJmZHNlX21pY3Jvc2VydmljZSIsInJvbGVzIjpbIlJPTEVfVVNFUiJdLCJpZCI6IjRkMmE0NmM3LTcxY2ItNGNmMS1iNWJiLWI2ODQwNmQ5ZGE2ZiIsImlhdCI6MTc3ODQyNTUzOSwiZXhwIjoxNzc4NDI5MTM5fQ.rEhlW9XbCqYjLljFHLUeYlc4zfJjUAZiCmX8JODiMT0"")",faults,/mnt/train-ticket-aitest/evomaster/evomaster-config/generated-tests/blackbox/ts-admin-user-service/user/EvoMaster_ts-admin-user-service_user_faults.java,21,6,True,0,,0,0,,100.0,0,0,0,0,0,0,False,,/mnt/train-ticket-aitest/evomaster/evomaster-config/runtime-logs/classes/ts-admin-user-service/user/EvoMaster_ts_admin_user_service_user_faults,/mnt/train-ticket-aitest/evomaster/evomaster-config/runtime-logs/classes/ts-admin-user-service/user/EvoMaster_ts_admin_user_service_user_faults/compile.log,/mnt/train-ticket-aitest/evomaster/evomaster-config/runtime-logs/classes/ts-admin-user-service/user/EvoMaster_ts_admin_user_service_user_faults/compile_stdout.log,/mnt/train-ticket-aitest/evomaster/evomaster-config/runtime-logs/classes/ts-admin-user-service/user/EvoMaster_ts_admin_user_service_user_faults/compile_stderr.log,True,True,0,,0,False,8.03,6.96,175.9,Test passed (detected via Surefire XML),/mnt/train-ticket-aitest/evomaster/evomaster-config/runtime-logs/methods/ts-admin-user-service/user/EvoMaster_ts_admin_user_service_user_faults/test_1_putOnUsersReturnsMismatchResponseWithSchema,/mnt/train-ticket-aitest/evomaster/evomaster-config/runtime-logs/methods/ts-admin-user-service/user/EvoMaster_ts_admin_user_service_user_faults/test_1_putOnUsersReturnsMismatchResponseWithSchema/run.log,/mnt/train-ticket-aitest/evomaster/evomaster-config/runtime-logs/methods/ts-admin-user-service/user/EvoMaster_ts_admin_user_service_user_faults/test_1_putOnUsersReturnsMismatchResponseWithSchema/run_stdout.log,/mnt/train-ticket-aitest/evomaster/evomaster-config/runtime-logs/methods/ts-admin-user-service/user/EvoMaster_ts_admin_user_service_user_faults/test_1_putOnUsersReturnsMismatchResponseWithSchema/run_stderr.log
ts-assurance-service,admin,EvoMaster_ts-assurance-service_admin_faults.java,EvoMaster_ts_assurance_service_admin_faults,test_0_patchOnAssurReturnsMismatchResponseWithSchema,False,1,503,/api/v1/assuranceservice/assurances/{assuranceId}/{orderId}/{typeIndex},PATCH,503,.statusCode(503) .assertThat(),6,".patch(baseUrlOfSut + ""/api/v1/assuranceservice/assurances/bqNI5n9RGZe/UC3q2s6IsOD7/868"")",,".header(""Authorization"", ""Bearer eyJhbGciOiJIUzI1NiJ9.eyJzdWIiOiJhZG1pbiIsInJvbGVzIjpbIlJPTEVfQURNSU4iXSwiaWQiOiI2ZGNiOGUyZC05ZTE0LTRlZWMtYTJiYy0xZDljZDk0ZWQ1MzMiLCJpYXQiOjE3Nzg0MjU1MzksImV4cCI6MTc3ODQyOTEzOX0.qB1ogDpTOmUcDYha_7ee5yv5p2gr7VBfko2YHDOagpE"")",faults,/mnt/train-ticket-aitest/evomaster/evomaster-config/generated-tests/blackbox/ts-assurance-service/admin/EvoMaster_ts-assurance-service_admin_faults.java,21,6,True,0,,0,0,,100.0,0,0,0,0,0,0,False,,/mnt/train-ticket-aitest/evomaster/evomaster-config/runtime-logs/classes/ts-assurance-service/admin/EvoMaster_ts_assurance_service_admin_faults,/mnt/train-ticket-aitest/evomaster/evomaster-config/runtime-logs/classes/ts-assurance-service/admin/EvoMaster_ts_assurance_service_admin_faults/compile.log,/mnt/train-ticket-aitest/evomaster/evomaster-config/runtime-logs/classes/ts-assurance-service/admin/EvoMaster_ts_assurance_service_admin_faults/compile_stdout.log,/mnt/train-ticket-aitest/evomaster/evomaster-config/runtime-logs/classes/ts-assurance-service/admin/EvoMaster_ts_assurance_service_admin_faults/compile_stderr.log,False,True,1,java.lang.AssertionError;test_failure,1,False,10.12,6.75,160.29,"Tests run: 1, Failures: 1, Errors: 0, Skipped: 0",/mnt/train-ticket-aitest/evomaster/evomaster-config/runtime-logs/methods/ts-assurance-service/admin/EvoMaster_ts_assurance_service_admin_faults/test_0_patchOnAssurReturnsMismatchResponseWithSchema,/mnt/train-ticket-aitest/evomaster/evomaster-config/runtime-logs/methods/ts-assurance-service/admin/EvoMaster_ts_assurance_service_admin_faults/test_0_patchOnAssurReturnsMismatchResponseWithSchema/run.log,/mnt/train-ticket-aitest/evomaster/evomaster-config/runtime-logs/methods/ts-assurance-service/admin/EvoMaster_ts_assurance_service_admin_faults/test_0_patchOnAssurReturnsMismatchResponseWithSchema/run_stdout.log,/mnt/train-ticket-aitest/evomaster/evomaster-config/runtime-logs/methods/ts-assurance-service/admin/EvoMaster_ts_assurance_service_admin_faults/test_0_patchOnAssurReturnsMismatchResponseWithSchema/run_stderr.log
ts-assurance-service,admin,EvoMaster_ts-assurance-service_admin_faults.java,EvoMaster_ts_assurance_service_admin_faults,test_1_patchOnAssurReturnsMismatchResponseWithSchema,False,1,503,/api/v1/assuranceservice/assurances/{assuranceId}/{orderId}/{typeIndex},PATCH,503,.statusCode(503) .assertThat(),6,".patch(baseUrlOfSut + ""/api/v1/assuranceservice/assurances/Y4x/i5kVFHG4ZR/-79213129"")",,".header(""Authorization"", ""Bearer eyJhbGciOiJIUzI1NiJ9.eyJzdWIiOiJhZG1pbiIsInJvbGVzIjpbIlJPTEVfQURNSU4iXSwiaWQiOiI2ZGNiOGUyZC05ZTE0LTRlZWMtYTJiYy0xZDljZDk0ZWQ1MzMiLCJpYXQiOjE3Nzg0MjU1MzksImV4cCI6MTc3ODQyOTEzOX0.qB1ogDpTOmUcDYha_7ee5yv5p2gr7VBfko2YHDOagpE"")",faults,/mnt/train-ticket-aitest/evomaster/evomaster-config/generated-tests/blackbox/ts-assurance-service/admin/EvoMaster_ts-assurance-service_admin_faults.java,21,6,True,0,,0,0,,100.0,0,0,0,0,0,0,False,,/mnt/train-ticket-aitest/evomaster/evomaster-config/runtime-logs/classes/ts-assurance-service/admin/EvoMaster_ts_assurance_service_admin_faults,/mnt/train-ticket-aitest/evomaster/evomaster-config/runtime-logs/classes/ts-assurance-service/admin/EvoMaster_ts_assurance_service_admin_faults/compile.log,/mnt/train-ticket-aitest/evomaster/evomaster-config/runtime-logs/classes/ts-assurance-service/admin/EvoMaster_ts_assurance_service_admin_faults/compile_stdout.log,/mnt/train-ticket-aitest/evomaster/evomaster-config/runtime-logs/classes/ts-assurance-service/admin/EvoMaster_ts_assurance_service_admin_faults/compile_stderr.log,False,True,1,java.lang.AssertionError;test_failure,1,False,9.02,6.53,166.26,"Tests run: 1, Failures: 1, Errors: 0, Skipped: 0",/mnt/train-ticket-aitest/evomaster/evomaster-config/runtime-logs/methods/ts-assurance-service/admin/EvoMaster_ts_assurance_service_admin_faults/test_1_patchOnAssurReturnsMismatchResponseWithSchema,/mnt/train-ticket-aitest/evomaster/evomaster-config/runtime-logs/methods/ts-assurance-service/admin/EvoMaster_ts_assurance_service_admin_faults/test_1_patchOnAssurReturnsMismatchResponseWithSchema/run.log,/mnt/train-ticket-aitest/evomaster/evomaster-config/runtime-logs/methods/ts-assurance-service/admin/EvoMaster_ts_assurance_service_admin_faults/test_1_patchOnAssurReturnsMismatchResponseWithSchema/run_stdout.log,/mnt/train-ticket-aitest/evomaster/evomaster-config/runtime-logs/methods/ts-assurance-service/admin/EvoMaster_ts_assurance_service_admin_faults/test_1_patchOnAssurReturnsMismatchResponseWithSchema/run_stderr.log
ts-assurance-service,none,EvoMaster_ts-assurance-service_none_faults.java,EvoMaster_ts_assurance_service_none_faults,test_0_patchOnAssurReturnsMismatchResponseWithSchema,False,1,503,/api/v1/assuranceservice/assurances/{assuranceId}/{orderId}/{typeIndex},PATCH,503,.statusCode(503) .assertThat(),6,".patch(baseUrlOfSut + ""/api/v1/assuranceservice/assurances/vqBDv3rFNysN/_ju3k/461"")",,,faults,/mnt/train-ticket-aitest/evomaster/evomaster-config/generated-tests/blackbox/ts-assurance-service/none/EvoMaster_ts-assurance-service_none_faults.java,21,6,True,0,,0,0,,100.0,0,0,0,0,0,0,False,,/mnt/train-ticket-aitest/evomaster/evomaster-config/runtime-logs/classes/ts-assurance-service/none/EvoMaster_ts_assurance_service_none_faults,/mnt/train-ticket-aitest/evomaster/evomaster-config/runtime-logs/classes/ts-assurance-service/none/EvoMaster_ts_assurance_service_none_faults/compile.log,/mnt/train-ticket-aitest/evomaster/evomaster-config/runtime-logs/classes/ts-assurance-service/none/EvoMaster_ts_assurance_service_none_faults/compile_stdout.log,/mnt/train-ticket-aitest/evomaster/evomaster-config/runtime-logs/classes/ts-assurance-service/none/EvoMaster_ts_assurance_service_none_faults/compile_stderr.log,False,True,1,java.lang.AssertionError;test_failure,1,False,9.02,6.82,155.97,"Tests run: 1, Failures: 1, Errors: 0, Skipped: 0",/mnt/train-ticket-aitest/evomaster/evomaster-config/runtime-logs/methods/ts-assurance-service/none/EvoMaster_ts_assurance_service_none_faults/test_0_patchOnAssurReturnsMismatchResponseWithSchema,/mnt/train-ticket-aitest/evomaster/evomaster-config/runtime-logs/methods/ts-assurance-service/none/EvoMaster_ts_assurance_service_none_faults/test_0_patchOnAssurReturnsMismatchResponseWithSchema/run.log,/mnt/train-ticket-aitest/evomaster/evomaster-config/runtime-logs/methods/ts-assurance-service/none/EvoMaster_ts_assurance_service_none_faults/test_0_patchOnAssurReturnsMismatchResponseWithSchema/run_stdout.log,/mnt/train-ticket-aitest/evomaster/evomaster-config/runtime-logs/methods/ts-assurance-service/none/EvoMaster_ts_assurance_service_none_faults/test_0_patchOnAssurReturnsMismatchResponseWithSchema/run_stderr.log
ts-assurance-service,none,EvoMaster_ts-assurance-service_none_faults.java,EvoMaster_ts_assurance_service_none_faults,test_1_patchOnAssurReturnsMismatchResponseWithSchema,False,1,503,/api/v1/assuranceservice/assurances/{assuranceId}/{orderId}/{typeIndex},PATCH,503,.statusCode(503) .assertThat(),6,".patch(baseUrlOfSut + ""/api/v1/assuranceservice/assurances/DMdHF24/GuCK_PbqS42pE/-924579831"")",,,faults,/mnt/train-ticket-aitest/evomaster/evomaster-config/generated-tests/blackbox/ts-assurance-service/none/EvoMaster_ts-assurance-service_none_faults.java,21,6,True,0,,0,0,,100.0,0,0,0,0,0,0,False,,/mnt/train-ticket-aitest/evomaster/evomaster-config/runtime-logs/classes/ts-assurance-service/none/EvoMaster_ts_assurance_service_none_faults,/mnt/train-ticket-aitest/evomaster/evomaster-config/runtime-logs/classes/ts-assurance-service/none/EvoMaster_ts_assurance_service_none_faults/compile.log,/mnt/train-ticket-aitest/evomaster/evomaster-config/runtime-logs/classes/ts-assurance-service/none/EvoMaster_ts_assurance_service_none_faults/compile_stdout.log,/mnt/train-ticket-aitest/evomaster/evomaster-config/runtime-logs/classes/ts-assurance-service/none/EvoMaster_ts_assurance_service_none_faults/compile_stderr.log,False,True,1,java.lang.AssertionError;test_failure,1,False,9.03,6.71,165.4,"Tests run: 1, Failures: 1, Errors: 0, Skipped: 0",/mnt/train-ticket-aitest/evomaster/evomaster-config/runtime-logs/methods/ts-assurance-service/none/EvoMaster_ts_assurance_service_none_faults/test_1_patchOnAssurReturnsMismatchResponseWithSchema,/mnt/train-ticket-aitest/evomaster/evomaster-config/runtime-logs/methods/ts-assurance-service/none/EvoMaster_ts_assurance_service_none_faults/test_1_patchOnAssurReturnsMismatchResponseWithSchema/run.log,/mnt/train-ticket-aitest/evomaster/evomaster-config/runtime-logs/methods/ts-assurance-service/none/EvoMaster_ts_assurance_service_none_faults/test_1_patchOnAssurReturnsMismatchResponseWithSchema/run_stdout.log,/mnt/train-ticket-aitest/evomaster/evomaster-config/runtime-logs/methods/ts-assurance-service/none/EvoMaster_ts_assurance_service_none_faults/test_1_patchOnAssurReturnsMismatchResponseWithSchema/run_stderr.log
ts-assurance-service,user,EvoMaster_ts-assurance-service_user_faults.java,EvoMaster_ts_assurance_service_user_faults,test_0_patchOnAssurReturnsMismatchResponseWithSchema,False,1,503,/api/v1/assuranceservice/assurances/{assuranceId}/{orderId}/{typeIndex},PATCH,503,.statusCode(503) .assertThat(),6,".patch(baseUrlOfSut + ""/api/v1/assuranceservice/assurances/WNzpthwwm/eF36ZdwQWiz5q1Ep/241"")",,".header(""Authorization"", ""Bearer eyJhbGciOiJIUzI1NiJ9.eyJzdWIiOiJmZHNlX21pY3Jvc2VydmljZSIsInJvbGVzIjpbIlJPTEVfVVNFUiJdLCJpZCI6IjRkMmE0NmM3LTcxY2ItNGNmMS1iNWJiLWI2ODQwNmQ5ZGE2ZiIsImlhdCI6MTc3ODQyNTUzOSwiZXhwIjoxNzc4NDI5MTM5fQ.rEhlW9XbCqYjLljFHLUeYlc4zfJjUAZiCmX8JODiMT0"")",faults,/mnt/train-ticket-aitest/evomaster/evomaster-config/generated-tests/blackbox/ts-assurance-service/user/EvoMaster_ts-assurance-service_user_faults.java,21,6,True,0,,0,0,,100.0,0,0,0,0,0,0,False,,/mnt/train-ticket-aitest/evomaster/evomaster-config/runtime-logs/classes/ts-assurance-service/user/EvoMaster_ts_assurance_service_user_faults,/mnt/train-ticket-aitest/evomaster/evomaster-config/runtime-logs/classes/ts-assurance-service/user/EvoMaster_ts_assurance_service_user_faults/compile.log,/mnt/train-ticket-aitest/evomaster/evomaster-config/runtime-logs/classes/ts-assurance-service/user/EvoMaster_ts_assurance_service_user_faults/compile_stdout.log,/mnt/train-ticket-aitest/evomaster/evomaster-config/runtime-logs/classes/ts-assurance-service/user/EvoMaster_ts_assurance_service_user_faults/compile_stderr.log,False,True,1,java.lang.AssertionError;test_failure,1,False,8.54,6.51,158.43,"Tests run: 1, Failures: 1, Errors: 0, Skipped: 0",/mnt/train-ticket-aitest/evomaster/evomaster-config/runtime-logs/methods/ts-assurance-service/user/EvoMaster_ts_assurance_service_user_faults/test_0_patchOnAssurReturnsMismatchResponseWithSchema,/mnt/train-ticket-aitest/evomaster/evomaster-config/runtime-logs/methods/ts-assurance-service/user/EvoMaster_ts_assurance_service_user_faults/test_0_patchOnAssurReturnsMismatchResponseWithSchema/run.log,/mnt/train-ticket-aitest/evomaster/evomaster-config/runtime-logs/methods/ts-assurance-service/user/EvoMaster_ts_assurance_service_user_faults/test_0_patchOnAssurReturnsMismatchResponseWithSchema/run_stdout.log,/mnt/train-ticket-aitest/evomaster/evomaster-config/runtime-logs/methods/ts-assurance-service/user/EvoMaster_ts_assurance_service_user_faults/test_0_patchOnAssurReturnsMismatchResponseWithSchema/run_stderr.log
ts-assurance-service,user,EvoMaster_ts-assurance-service_user_faults.java,EvoMaster_ts_assurance_service_user_faults,test_1_patchOnAssurReturnsMismatchResponseWithSchema,False,1,503,/api/v1/assuranceservice/assurances/{assuranceId}/{orderId}/{typeIndex},PATCH,503,.statusCode(503) .assertThat(),6,".patch(baseUrlOfSut + ""/api/v1/assuranceservice/assurances/enxkARztlp/tbxAJ0z1uhcomEyp/-1231250880"")",,".header(""Authorization"", ""Bearer eyJhbGciOiJIUzI1NiJ9.eyJzdWIiOiJmZHNlX21pY3Jvc2VydmljZSIsInJvbGVzIjpbIlJPTEVfVVNFUiJdLCJpZCI6IjRkMmE0NmM3LTcxY2ItNGNmMS1iNWJiLWI2ODQwNmQ5ZGE2ZiIsImlhdCI6MTc3ODQyNTUzOSwiZXhwIjoxNzc4NDI5MTM5fQ.rEhlW9XbCqYjLljFHLUeYlc4zfJjUAZiCmX8JODiMT0"")",faults,/mnt/train-ticket-aitest/evomaster/evomaster-config/generated-tests/blackbox/ts-assurance-service/user/EvoMaster_ts-assurance-service_user_faults.java,21,6,True,0,,0,0,,100.0,0,0,0,0,0,0,False,,/mnt/train-ticket-aitest/evomaster/evomaster-config/runtime-logs/classes/ts-assurance-service/user/EvoMaster_ts_assurance_service_user_faults,/mnt/train-ticket-aitest/evomaster/evomaster-config/runtime-logs/classes/ts-assurance-service/user/EvoMaster_ts_assurance_service_user_faults/compile.log,/mnt/train-ticket-aitest/evomaster/evomaster-config/runtime-logs/classes/ts-assurance-service/user/EvoMaster_ts_assurance_service_user_faults/compile_stdout.log,/mnt/train-ticket-aitest/evomaster/evomaster-config/runtime-logs/classes/ts-assurance-service/user/EvoMaster_ts_assurance_service_user_faults/compile_stderr.log,False,True,1,java.lang.AssertionError;test_failure,1,False,9.02,6.64,160.12,"Tests run: 1, Failures: 1, Errors: 0, Skipped: 0",/mnt/train-ticket-aitest/evomaster/evomaster-config/runtime-logs/methods/ts-assurance-service/user/EvoMaster_ts_assurance_service_user_faults/test_1_patchOnAssurReturnsMismatchResponseWithSchema,/mnt/train-ticket-aitest/evomaster/evomaster-config/runtime-logs/methods/ts-assurance-service/user/EvoMaster_ts_assurance_service_user_faults/test_1_patchOnAssurReturnsMismatchResponseWithSchema/run.log,/mnt/train-ticket-aitest/evomaster/evomaster-config/runtime-logs/methods/ts-assurance-service/user/EvoMaster_ts_assurance_service_user_faults/test_1_patchOnAssurReturnsMismatchResponseWithSchema/run_stdout.log,/mnt/train-ticket-aitest/evomaster/evomaster-config/runtime-logs/methods/ts-assurance-service/user/EvoMaster_ts_assurance_service_user_faults/test_1_patchOnAssurReturnsMismatchResponseWithSchema/run_stderr.log
ts-cancel-service,admin,EvoMaster_ts-cancel-service_admin_faults.java,EvoMaster_ts_cancel_service_admin_faults,test_0_getOnCancelShowsFaults_100_101,False,1,500,/api/v1/cancelservice/cancel/{orderId}/{loginId},GET,500,.statusCode(500) .assertThat(),6,".get(baseUrlOfSut + ""/api/v1/cancelservice/cancel/bf_nDq6csoM2_U/v7454drePU"")",,".header(""Authorization"", ""Bearer eyJhbGciOiJIUzI1NiJ9.eyJzdWIiOiJhZG1pbiIsInJvbGVzIjpbIlJPTEVfQURNSU4iXSwiaWQiOiI2ZGNiOGUyZC05ZTE0LTRlZWMtYTJiYy0xZDljZDk0ZWQ1MzMiLCJpYXQiOjE3Nzg0MjU1MzksImV4cCI6MTc3ODQyOTEzOX0.qB1ogDpTOmUcDYha_7ee5yv5p2gr7VBfko2YHDOagpE"")",faults,/mnt/train-ticket-aitest/evomaster/evomaster-config/generated-tests/blackbox/ts-cancel-service/admin/EvoMaster_ts-cancel-service_admin_faults.java,21,6,True,0,,0,0,,100.0,0,0,0,0,0,0,False,,/mnt/train-ticket-aitest/evomaster/evomaster-config/runtime-logs/classes/ts-cancel-service/admin/EvoMaster_ts_cancel_service_admin_faults,/mnt/train-ticket-aitest/evomaster/evomaster-config/runtime-logs/classes/ts-cancel-service/admin/EvoMaster_ts_cancel_service_admin_faults/compile.log,/mnt/train-ticket-aitest/evomaster/evomaster-config/runtime-logs/classes/ts-cancel-service/admin/EvoMaster_ts_cancel_service_admin_faults/compile_stdout.log,/mnt/train-ticket-aitest/evomaster/evomaster-config/runtime-logs/classes/ts-cancel-service/admin/EvoMaster_ts_cancel_service_admin_faults/compile_stderr.log,False,True,1,java.lang.AssertionError;test_failure,1,False,9.52,7.16,170.6,"Tests run: 1, Failures: 1, Errors: 0, Skipped: 0",/mnt/train-ticket-aitest/evomaster/evomaster-config/runtime-logs/methods/ts-cancel-service/admin/EvoMaster_ts_cancel_service_admin_faults/test_0_getOnCancelShowsFaults_100_101,/mnt/train-ticket-aitest/evomaster/evomaster-config/runtime-logs/methods/ts-cancel-service/admin/EvoMaster_ts_cancel_service_admin_faults/test_0_getOnCancelShowsFaults_100_101/run.log,/mnt/train-ticket-aitest/evomaster/evomaster-config/runtime-logs/methods/ts-cancel-service/admin/EvoMaster_ts_cancel_service_admin_faults/test_0_getOnCancelShowsFaults_100_101/run_stdout.log,/mnt/train-ticket-aitest/evomaster/evomaster-config/runtime-logs/methods/ts-cancel-service/admin/EvoMaster_ts_cancel_service_admin_faults/test_0_getOnCancelShowsFaults_100_101/run_stderr.log
ts-cancel-service,none,EvoMaster_ts-cancel-service_none_faults.java,EvoMaster_ts_cancel_service_none_faults,test_0_getOnCancelShowsFaults_100_101,False,1,500,/api/v1/cancelservice/cancel/{orderId}/{loginId},GET,500,.statusCode(500) .assertThat(),6,".get(baseUrlOfSut + ""/api/v1/cancelservice/cancel/IzUC9hHrIV/cO"")",,,faults,/mnt/train-ticket-aitest/evomaster/evomaster-config/generated-tests/blackbox/ts-cancel-service/none/EvoMaster_ts-cancel-service_none_faults.java,21,6,True,0,,0,0,,100.0,0,0,0,0,0,0,False,,/mnt/train-ticket-aitest/evomaster/evomaster-config/runtime-logs/classes/ts-cancel-service/none/EvoMaster_ts_cancel_service_none_faults,/mnt/train-ticket-aitest/evomaster/evomaster-config/runtime-logs/classes/ts-cancel-service/none/EvoMaster_ts_cancel_service_none_faults/compile.log,/mnt/train-ticket-aitest/evomaster/evomaster-config/runtime-logs/classes/ts-cancel-service/none/EvoMaster_ts_cancel_service_none_faults/compile_stdout.log,/mnt/train-ticket-aitest/evomaster/evomaster-config/runtime-logs/classes/ts-cancel-service/none/EvoMaster_ts_cancel_service_none_faults/compile_stderr.log,False,True,1,java.lang.AssertionError;test_failure,1,False,8.02,6.54,153.73,"Tests run: 1, Failures: 1, Errors: 0, Skipped: 0",/mnt/train-ticket-aitest/evomaster/evomaster-config/runtime-logs/methods/ts-cancel-service/none/EvoMaster_ts_cancel_service_none_faults/test_0_getOnCancelShowsFaults_100_101,/mnt/train-ticket-aitest/evomaster/evomaster-config/runtime-logs/methods/ts-cancel-service/none/EvoMaster_ts_cancel_service_none_faults/test_0_getOnCancelShowsFaults_100_101/run.log,/mnt/train-ticket-aitest/evomaster/evomaster-config/runtime-logs/methods/ts-cancel-service/none/EvoMaster_ts_cancel_service_none_faults/test_0_getOnCancelShowsFaults_100_101/run_stdout.log,/mnt/train-ticket-aitest/evomaster/evomaster-config/runtime-logs/methods/ts-cancel-service/none/EvoMaster_ts_cancel_service_none_faults/test_0_getOnCancelShowsFaults_100_101/run_stderr.log
ts-cancel-service,user,EvoMaster_ts-cancel-service_user_faults.java,EvoMaster_ts_cancel_service_user_faults,test_0_getOnCancelShowsFaults_100_101,False,1,500,/api/v1/cancelservice/cancel/{orderId}/{loginId},GET,500,.statusCode(500) .assertThat(),6,".get(baseUrlOfSut + ""/api/v1/cancelservice/cancel/9/b3rF8r1D0R3oc"")",,".header(""Authorization"", ""Bearer eyJhbGciOiJIUzI1NiJ9.eyJzdWIiOiJmZHNlX21pY3Jvc2VydmljZSIsInJvbGVzIjpbIlJPTEVfVVNFUiJdLCJpZCI6IjRkMmE0NmM3LTcxY2ItNGNmMS1iNWJiLWI2ODQwNmQ5ZGE2ZiIsImlhdCI6MTc3ODQyNTUzOSwiZXhwIjoxNzc4NDI5MTM5fQ.rEhlW9XbCqYjLljFHLUeYlc4zfJjUAZiCmX8JODiMT0"")",faults,/mnt/train-ticket-aitest/evomaster/evomaster-config/generated-tests/blackbox/ts-cancel-service/user/EvoMaster_ts-cancel-service_user_faults.java,21,6,True,0,,0,0,,100.0,0,0,0,0,0,0,False,,/mnt/train-ticket-aitest/evomaster/evomaster-config/runtime-logs/classes/ts-cancel-service/user/EvoMaster_ts_cancel_service_user_faults,/mnt/train-ticket-aitest/evomaster/evomaster-config/runtime-logs/classes/ts-cancel-service/user/EvoMaster_ts_cancel_service_user_faults/compile.log,/mnt/train-ticket-aitest/evomaster/evomaster-config/runtime-logs/classes/ts-cancel-service/user/EvoMaster_ts_cancel_service_user_faults/compile_stdout.log,/mnt/train-ticket-aitest/evomaster/evomaster-config/runtime-logs/classes/ts-cancel-service/user/EvoMaster_ts_cancel_service_user_faults/compile_stderr.log,False,True,1,java.lang.AssertionError;test_failure,1,False,8.02,6.94,171.28,"Tests run: 1, Failures: 1, Errors: 0, Skipped: 0",/mnt/train-ticket-aitest/evomaster/evomaster-config/runtime-logs/methods/ts-cancel-service/user/EvoMaster_ts_cancel_service_user_faults/test_0_getOnCancelShowsFaults_100_101,/mnt/train-ticket-aitest/evomaster/evomaster-config/runtime-logs/methods/ts-cancel-service/user/EvoMaster_ts_cancel_service_user_faults/test_0_getOnCancelShowsFaults_100_101/run.log,/mnt/train-ticket-aitest/evomaster/evomaster-config/runtime-logs/methods/ts-cancel-service/user/EvoMaster_ts_cancel_service_user_faults/test_0_getOnCancelShowsFaults_100_101/run_stdout.log,/mnt/train-ticket-aitest/evomaster/evomaster-config/runtime-logs/methods/ts-cancel-service/user/EvoMaster_ts_cancel_service_user_faults/test_0_getOnCancelShowsFaults_100_101/run_stderr.log
ts-contacts-service,admin,EvoMaster_ts-contacts-service_admin_faults.java,EvoMaster_ts_contacts_service_admin_faults,test_0_getOnContactsShowsFaults_100_101,False,1,500,/api/v1/contactservice/contacts,GET,500,.statusCode(500) .assertThat(),6,".get(baseUrlOfSut + ""/api/v1/contactservice/contacts"")",,".header(""Authorization"", ""Bearer eyJhbGciOiJIUzI1NiJ9.eyJzdWIiOiJhZG1pbiIsInJvbGVzIjpbIlJPTEVfQURNSU4iXSwiaWQiOiI2ZGNiOGUyZC05ZTE0LTRlZWMtYTJiYy0xZDljZDk0ZWQ1MzMiLCJpYXQiOjE3Nzg0MjU1MzksImV4cCI6MTc3ODQyOTEzOX0.qB1ogDpTOmUcDYha_7ee5yv5p2gr7VBfko2YHDOagpE"")",faults,/mnt/train-ticket-aitest/evomaster/evomaster-config/generated-tests/blackbox/ts-contacts-service/admin/EvoMaster_ts-contacts-service_admin_faults.java,21,6,True,0,,0,0,,100.0,0,0,0,0,0,0,False,,/mnt/train-ticket-aitest/evomaster/evomaster-config/runtime-logs/classes/ts-contacts-service/admin/EvoMaster_ts_contacts_service_admin_faults,/mnt/train-ticket-aitest/evomaster/evomaster-config/runtime-logs/classes/ts-contacts-service/admin/EvoMaster_ts_contacts_service_admin_faults/compile.log,/mnt/train-ticket-aitest/evomaster/evomaster-config/runtime-logs/classes/ts-contacts-service/admin/EvoMaster_ts_contacts_service_admin_faults/compile_stdout.log,/mnt/train-ticket-aitest/evomaster/evomaster-config/runtime-logs/classes/ts-contacts-service/admin/EvoMaster_ts_contacts_service_admin_faults/compile_stderr.log,False,True,1,java.lang.AssertionError;test_failure,1,False,9.1,6.67,157.31,"Tests run: 1, Failures: 1, Errors: 0, Skipped: 0",/mnt/train-ticket-aitest/evomaster/evomaster-config/runtime-logs/methods/ts-contacts-service/admin/EvoMaster_ts_contacts_service_admin_faults/test_0_getOnContactsShowsFaults_100_101,/mnt/train-ticket-aitest/evomaster/evomaster-config/runtime-logs/methods/ts-contacts-service/admin/EvoMaster_ts_contacts_service_admin_faults/test_0_getOnContactsShowsFaults_100_101/run.log,/mnt/train-ticket-aitest/evomaster/evomaster-config/runtime-logs/methods/ts-contacts-service/admin/EvoMaster_ts_contacts_service_admin_faults/test_0_getOnContactsShowsFaults_100_101/run_stdout.log,/mnt/train-ticket-aitest/evomaster/evomaster-config/runtime-logs/methods/ts-contacts-service/admin/EvoMaster_ts_contacts_service_admin_faults/test_0_getOnContactsShowsFaults_100_101/run_stderr.log
ts-contacts-service,admin,EvoMaster_ts-contacts-service_admin_faults.java,EvoMaster_ts_contacts_service_admin_faults,test_1_deleteOnContactShowsFaults_100_101,False,1,500,/api/v1/contactservice/contacts/{contactsId},DELETE,500,.statusCode(500) .assertThat(),6,".delete(baseUrlOfSut + ""/api/v1/contactservice/contacts/bzVLznUGYz"")",,".header(""Authorization"", ""Bearer eyJhbGciOiJIUzI1NiJ9.eyJzdWIiOiJhZG1pbiIsInJvbGVzIjpbIlJPTEVfQURNSU4iXSwiaWQiOiI2ZGNiOGUyZC05ZTE0LTRlZWMtYTJiYy0xZDljZDk0ZWQ1MzMiLCJpYXQiOjE3Nzg0MjU1MzksImV4cCI6MTc3ODQyOTEzOX0.qB1ogDpTOmUcDYha_7ee5yv5p2gr7VBfko2YHDOagpE"")",faults,/mnt/train-ticket-aitest/evomaster/evomaster-config/generated-tests/blackbox/ts-contacts-service/admin/EvoMaster_ts-contacts-service_admin_faults.java,21,6,True,0,,0,0,,100.0,0,0,0,0,0,0,False,,/mnt/train-ticket-aitest/evomaster/evomaster-config/runtime-logs/classes/ts-contacts-service/admin/EvoMaster_ts_contacts_service_admin_faults,/mnt/train-ticket-aitest/evomaster/evomaster-config/runtime-logs/classes/ts-contacts-service/admin/EvoMaster_ts_contacts_service_admin_faults/compile.log,/mnt/train-ticket-aitest/evomaster/evomaster-config/runtime-logs/classes/ts-contacts-service/admin/EvoMaster_ts_contacts_service_admin_faults/compile_stdout.log,/mnt/train-ticket-aitest/evomaster/evomaster-config/runtime-logs/classes/ts-contacts-service/admin/EvoMaster_ts_contacts_service_admin_faults/compile_stderr.log,False,True,1,java.lang.AssertionError;test_failure,1,False,8.55,6.79,162.34,"Tests run: 1, Failures: 1, Errors: 0, Skipped: 0",/mnt/train-ticket-aitest/evomaster/evomaster-config/runtime-logs/methods/ts-contacts-service/admin/EvoMaster_ts_contacts_service_admin_faults/test_1_deleteOnContactShowsFaults_100_101,/mnt/train-ticket-aitest/evomaster/evomaster-config/runtime-logs/methods/ts-contacts-service/admin/EvoMaster_ts_contacts_service_admin_faults/test_1_deleteOnContactShowsFaults_100_101/run.log,/mnt/train-ticket-aitest/evomaster/evomaster-config/runtime-logs/methods/ts-contacts-service/admin/EvoMaster_ts_contacts_service_admin_faults/test_1_deleteOnContactShowsFaults_100_101/run_stdout.log,/mnt/train-ticket-aitest/evomaster/evomaster-config/runtime-logs/methods/ts-contacts-service/admin/EvoMaster_ts_contacts_service_admin_faults/test_1_deleteOnContactShowsFaults_100_101/run_stderr.log
ts-contacts-service,admin,EvoMaster_ts-contacts-service_admin_faults.java,EvoMaster_ts_contacts_service_admin_faults,test_2_deleteOnContactReturnsMismatchResponseWithSchema,False,1,200,/api/v1/contactservice/contacts/{contactsId},DELETE,200,.statusCode(200) .assertThat(),5,".delete(baseUrlOfSut + ""/api/v1/contactservice/contacts/szq"")",,".header(""Authorization"", ""Bearer eyJhbGciOiJIUzI1NiJ9.eyJzdWIiOiJhZG1pbiIsInJvbGVzIjpbIlJPTEVfQURNSU4iXSwiaWQiOiI2ZGNiOGUyZC05ZTE0LTRlZWMtYTJiYy0xZDljZDk0ZWQ1MzMiLCJpYXQiOjE3Nzg0MjU1MzksImV4cCI6MTc3ODQyOTEzOX0.qB1ogDpTOmUcDYha_7ee5yv5p2gr7VBfko2YHDOagpE"")",faults,/mnt/train-ticket-aitest/evomaster/evomaster-config/generated-tests/blackbox/ts-contacts-service/admin/EvoMaster_ts-contacts-service_admin_faults.java,21,6,True,0,,0,0,,100.0,0,0,0,0,0,0,False,,/mnt/train-ticket-aitest/evomaster/evomaster-config/runtime-logs/classes/ts-contacts-service/admin/EvoMaster_ts_contacts_service_admin_faults,/mnt/train-ticket-aitest/evomaster/evomaster-config/runtime-logs/classes/ts-contacts-service/admin/EvoMaster_ts_contacts_service_admin_faults/compile.log,/mnt/train-ticket-aitest/evomaster/evomaster-config/runtime-logs/classes/ts-contacts-service/admin/EvoMaster_ts_contacts_service_admin_faults/compile_stdout.log,/mnt/train-ticket-aitest/evomaster/evomaster-config/runtime-logs/classes/ts-contacts-service/admin/EvoMaster_ts_contacts_service_admin_faults/compile_stderr.log,True,True,0,,0,False,9.58,6.36,163.89,Test passed (detected via Surefire XML),/mnt/train-ticket-aitest/evomaster/evomaster-config/runtime-logs/methods/ts-contacts-service/admin/EvoMaster_ts_contacts_service_admin_faults/test_2_deleteOnContactReturnsMismatchResponseWithSchema,/mnt/train-ticket-aitest/evomaster/evomaster-config/runtime-logs/methods/ts-contacts-service/admin/EvoMaster_ts_contacts_service_admin_faults/test_2_deleteOnContactReturnsMismatchResponseWithSchema/run.log,/mnt/train-ticket-aitest/evomaster/evomaster-config/runtime-logs/methods/ts-contacts-service/admin/EvoMaster_ts_contacts_service_admin_faults/test_2_deleteOnContactReturnsMismatchResponseWithSchema/run_stdout.log,/mnt/train-ticket-aitest/evomaster/evomaster-config/runtime-logs/methods/ts-contacts-service/admin/EvoMaster_ts_contacts_service_admin_faults/test_2_deleteOnContactReturnsMismatchResponseWithSchema/run_stderr.log
ts-contacts-service,none,EvoMaster_ts-contacts-service_none_faults.java,EvoMaster_ts_contacts_service_none_faults,test_0_getOnContactsShowsFaults_100_101,False,1,500,/api/v1/contactservice/contacts,GET,500,.statusCode(500) .assertThat(),6,".get(baseUrlOfSut + ""/api/v1/contactservice/contacts"")",,,faults,/mnt/train-ticket-aitest/evomaster/evomaster-config/generated-tests/blackbox/ts-contacts-service/none/EvoMaster_ts-contacts-service_none_faults.java,21,6,True,0,,0,0,,100.0,0,0,0,0,0,0,False,,/mnt/train-ticket-aitest/evomaster/evomaster-config/runtime-logs/classes/ts-contacts-service/none/EvoMaster_ts_contacts_service_none_faults,/mnt/train-ticket-aitest/evomaster/evomaster-config/runtime-logs/classes/ts-contacts-service/none/EvoMaster_ts_contacts_service_none_faults/compile.log,/mnt/train-ticket-aitest/evomaster/evomaster-config/runtime-logs/classes/ts-contacts-service/none/EvoMaster_ts_contacts_service_none_faults/compile_stdout.log,/mnt/train-ticket-aitest/evomaster/evomaster-config/runtime-logs/classes/ts-contacts-service/none/EvoMaster_ts_contacts_service_none_faults/compile_stderr.log,False,True,1,java.lang.AssertionError;test_failure,1,False,8.53,6.87,157.6,"Tests run: 1, Failures: 1, Errors: 0, Skipped: 0",/mnt/train-ticket-aitest/evomaster/evomaster-config/runtime-logs/methods/ts-contacts-service/none/EvoMaster_ts_contacts_service_none_faults/test_0_getOnContactsShowsFaults_100_101,/mnt/train-ticket-aitest/evomaster/evomaster-config/runtime-logs/methods/ts-contacts-service/none/EvoMaster_ts_contacts_service_none_faults/test_0_getOnContactsShowsFaults_100_101/run.log,/mnt/train-ticket-aitest/evomaster/evomaster-config/runtime-logs/methods/ts-contacts-service/none/EvoMaster_ts_contacts_service_none_faults/test_0_getOnContactsShowsFaults_100_101/run_stdout.log,/mnt/train-ticket-aitest/evomaster/evomaster-config/runtime-logs/methods/ts-contacts-service/none/EvoMaster_ts_contacts_service_none_faults/test_0_getOnContactsShowsFaults_100_101/run_stderr.log
ts-contacts-service,none,EvoMaster_ts-contacts-service_none_faults.java,EvoMaster_ts_contacts_service_none_faults,test_1_deleteOnContactShowsFaults_100_101,False,1,500,/api/v1/contactservice/contacts/{contactsId},DELETE,500,.statusCode(500) .assertThat(),6,".delete(baseUrlOfSut + ""/api/v1/contactservice/contacts/98Z6q1xUTQ"")",,,faults,/mnt/train-ticket-aitest/evomaster/evomaster-config/generated-tests/blackbox/ts-contacts-service/none/EvoMaster_ts-contacts-service_none_faults.java,21,6,True,0,,0,0,,100.0,0,0,0,0,0,0,False,,/mnt/train-ticket-aitest/evomaster/evomaster-config/runtime-logs/classes/ts-contacts-service/none/EvoMaster_ts_contacts_service_none_faults,/mnt/train-ticket-aitest/evomaster/evomaster-config/runtime-logs/classes/ts-contacts-service/none/EvoMaster_ts_contacts_service_none_faults/compile.log,/mnt/train-ticket-aitest/evomaster/evomaster-config/runtime-logs/classes/ts-contacts-service/none/EvoMaster_ts_contacts_service_none_faults/compile_stdout.log,/mnt/train-ticket-aitest/evomaster/evomaster-config/runtime-logs/classes/ts-contacts-service/none/EvoMaster_ts_contacts_service_none_faults/compile_stderr.log,False,True,1,java.lang.AssertionError;test_failure,1,False,8.02,6.76,157.57,"Tests run: 1, Failures: 1, Errors: 0, Skipped: 0",/mnt/train-ticket-aitest/evomaster/evomaster-config/runtime-logs/methods/ts-contacts-service/none/EvoMaster_ts_contacts_service_none_faults/test_1_deleteOnContactShowsFaults_100_101,/mnt/train-ticket-aitest/evomaster/evomaster-config/runtime-logs/methods/ts-contacts-service/none/EvoMaster_ts_contacts_service_none_faults/test_1_deleteOnContactShowsFaults_100_101/run.log,/mnt/train-ticket-aitest/evomaster/evomaster-config/runtime-logs/methods/ts-contacts-service/none/EvoMaster_ts_contacts_service_none_faults/test_1_deleteOnContactShowsFaults_100_101/run_stdout.log,/mnt/train-ticket-aitest/evomaster/evomaster-config/runtime-logs/methods/ts-contacts-service/none/EvoMaster_ts_contacts_service_none_faults/test_1_deleteOnContactShowsFaults_100_101/run_stderr.log
ts-contacts-service,none,EvoMaster_ts-contacts-service_none_faults.java,EvoMaster_ts_contacts_service_none_faults,test_2_deleteOnContactReturnsMismatchResponseWithSchema,False,1,403,/api/v1/contactservice/contacts/{contactsId},DELETE,403,.statusCode(403) .assertThat(),2,".delete(baseUrlOfSut + ""/api/v1/contactservice/contacts/ni2ngyXe16"")",,,faults,/mnt/train-ticket-aitest/evomaster/evomaster-config/generated-tests/blackbox/ts-contacts-service/none/EvoMaster_ts-contacts-service_none_faults.java,21,6,True,0,,0,0,,100.0,0,0,0,0,0,0,False,,/mnt/train-ticket-aitest/evomaster/evomaster-config/runtime-logs/classes/ts-contacts-service/none/EvoMaster_ts_contacts_service_none_faults,/mnt/train-ticket-aitest/evomaster/evomaster-config/runtime-logs/classes/ts-contacts-service/none/EvoMaster_ts_contacts_service_none_faults/compile.log,/mnt/train-ticket-aitest/evomaster/evomaster-config/runtime-logs/classes/ts-contacts-service/none/EvoMaster_ts_contacts_service_none_faults/compile_stdout.log,/mnt/train-ticket-aitest/evomaster/evomaster-config/runtime-logs/classes/ts-contacts-service/none/EvoMaster_ts_contacts_service_none_faults/compile_stderr.log,True,True,0,,0,False,8.02,6.58,155.66,Test passed (detected via Surefire XML),/mnt/train-ticket-aitest/evomaster/evomaster-config/runtime-logs/methods/ts-contacts-service/none/EvoMaster_ts_contacts_service_none_faults/test_2_deleteOnContactReturnsMismatchResponseWithSchema,/mnt/train-ticket-aitest/evomaster/evomaster-config/runtime-logs/methods/ts-contacts-service/none/EvoMaster_ts_contacts_service_none_faults/test_2_deleteOnContactReturnsMismatchResponseWithSchema/run.log,/mnt/train-ticket-aitest/evomaster/evomaster-config/runtime-logs/methods/ts-contacts-service/none/EvoMaster_ts_contacts_service_none_faults/test_2_deleteOnContactReturnsMismatchResponseWithSchema/run_stdout.log,/mnt/train-ticket-aitest/evomaster/evomaster-config/runtime-logs/methods/ts-contacts-service/none/EvoMaster_ts_contacts_service_none_faults/test_2_deleteOnContactReturnsMismatchResponseWithSchema/run_stderr.log
ts-contacts-service,user,EvoMaster_ts-contacts-service_user_faults.java,EvoMaster_ts_contacts_service_user_faults,test_0_getOnContactsShowsFaults_100_101,False,1,500,/api/v1/contactservice/contacts,GET,500,.statusCode(500) .assertThat(),6,".get(baseUrlOfSut + ""/api/v1/contactservice/contacts"")",,".header(""Authorization"", ""Bearer eyJhbGciOiJIUzI1NiJ9.eyJzdWIiOiJmZHNlX21pY3Jvc2VydmljZSIsInJvbGVzIjpbIlJPTEVfVVNFUiJdLCJpZCI6IjRkMmE0NmM3LTcxY2ItNGNmMS1iNWJiLWI2ODQwNmQ5ZGE2ZiIsImlhdCI6MTc3ODQyNTUzOSwiZXhwIjoxNzc4NDI5MTM5fQ.rEhlW9XbCqYjLljFHLUeYlc4zfJjUAZiCmX8JODiMT0"")",faults,/mnt/train-ticket-aitest/evomaster/evomaster-config/generated-tests/blackbox/ts-contacts-service/user/EvoMaster_ts-contacts-service_user_faults.java,21,6,True,0,,0,0,,100.0,0,0,0,0,0,0,False,,/mnt/train-ticket-aitest/evomaster/evomaster-config/runtime-logs/classes/ts-contacts-service/user/EvoMaster_ts_contacts_service_user_faults,/mnt/train-ticket-aitest/evomaster/evomaster-config/runtime-logs/classes/ts-contacts-service/user/EvoMaster_ts_contacts_service_user_faults/compile.log,/mnt/train-ticket-aitest/evomaster/evomaster-config/runtime-logs/classes/ts-contacts-service/user/EvoMaster_ts_contacts_service_user_faults/compile_stdout.log,/mnt/train-ticket-aitest/evomaster/evomaster-config/runtime-logs/classes/ts-contacts-service/user/EvoMaster_ts_contacts_service_user_faults/compile_stderr.log,False,True,1,java.lang.AssertionError;test_failure,1,False,8.02,6.74,158.17,"Tests run: 1, Failures: 1, Errors: 0, Skipped: 0",/mnt/train-ticket-aitest/evomaster/evomaster-config/runtime-logs/methods/ts-contacts-service/user/EvoMaster_ts_contacts_service_user_faults/test_0_getOnContactsShowsFaults_100_101,/mnt/train-ticket-aitest/evomaster/evomaster-config/runtime-logs/methods/ts-contacts-service/user/EvoMaster_ts_contacts_service_user_faults/test_0_getOnContactsShowsFaults_100_101/run.log,/mnt/train-ticket-aitest/evomaster/evomaster-config/runtime-logs/methods/ts-contacts-service/user/EvoMaster_ts_contacts_service_user_faults/test_0_getOnContactsShowsFaults_100_101/run_stdout.log,/mnt/train-ticket-aitest/evomaster/evomaster-config/runtime-logs/methods/ts-contacts-service/user/EvoMaster_ts_contacts_service_user_faults/test_0_getOnContactsShowsFaults_100_101/run_stderr.log
ts-contacts-service,user,EvoMaster_ts-contacts-service_user_faults.java,EvoMaster_ts_contacts_service_user_faults,test_1_getOnContactsReturnsMismatchResponseWithSchema,False,1,200,/api/v1/contactservice/contacts,GET,200,.statusCode(200) .assertThat(),20,".get(baseUrlOfSut + ""/api/v1/contactservice/contacts"")",,".header(""Authorization"", ""Bearer eyJhbGciOiJIUzI1NiJ9.eyJzdWIiOiJmZHNlX21pY3Jvc2VydmljZSIsInJvbGVzIjpbIlJPTEVfVVNFUiJdLCJpZCI6IjRkMmE0NmM3LTcxY2ItNGNmMS1iNWJiLWI2ODQwNmQ5ZGE2ZiIsImlhdCI6MTc3ODQyNTUzOSwiZXhwIjoxNzc4NDI5MTM5fQ.rEhlW9XbCqYjLljFHLUeYlc4zfJjUAZiCmX8JODiMT0"")",faults,/mnt/train-ticket-aitest/evomaster/evomaster-config/generated-tests/blackbox/ts-contacts-service/user/EvoMaster_ts-contacts-service_user_faults.java,21,6,True,0,,0,0,,100.0,0,0,0,0,0,0,False,,/mnt/train-ticket-aitest/evomaster/evomaster-config/runtime-logs/classes/ts-contacts-service/user/EvoMaster_ts_contacts_service_user_faults,/mnt/train-ticket-aitest/evomaster/evomaster-config/runtime-logs/classes/ts-contacts-service/user/EvoMaster_ts_contacts_service_user_faults/compile.log,/mnt/train-ticket-aitest/evomaster/evomaster-config/runtime-logs/classes/ts-contacts-service/user/EvoMaster_ts_contacts_service_user_faults/compile_stdout.log,/mnt/train-ticket-aitest/evomaster/evomaster-config/runtime-logs/classes/ts-contacts-service/user/EvoMaster_ts_contacts_service_user_faults/compile_stderr.log,False,True,1,java.lang.AssertionError;test_failure,1,False,10.16,6.89,159.09,"Tests run: 1, Failures: 1, Errors: 0, Skipped: 0",/mnt/train-ticket-aitest/evomaster/evomaster-config/runtime-logs/methods/ts-contacts-service/user/EvoMaster_ts_contacts_service_user_faults/test_1_getOnContactsReturnsMismatchResponseWithSchema,/mnt/train-ticket-aitest/evomaster/evomaster-config/runtime-logs/methods/ts-contacts-service/user/EvoMaster_ts_contacts_service_user_faults/test_1_getOnContactsReturnsMismatchResponseWithSchema/run.log,/mnt/train-ticket-aitest/evomaster/evomaster-config/runtime-logs/methods/ts-contacts-service/user/EvoMaster_ts_contacts_service_user_faults/test_1_getOnContactsReturnsMismatchResponseWithSchema/run_stdout.log,/mnt/train-ticket-aitest/evomaster/evomaster-config/runtime-logs/methods/ts-contacts-service/user/EvoMaster_ts_contacts_service_user_faults/test_1_getOnContactsReturnsMismatchResponseWithSchema/run_stderr.log
ts-contacts-service,user,EvoMaster_ts-contacts-service_user_faults.java,EvoMaster_ts_contacts_service_user_faults,test_2_deleteOnContactShowsFaults_100_101,False,1,500,/api/v1/contactservice/contacts/{contactsId},DELETE,500,.statusCode(500) .assertThat(),6,".delete(baseUrlOfSut + ""/api/v1/contactservice/contacts/aR9J5zQqEql"")",,".header(""Authorization"", ""Bearer eyJhbGciOiJIUzI1NiJ9.eyJzdWIiOiJmZHNlX21pY3Jvc2VydmljZSIsInJvbGVzIjpbIlJPTEVfVVNFUiJdLCJpZCI6IjRkMmE0NmM3LTcxY2ItNGNmMS1iNWJiLWI2ODQwNmQ5ZGE2ZiIsImlhdCI6MTc3ODQyNTUzOSwiZXhwIjoxNzc4NDI5MTM5fQ.rEhlW9XbCqYjLljFHLUeYlc4zfJjUAZiCmX8JODiMT0"")",faults,/mnt/train-ticket-aitest/evomaster/evomaster-config/generated-tests/blackbox/ts-contacts-service/user/EvoMaster_ts-contacts-service_user_faults.java,21,6,True,0,,0,0,,100.0,0,0,0,0,0,0,False,,/mnt/train-ticket-aitest/evomaster/evomaster-config/runtime-logs/classes/ts-contacts-service/user/EvoMaster_ts_contacts_service_user_faults,/mnt/train-ticket-aitest/evomaster/evomaster-config/runtime-logs/classes/ts-contacts-service/user/EvoMaster_ts_contacts_service_user_faults/compile.log,/mnt/train-ticket-aitest/evomaster/evomaster-config/runtime-logs/classes/ts-contacts-service/user/EvoMaster_ts_contacts_service_user_faults/compile_stdout.log,/mnt/train-ticket-aitest/evomaster/evomaster-config/runtime-logs/classes/ts-contacts-service/user/EvoMaster_ts_contacts_service_user_faults/compile_stderr.log,False,True,1,java.lang.AssertionError;test_failure,1,False,8.53,6.83,160.27,"Tests run: 1, Failures: 1, Errors: 0, Skipped: 0",/mnt/train-ticket-aitest/evomaster/evomaster-config/runtime-logs/methods/ts-contacts-service/user/EvoMaster_ts_contacts_service_user_faults/test_2_deleteOnContactShowsFaults_100_101,/mnt/train-ticket-aitest/evomaster/evomaster-config/runtime-logs/methods/ts-contacts-service/user/EvoMaster_ts_contacts_service_user_faults/test_2_deleteOnContactShowsFaults_100_101/run.log,/mnt/train-ticket-aitest/evomaster/evomaster-config/runtime-logs/methods/ts-contacts-service/user/EvoMaster_ts_contacts_service_user_faults/test_2_deleteOnContactShowsFaults_100_101/run_stdout.log,/mnt/train-ticket-aitest/evomaster/evomaster-config/runtime-logs/methods/ts-contacts-service/user/EvoMaster_ts_contacts_service_user_faults/test_2_deleteOnContactShowsFaults_100_101/run_stderr.log
ts-inside-payment-service,admin,EvoMaster_ts-inside-payment-service_admin_faults.java,EvoMaster_ts_inside_payment_service_admin_faults,test_0_postOnAccountShowsFaults_100_101,False,1,500,/api/v1/inside_pay_service/inside_payment/account,POST,500,.statusCode(500) .assertThat(),6,".post(baseUrlOfSut + ""/api/v1/inside_pay_service/inside_payment/account"")",".body("" {} "")",,faults,/mnt/train-ticket-aitest/evomaster/evomaster-config/generated-tests/blackbox/ts-inside-payment-service/admin/EvoMaster_ts-inside-payment-service_admin_faults.java,21,6,True,0,,0,0,,100.0,0,0,0,0,0,0,False,,/mnt/train-ticket-aitest/evomaster/evomaster-config/runtime-logs/classes/ts-inside-payment-service/admin/EvoMaster_ts_inside_payment_service_admin_faults,/mnt/train-ticket-aitest/evomaster/evomaster-config/runtime-logs/classes/ts-inside-payment-service/admin/EvoMaster_ts_inside_payment_service_admin_faults/compile.log,/mnt/train-ticket-aitest/evomaster/evomaster-config/runtime-logs/classes/ts-inside-payment-service/admin/EvoMaster_ts_inside_payment_service_admin_faults/compile_stdout.log,/mnt/train-ticket-aitest/evomaster/evomaster-config/runtime-logs/classes/ts-inside-payment-service/admin/EvoMaster_ts_inside_payment_service_admin_faults/compile_stderr.log,False,True,1,java.lang.AssertionError;test_failure,1,False,8.05,6.87,156.49,"Tests run: 1, Failures: 1, Errors: 0, Skipped: 0",/mnt/train-ticket-aitest/evomaster/evomaster-config/runtime-logs/methods/ts-inside-payment-service/admin/EvoMaster_ts_inside_payment_service_admin_faults/test_0_postOnAccountShowsFaults_100_101,/mnt/train-ticket-aitest/evomaster/evomaster-config/runtime-logs/methods/ts-inside-payment-service/admin/EvoMaster_ts_inside_payment_service_admin_faults/test_0_postOnAccountShowsFaults_100_101/run.log,/mnt/train-ticket-aitest/evomaster/evomaster-config/runtime-logs/methods/ts-inside-payment-service/admin/EvoMaster_ts_inside_payment_service_admin_faults/test_0_postOnAccountShowsFaults_100_101/run_stdout.log,/mnt/train-ticket-aitest/evomaster/evomaster-config/runtime-logs/methods/ts-inside-payment-service/admin/EvoMaster_ts_inside_payment_service_admin_faults/test_0_postOnAccountShowsFaults_100_101/run_stderr.log
ts-inside-payment-service,none,EvoMaster_ts-inside-payment-service_none_faults.java,EvoMaster_ts_inside_payment_service_none_faults,test_0_postOnAccountShowsFaults_100_101,False,1,500,/api/v1/inside_pay_service/inside_payment/account,POST,500,.statusCode(500) .assertThat(),6,".post(baseUrlOfSut + ""/api/v1/inside_pay_service/inside_payment/account"")",".body("" {} "")",,faults,/mnt/train-ticket-aitest/evomaster/evomaster-config/generated-tests/blackbox/ts-inside-payment-service/none/EvoMaster_ts-inside-payment-service_none_faults.java,21,6,True,0,,0,0,,100.0,0,0,0,0,0,0,False,,/mnt/train-ticket-aitest/evomaster/evomaster-config/runtime-logs/classes/ts-inside-payment-service/none/EvoMaster_ts_inside_payment_service_none_faults,/mnt/train-ticket-aitest/evomaster/evomaster-config/runtime-logs/classes/ts-inside-payment-service/none/EvoMaster_ts_inside_payment_service_none_faults/compile.log,/mnt/train-ticket-aitest/evomaster/evomaster-config/runtime-logs/classes/ts-inside-payment-service/none/EvoMaster_ts_inside_payment_service_none_faults/compile_stdout.log,/mnt/train-ticket-aitest/evomaster/evomaster-config/runtime-logs/classes/ts-inside-payment-service/none/EvoMaster_ts_inside_payment_service_none_faults/compile_stderr.log,False,True,1,java.lang.AssertionError;test_failure,1,False,8.53,6.85,157.96,"Tests run: 1, Failures: 1, Errors: 0, Skipped: 0",/mnt/train-ticket-aitest/evomaster/evomaster-config/runtime-logs/methods/ts-inside-payment-service/none/EvoMaster_ts_inside_payment_service_none_faults/test_0_postOnAccountShowsFaults_100_101,/mnt/train-ticket-aitest/evomaster/evomaster-config/runtime-logs/methods/ts-inside-payment-service/none/EvoMaster_ts_inside_payment_service_none_faults/test_0_postOnAccountShowsFaults_100_101/run.log,/mnt/train-ticket-aitest/evomaster/evomaster-config/runtime-logs/methods/ts-inside-payment-service/none/EvoMaster_ts_inside_payment_service_none_faults/test_0_postOnAccountShowsFaults_100_101/run_stdout.log,/mnt/train-ticket-aitest/evomaster/evomaster-config/runtime-logs/methods/ts-inside-payment-service/none/EvoMaster_ts_inside_payment_service_none_faults/test_0_postOnAccountShowsFaults_100_101/run_stderr.log
ts-inside-payment-service,none,EvoMaster_ts-inside-payment-service_none_faults.java,EvoMaster_ts_inside_payment_service_none_faults,test_1_postOnAccountReturnsMismatchResponseWithSchema,False,1,403,/api/v1/inside_pay_service/inside_payment/account,POST,403,.statusCode(403) .assertThat(),2,".post(baseUrlOfSut + ""/api/v1/inside_pay_service/inside_payment/account"")",".body("" { "" + 
                    "" \""money\"": \""wy\"" "" + 
                    "" } "")",,faults,/mnt/train-ticket-aitest/evomaster/evomaster-config/generated-tests/blackbox/ts-inside-payment-service/none/EvoMaster_ts-inside-payment-service_none_faults.java,21,6,True,0,,0,0,,100.0,0,0,0,0,0,0,False,,/mnt/train-ticket-aitest/evomaster/evomaster-config/runtime-logs/classes/ts-inside-payment-service/none/EvoMaster_ts_inside_payment_service_none_faults,/mnt/train-ticket-aitest/evomaster/evomaster-config/runtime-logs/classes/ts-inside-payment-service/none/EvoMaster_ts_inside_payment_service_none_faults/compile.log,/mnt/train-ticket-aitest/evomaster/evomaster-config/runtime-logs/classes/ts-inside-payment-service/none/EvoMaster_ts_inside_payment_service_none_faults/compile_stdout.log,/mnt/train-ticket-aitest/evomaster/evomaster-config/runtime-logs/classes/ts-inside-payment-service/none/EvoMaster_ts_inside_payment_service_none_faults/compile_stderr.log,True,True,0,,0,False,8.14,6.47,158.12,Test passed (detected via Surefire XML),/mnt/train-ticket-aitest/evomaster/evomaster-config/runtime-logs/methods/ts-inside-payment-service/none/EvoMaster_ts_inside_payment_service_none_faults/test_1_postOnAccountReturnsMismatchResponseWithSchema,/mnt/train-ticket-aitest/evomaster/evomaster-config/runtime-logs/methods/ts-inside-payment-service/none/EvoMaster_ts_inside_payment_service_none_faults/test_1_postOnAccountReturnsMismatchResponseWithSchema/run.log,/mnt/train-ticket-aitest/evomaster/evomaster-config/runtime-logs/methods/ts-inside-payment-service/none/EvoMaster_ts_inside_payment_service_none_faults/test_1_postOnAccountReturnsMismatchResponseWithSchema/run_stdout.log,/mnt/train-ticket-aitest/evomaster/evomaster-config/runtime-logs/methods/ts-inside-payment-service/none/EvoMaster_ts_inside_payment_service_none_faults/test_1_postOnAccountReturnsMismatchResponseWithSchema/run_stderr.log
ts-inside-payment-service,user,EvoMaster_ts-inside-payment-service_user_faults.java,EvoMaster_ts_inside_payment_service_user_faults,test_0_postOnAccountShowsFaults_100_101,False,1,500,/api/v1/inside_pay_service/inside_payment/account,POST,500,.statusCode(500) .assertThat(),6,".post(baseUrlOfSut + ""/api/v1/inside_pay_service/inside_payment/account"")",".body("" { "" + 
                    "" \""userId\"": \""nwSzm9WNbEAoBc\"" "" + 
                    "" } "")",".header(""Authorization"", ""Bearer eyJhbGciOiJIUzI1NiJ9.eyJzdWIiOiJmZHNlX21pY3Jvc2VydmljZSIsInJvbGVzIjpbIlJPTEVfVVNFUiJdLCJpZCI6IjRkMmE0NmM3LTcxY2ItNGNmMS1iNWJiLWI2ODQwNmQ5ZGE2ZiIsImlhdCI6MTc3ODQyNTUzOSwiZXhwIjoxNzc4NDI5MTM5fQ.rEhlW9XbCqYjLljFHLUeYlc4zfJjUAZiCmX8JODiMT0"")",faults,/mnt/train-ticket-aitest/evomaster/evomaster-config/generated-tests/blackbox/ts-inside-payment-service/user/EvoMaster_ts-inside-payment-service_user_faults.java,21,6,True,0,,0,0,,100.0,0,0,0,0,0,0,False,,/mnt/train-ticket-aitest/evomaster/evomaster-config/runtime-logs/classes/ts-inside-payment-service/user/EvoMaster_ts_inside_payment_service_user_faults,/mnt/train-ticket-aitest/evomaster/evomaster-config/runtime-logs/classes/ts-inside-payment-service/user/EvoMaster_ts_inside_payment_service_user_faults/compile.log,/mnt/train-ticket-aitest/evomaster/evomaster-config/runtime-logs/classes/ts-inside-payment-service/user/EvoMaster_ts_inside_payment_service_user_faults/compile_stdout.log,/mnt/train-ticket-aitest/evomaster/evomaster-config/runtime-logs/classes/ts-inside-payment-service/user/EvoMaster_ts_inside_payment_service_user_faults/compile_stderr.log,False,True,1,java.lang.AssertionError;test_failure,1,False,8.53,6.82,159.2,"Tests run: 1, Failures: 1, Errors: 0, Skipped: 0",/mnt/train-ticket-aitest/evomaster/evomaster-config/runtime-logs/methods/ts-inside-payment-service/user/EvoMaster_ts_inside_payment_service_user_faults/test_0_postOnAccountShowsFaults_100_101,/mnt/train-ticket-aitest/evomaster/evomaster-config/runtime-logs/methods/ts-inside-payment-service/user/EvoMaster_ts_inside_payment_service_user_faults/test_0_postOnAccountShowsFaults_100_101/run.log,/mnt/train-ticket-aitest/evomaster/evomaster-config/runtime-logs/methods/ts-inside-payment-service/user/EvoMaster_ts_inside_payment_service_user_faults/test_0_postOnAccountShowsFaults_100_101/run_stdout.log,/mnt/train-ticket-aitest/evomaster/evomaster-config/runtime-logs/methods/ts-inside-payment-service/user/EvoMaster_ts_inside_payment_service_user_faults/test_0_postOnAccountShowsFaults_100_101/run_stderr.log
ts-inside-payment-service,user,EvoMaster_ts-inside-payment-service_user_faults.java,EvoMaster_ts_inside_payment_service_user_faults,test_1_postOnAccountReturnsMismatchResponseWithSchema,False,1,200,/api/v1/inside_pay_service/inside_payment/account,POST,200,.statusCode(200) .assertThat(),5,".post(baseUrlOfSut + ""/api/v1/inside_pay_service/inside_payment/account"")",".body("" { "" + 
                    "" \""userId\"": \""\"", "" + 
                    "" \""money\"": \""RP3\"" "" + 
                    "" } "")",".header(""Authorization"", ""Bearer eyJhbGciOiJIUzI1NiJ9.eyJzdWIiOiJmZHNlX21pY3Jvc2VydmljZSIsInJvbGVzIjpbIlJPTEVfVVNFUiJdLCJpZCI6IjRkMmE0NmM3LTcxY2ItNGNmMS1iNWJiLWI2ODQwNmQ5ZGE2ZiIsImlhdCI6MTc3ODQyNTUzOSwiZXhwIjoxNzc4NDI5MTM5fQ.rEhlW9XbCqYjLljFHLUeYlc4zfJjUAZiCmX8JODiMT0"")",faults,/mnt/train-ticket-aitest/evomaster/evomaster-config/generated-tests/blackbox/ts-inside-payment-service/user/EvoMaster_ts-inside-payment-service_user_faults.java,21,6,True,0,,0,0,,100.0,0,0,0,0,0,0,False,,/mnt/train-ticket-aitest/evomaster/evomaster-config/runtime-logs/classes/ts-inside-payment-service/user/EvoMaster_ts_inside_payment_service_user_faults,/mnt/train-ticket-aitest/evomaster/evomaster-config/runtime-logs/classes/ts-inside-payment-service/user/EvoMaster_ts_inside_payment_service_user_faults/compile.log,/mnt/train-ticket-aitest/evomaster/evomaster-config/runtime-logs/classes/ts-inside-payment-service/user/EvoMaster_ts_inside_payment_service_user_faults/compile_stdout.log,/mnt/train-ticket-aitest/evomaster/evomaster-config/runtime-logs/classes/ts-inside-payment-service/user/EvoMaster_ts_inside_payment_service_user_faults/compile_stderr.log,False,True,1,java.lang.AssertionError;test_failure,1,False,9.07,6.79,161.69,"Tests run: 1, Failures: 1, Errors: 0, Skipped: 0",/mnt/train-ticket-aitest/evomaster/evomaster-config/runtime-logs/methods/ts-inside-payment-service/user/EvoMaster_ts_inside_payment_service_user_faults/test_1_postOnAccountReturnsMismatchResponseWithSchema,/mnt/train-ticket-aitest/evomaster/evomaster-config/runtime-logs/methods/ts-inside-payment-service/user/EvoMaster_ts_inside_payment_service_user_faults/test_1_postOnAccountReturnsMismatchResponseWithSchema/run.log,/mnt/train-ticket-aitest/evomaster/evomaster-config/runtime-logs/methods/ts-inside-payment-service/user/EvoMaster_ts_inside_payment_service_user_faults/test_1_postOnAccountReturnsMismatchResponseWithSchema/run_stdout.log,/mnt/train-ticket-aitest/evomaster/evomaster-config/runtime-logs/methods/ts-inside-payment-service/user/EvoMaster_ts_inside_payment_service_user_faults/test_1_postOnAccountReturnsMismatchResponseWithSchema/run_stderr.log
ts-order-service,admin,EvoMaster_ts-order-service_admin_faults.java,EvoMaster_ts_order_service_admin_faults,test_0_putOnOrderShowsFaults_100_101,False,1,500,/api/v1/orderservice/order,PUT,500,.statusCode(500) .assertThat(),6,".put(baseUrlOfSut + ""/api/v1/orderservice/order"")",".body("" { "" + 
                    "" \""id\"": \""CNL\"", "" + 
                    "" \""boughtDate\"": \""1970-12-25\"", "" + 
                    "" \""travelDate\"": \""2005-10-19\"", "" + 
                    "" \""accountId\"": \""5U\"", "" + 
                    "" \""documentType\"": 416, "" + 
                    "" \""seatClass\"": 13, "" + 
                    "" \""status\"": -690456007 "" + 
                    "" } "")",".header(""Authorization"", ""Bearer eyJhbGciOiJIUzI1NiJ9.eyJzdWIiOiJhZG1pbiIsInJvbGVzIjpbIlJPTEVfQURNSU4iXSwiaWQiOiI2ZGNiOGUyZC05ZTE0LTRlZWMtYTJiYy0xZDljZDk0ZWQ1MzMiLCJpYXQiOjE3Nzg0MjU1MzksImV4cCI6MTc3ODQyOTEzOX0.qB1ogDpTOmUcDYha_7ee5yv5p2gr7VBfko2YHDOagpE"")",faults,/mnt/train-ticket-aitest/evomaster/evomaster-config/generated-tests/blackbox/ts-order-service/admin/EvoMaster_ts-order-service_admin_faults.java,21,6,True,0,,0,0,,100.0,0,0,0,0,0,0,False,,/mnt/train-ticket-aitest/evomaster/evomaster-config/runtime-logs/classes/ts-order-service/admin/EvoMaster_ts_order_service_admin_faults,/mnt/train-ticket-aitest/evomaster/evomaster-config/runtime-logs/classes/ts-order-service/admin/EvoMaster_ts_order_service_admin_faults/compile.log,/mnt/train-ticket-aitest/evomaster/evomaster-config/runtime-logs/classes/ts-order-service/admin/EvoMaster_ts_order_service_admin_faults/compile_stdout.log,/mnt/train-ticket-aitest/evomaster/evomaster-config/runtime-logs/classes/ts-order-service/admin/EvoMaster_ts_order_service_admin_faults/compile_stderr.log,False,True,1,java.lang.AssertionError;test_failure,1,False,8.52,6.67,156.16,"Tests run: 1, Failures: 1, Errors: 0, Skipped: 0",/mnt/train-ticket-aitest/evomaster/evomaster-config/runtime-logs/methods/ts-order-service/admin/EvoMaster_ts_order_service_admin_faults/test_0_putOnOrderShowsFaults_100_101,/mnt/train-ticket-aitest/evomaster/evomaster-config/runtime-logs/methods/ts-order-service/admin/EvoMaster_ts_order_service_admin_faults/test_0_putOnOrderShowsFaults_100_101/run.log,/mnt/train-ticket-aitest/evomaster/evomaster-config/runtime-logs/methods/ts-order-service/admin/EvoMaster_ts_order_service_admin_faults/test_0_putOnOrderShowsFaults_100_101/run_stdout.log,/mnt/train-ticket-aitest/evomaster/evomaster-config/runtime-logs/methods/ts-order-service/admin/EvoMaster_ts_order_service_admin_faults/test_0_putOnOrderShowsFaults_100_101/run_stderr.log
ts-order-service,admin,EvoMaster_ts-order-service_admin_faults.java,EvoMaster_ts_order_service_admin_faults,test_1_putOnOrderReturnsMismatchResponseWithSchema,False,1,403,/api/v1/orderservice/order,PUT,403,.statusCode(403) .assertThat(),2,".put(baseUrlOfSut + ""/api/v1/orderservice/order"")",".body("" { "" + 
                    "" \""boughtDate\"": \""1972-04-07\"", "" + 
                    "" \""documentType\"": 722, "" + 
                    "" \""contactsDocumentNumber\"": \""b\"", "" + 
                    "" \""seatClass\"": 42, "" + 
                    "" \""from\"": \""enXkEQss81Ug0b\"", "" + 
                    "" \""status\"": -1600736589, "" + 
                    "" \""price\"": 0.036525375368452684 "" + 
                    "" } "")",".header(""Authorization"", ""Bearer eyJhbGciOiJIUzI1NiJ9.eyJzdWIiOiJhZG1pbiIsInJvbGVzIjpbIlJPTEVfQURNSU4iXSwiaWQiOiI2ZGNiOGUyZC05ZTE0LTRlZWMtYTJiYy0xZDljZDk0ZWQ1MzMiLCJpYXQiOjE3Nzg0MjU1MzksImV4cCI6MTc3ODQyOTEzOX0.qB1ogDpTOmUcDYha_7ee5yv5p2gr7VBfko2YHDOagpE"")",faults,/mnt/train-ticket-aitest/evomaster/evomaster-config/generated-tests/blackbox/ts-order-service/admin/EvoMaster_ts-order-service_admin_faults.java,21,6,True,0,,0,0,,100.0,0,0,0,0,0,0,False,,/mnt/train-ticket-aitest/evomaster/evomaster-config/runtime-logs/classes/ts-order-service/admin/EvoMaster_ts_order_service_admin_faults,/mnt/train-ticket-aitest/evomaster/evomaster-config/runtime-logs/classes/ts-order-service/admin/EvoMaster_ts_order_service_admin_faults/compile.log,/mnt/train-ticket-aitest/evomaster/evomaster-config/runtime-logs/classes/ts-order-service/admin/EvoMaster_ts_order_service_admin_faults/compile_stdout.log,/mnt/train-ticket-aitest/evomaster/evomaster-config/runtime-logs/classes/ts-order-service/admin/EvoMaster_ts_order_service_admin_faults/compile_stderr.log,True,True,0,,0,False,8.57,7.02,160.27,Test passed (detected via Surefire XML),/mnt/train-ticket-aitest/evomaster/evomaster-config/runtime-logs/methods/ts-order-service/admin/EvoMaster_ts_order_service_admin_faults/test_1_putOnOrderReturnsMismatchResponseWithSchema,/mnt/train-ticket-aitest/evomaster/evomaster-config/runtime-logs/methods/ts-order-service/admin/EvoMaster_ts_order_service_admin_faults/test_1_putOnOrderReturnsMismatchResponseWithSchema/run.log,/mnt/train-ticket-aitest/evomaster/evomaster-config/runtime-logs/methods/ts-order-service/admin/EvoMaster_ts_order_service_admin_faults/test_1_putOnOrderReturnsMismatchResponseWithSchema/run_stdout.log,/mnt/train-ticket-aitest/evomaster/evomaster-config/runtime-logs/methods/ts-order-service/admin/EvoMaster_ts_order_service_admin_faults/test_1_putOnOrderReturnsMismatchResponseWithSchema/run_stderr.log
ts-order-service,none,EvoMaster_ts-order-service_none_faults.java,EvoMaster_ts_order_service_none_faults,test_0_putOnOrderShowsFaults_100_101,False,1,500,/api/v1/orderservice/order,PUT,500,.statusCode(500) .assertThat(),6,".put(baseUrlOfSut + ""/api/v1/orderservice/order"")",".body("" { "" + 
                    "" \""boughtDate\"": \""1936-12-19\"", "" + 
                    "" \""travelDate\"": \""2063-03-04\"", "" + 
                    "" \""travelTime\"": \""2009-06-18T06:09:29-11:12\"", "" + 
                    "" \""documentType\"": 259, "" + 
                    "" \""trainNumber\"": \""jx6ivWYtKqyxx\"", "" + 
                    "" \""coachNumber\"": 170, "" + 
                    "" \""seatClass\"": 555, "" + 
                    "" \""to\"": \""H34VVe8dc2_YKX\"", "" + 
                    "" \""status\"": 270, "" + 
                    "" \""price\"": 0.5923420756730707 "" + 
                    "" } "")",,faults,/mnt/train-ticket-aitest/evomaster/evomaster-config/generated-tests/blackbox/ts-order-service/none/EvoMaster_ts-order-service_none_faults.java,21,6,True,0,,0,0,,100.0,0,0,0,0,0,0,False,,/mnt/train-ticket-aitest/evomaster/evomaster-config/runtime-logs/classes/ts-order-service/none/EvoMaster_ts_order_service_none_faults,/mnt/train-ticket-aitest/evomaster/evomaster-config/runtime-logs/classes/ts-order-service/none/EvoMaster_ts_order_service_none_faults/compile.log,/mnt/train-ticket-aitest/evomaster/evomaster-config/runtime-logs/classes/ts-order-service/none/EvoMaster_ts_order_service_none_faults/compile_stdout.log,/mnt/train-ticket-aitest/evomaster/evomaster-config/runtime-logs/classes/ts-order-service/none/EvoMaster_ts_order_service_none_faults/compile_stderr.log,False,True,1,java.lang.AssertionError;test_failure,1,False,8.04,6.59,158.6,"Tests run: 1, Failures: 1, Errors: 0, Skipped: 0",/mnt/train-ticket-aitest/evomaster/evomaster-config/runtime-logs/methods/ts-order-service/none/EvoMaster_ts_order_service_none_faults/test_0_putOnOrderShowsFaults_100_101,/mnt/train-ticket-aitest/evomaster/evomaster-config/runtime-logs/methods/ts-order-service/none/EvoMaster_ts_order_service_none_faults/test_0_putOnOrderShowsFaults_100_101/run.log,/mnt/train-ticket-aitest/evomaster/evomaster-config/runtime-logs/methods/ts-order-service/none/EvoMaster_ts_order_service_none_faults/test_0_putOnOrderShowsFaults_100_101/run_stdout.log,/mnt/train-ticket-aitest/evomaster/evomaster-config/runtime-logs/methods/ts-order-service/none/EvoMaster_ts_order_service_none_faults/test_0_putOnOrderShowsFaults_100_101/run_stderr.log
ts-order-service,user,EvoMaster_ts-order-service_user_faults.java,EvoMaster_ts_order_service_user_faults,test_0_putOnOrderShowsFaults_100_101,False,1,500,/api/v1/orderservice/order,PUT,500,.statusCode(500) .assertThat(),6,".put(baseUrlOfSut + ""/api/v1/orderservice/order"")",".body("" { "" + 
                    "" \""id\"": \""fV7kV196ac\"", "" + 
                    "" \""travelDate\"": \""2084-10-12\"", "" + 
                    "" \""accountId\"": \""0htkwOWoWk6\"", "" + 
                    "" \""contactsName\"": \""Uo70x810t2GUi10a\"", "" + 
                    "" \""documentType\"": 257, "" + 
                    "" \""contactsDocumentNumber\"": \""9Jbq5xInW\"", "" + 
                    "" \""seatClass\"": 284, "" + 
                    "" \""from\"": \""rFqVPot\"", "" + 
                    "" \""to\"": \""hyrs\"", "" + 
                    "" \""status\"": 909 "" + 
                    "" } "")",".header(""Authorization"", ""Bearer eyJhbGciOiJIUzI1NiJ9.eyJzdWIiOiJmZHNlX21pY3Jvc2VydmljZSIsInJvbGVzIjpbIlJPTEVfVVNFUiJdLCJpZCI6IjRkMmE0NmM3LTcxY2ItNGNmMS1iNWJiLWI2ODQwNmQ5ZGE2ZiIsImlhdCI6MTc3ODQyNTUzOSwiZXhwIjoxNzc4NDI5MTM5fQ.rEhlW9XbCqYjLljFHLUeYlc4zfJjUAZiCmX8JODiMT0"")",faults,/mnt/train-ticket-aitest/evomaster/evomaster-config/generated-tests/blackbox/ts-order-service/user/EvoMaster_ts-order-service_user_faults.java,21,6,True,0,,0,0,,100.0,0,0,0,0,0,0,False,,/mnt/train-ticket-aitest/evomaster/evomaster-config/runtime-logs/classes/ts-order-service/user/EvoMaster_ts_order_service_user_faults,/mnt/train-ticket-aitest/evomaster/evomaster-config/runtime-logs/classes/ts-order-service/user/EvoMaster_ts_order_service_user_faults/compile.log,/mnt/train-ticket-aitest/evomaster/evomaster-config/runtime-logs/classes/ts-order-service/user/EvoMaster_ts_order_service_user_faults/compile_stdout.log,/mnt/train-ticket-aitest/evomaster/evomaster-config/runtime-logs/classes/ts-order-service/user/EvoMaster_ts_order_service_user_faults/compile_stderr.log,False,True,1,java.lang.AssertionError;test_failure,1,False,8.52,6.91,163.11,"Tests run: 1, Failures: 1, Errors: 0, Skipped: 0",/mnt/train-ticket-aitest/evomaster/evomaster-config/runtime-logs/methods/ts-order-service/user/EvoMaster_ts_order_service_user_faults/test_0_putOnOrderShowsFaults_100_101,/mnt/train-ticket-aitest/evomaster/evomaster-config/runtime-logs/methods/ts-order-service/user/EvoMaster_ts_order_service_user_faults/test_0_putOnOrderShowsFaults_100_101/run.log,/mnt/train-ticket-aitest/evomaster/evomaster-config/runtime-logs/methods/ts-order-service/user/EvoMaster_ts_order_service_user_faults/test_0_putOnOrderShowsFaults_100_101/run_stdout.log,/mnt/train-ticket-aitest/evomaster/evomaster-config/runtime-logs/methods/ts-order-service/user/EvoMaster_ts_order_service_user_faults/test_0_putOnOrderShowsFaults_100_101/run_stderr.log
ts-order-service,user,EvoMaster_ts-order-service_user_faults.java,EvoMaster_ts_order_service_user_faults,test_1_putOnOrderReturnsMismatchResponseWithSchema,False,1,403,/api/v1/orderservice/order,PUT,403,.statusCode(403) .assertThat(),2,".put(baseUrlOfSut + ""/api/v1/orderservice/order"")",".body("" { "" + 
                    "" \""boughtDate\"": \""2031-13-21\"", "" + 
                    "" \""travelDate\"": \""1972-08-25\"", "" + 
                    "" \""documentType\"": 180, "" + 
                    "" \""trainNumber\"": \""KiT_YoGSlnf\"", "" + 
                    "" \""from\"": \""8s\"", "" + 
                    "" \""to\"": \""Tk\"", "" + 
                    "" \""price\"": 0.3769384977464574 "" + 
                    "" } "")",,faults,/mnt/train-ticket-aitest/evomaster/evomaster-config/generated-tests/blackbox/ts-order-service/user/EvoMaster_ts-order-service_user_faults.java,21,6,True,0,,0,0,,100.0,0,0,0,0,0,0,False,,/mnt/train-ticket-aitest/evomaster/evomaster-config/runtime-logs/classes/ts-order-service/user/EvoMaster_ts_order_service_user_faults,/mnt/train-ticket-aitest/evomaster/evomaster-config/runtime-logs/classes/ts-order-service/user/EvoMaster_ts_order_service_user_faults/compile.log,/mnt/train-ticket-aitest/evomaster/evomaster-config/runtime-logs/classes/ts-order-service/user/EvoMaster_ts_order_service_user_faults/compile_stdout.log,/mnt/train-ticket-aitest/evomaster/evomaster-config/runtime-logs/classes/ts-order-service/user/EvoMaster_ts_order_service_user_faults/compile_stderr.log,True,True,0,,0,False,8.53,6.69,158.1,Test passed (detected via Surefire XML),/mnt/train-ticket-aitest/evomaster/evomaster-config/runtime-logs/methods/ts-order-service/user/EvoMaster_ts_order_service_user_faults/test_1_putOnOrderReturnsMismatchResponseWithSchema,/mnt/train-ticket-aitest/evomaster/evomaster-config/runtime-logs/methods/ts-order-service/user/EvoMaster_ts_order_service_user_faults/test_1_putOnOrderReturnsMismatchResponseWithSchema/run.log,/mnt/train-ticket-aitest/evomaster/evomaster-config/runtime-logs/methods/ts-order-service/user/EvoMaster_ts_order_service_user_faults/test_1_putOnOrderReturnsMismatchResponseWithSchema/run_stdout.log,/mnt/train-ticket-aitest/evomaster/evomaster-config/runtime-logs/methods/ts-order-service/user/EvoMaster_ts_order_service_user_faults/test_1_putOnOrderReturnsMismatchResponseWithSchema/run_stderr.log
ts-preserve-service,admin,EvoMaster_ts-preserve-service_admin_faults.java,EvoMaster_ts_preserve_service_admin_faults,test_0_postOnPreserveShowsFaults_100_101,False,1,500,/api/v1/preserveservice/preserve,POST,500,.statusCode(500) .assertThat(),6,".post(baseUrlOfSut + ""/api/v1/preserveservice/preserve"")",".body("" { "" + 
                    "" \""contactsId\"": \""\"", "" + 
                    "" \""tripId\"": \""5ipfs0X\"", "" + 
                    "" \""seatType\"": 100, "" + 
                    "" \""date\"": \""2045-11-22\"", "" + 
                    "" \""from\"": \""TH2GiGRfiZXAtdo\"", "" + 
                    "" \""assurance\"": 221, "" + 
                    "" \""foodType\"": 114, "" + 
                    "" \""foodName\"": \""GsUIUHTRW\"", "" + 
                    "" \""stationName\"": \""njwCFCjK8EVpnYO6\"", "" + 
                    "" \""storeName\"": \""KRAUvK_Q\"", "" + 
                    "" \""consigneeWeight\"": 0.48050165303037595, "" + 
                    "" \""isWithin\"": true "" + 
                    "" } "")",,faults,/mnt/train-ticket-aitest/evomaster/evomaster-config/generated-tests/blackbox/ts-preserve-service/admin/EvoMaster_ts-preserve-service_admin_faults.java,21,6,True,0,,0,0,,100.0,0,0,0,0,0,0,False,,/mnt/train-ticket-aitest/evomaster/evomaster-config/runtime-logs/classes/ts-preserve-service/admin/EvoMaster_ts_preserve_service_admin_faults,/mnt/train-ticket-aitest/evomaster/evomaster-config/runtime-logs/classes/ts-preserve-service/admin/EvoMaster_ts_preserve_service_admin_faults/compile.log,/mnt/train-ticket-aitest/evomaster/evomaster-config/runtime-logs/classes/ts-preserve-service/admin/EvoMaster_ts_preserve_service_admin_faults/compile_stdout.log,/mnt/train-ticket-aitest/evomaster/evomaster-config/runtime-logs/classes/ts-preserve-service/admin/EvoMaster_ts_preserve_service_admin_faults/compile_stderr.log,False,True,1,java.lang.AssertionError;test_failure,1,False,8.03,6.73,154.97,"Tests run: 1, Failures: 1, Errors: 0, Skipped: 0",/mnt/train-ticket-aitest/evomaster/evomaster-config/runtime-logs/methods/ts-preserve-service/admin/EvoMaster_ts_preserve_service_admin_faults/test_0_postOnPreserveShowsFaults_100_101,/mnt/train-ticket-aitest/evomaster/evomaster-config/runtime-logs/methods/ts-preserve-service/admin/EvoMaster_ts_preserve_service_admin_faults/test_0_postOnPreserveShowsFaults_100_101/run.log,/mnt/train-ticket-aitest/evomaster/evomaster-config/runtime-logs/methods/ts-preserve-service/admin/EvoMaster_ts_preserve_service_admin_faults/test_0_postOnPreserveShowsFaults_100_101/run_stdout.log,/mnt/train-ticket-aitest/evomaster/evomaster-config/runtime-logs/methods/ts-preserve-service/admin/EvoMaster_ts_preserve_service_admin_faults/test_0_postOnPreserveShowsFaults_100_101/run_stderr.log
ts-preserve-service,admin,EvoMaster_ts-preserve-service_admin_faults.java,EvoMaster_ts_preserve_service_admin_faults,test_1_postOnPreserveReturnsMismatchResponseWithSchema,False,1,403,/api/v1/preserveservice/preserve,POST,403,.statusCode(403) .assertThat(),2,".post(baseUrlOfSut + ""/api/v1/preserveservice/preserve"")",".body("" { "" + 
                    "" \""contactsId\"": \""TxWkWjmb\"", "" + 
                    "" \""tripId\"": \""LKY4bP1SUhPJwcb\"", "" + 
                    "" \""date\"": \""1983-05-01\"", "" + 
                    "" \""to\"": \""eHOfUKyPswgyDs\"", "" + 
                    "" \""foodName\"": \""\"", "" + 
                    "" \""foodPrice\"": 0.5491314663546099, "" + 
                    "" \""stationName\"": \""W2Yp8tCr1vGOCM\"", "" + 
                    "" \""handleDate\"": \""aFPOcHU\"", "" + 
                    "" \""consigneePhone\"": \""AcpRiumrY\"", "" + 
                    "" \""consigneeWeight\"": 0.2003597105798336, "" + 
                    "" \""isWithin\"": true "" + 
                    "" } "")",".header(""Authorization"", ""Bearer eyJhbGciOiJIUzI1NiJ9.eyJzdWIiOiJhZG1pbiIsInJvbGVzIjpbIlJPTEVfQURNSU4iXSwiaWQiOiI2ZGNiOGUyZC05ZTE0LTRlZWMtYTJiYy0xZDljZDk0ZWQ1MzMiLCJpYXQiOjE3Nzg0MjU1MzksImV4cCI6MTc3ODQyOTEzOX0.qB1ogDpTOmUcDYha_7ee5yv5p2gr7VBfko2YHDOagpE"")",faults,/mnt/train-ticket-aitest/evomaster/evomaster-config/generated-tests/blackbox/ts-preserve-service/admin/EvoMaster_ts-preserve-service_admin_faults.java,21,6,True,0,,0,0,,100.0,0,0,0,0,0,0,False,,/mnt/train-ticket-aitest/evomaster/evomaster-config/runtime-logs/classes/ts-preserve-service/admin/EvoMaster_ts_preserve_service_admin_faults,/mnt/train-ticket-aitest/evomaster/evomaster-config/runtime-logs/classes/ts-preserve-service/admin/EvoMaster_ts_preserve_service_admin_faults/compile.log,/mnt/train-ticket-aitest/evomaster/evomaster-config/runtime-logs/classes/ts-preserve-service/admin/EvoMaster_ts_preserve_service_admin_faults/compile_stdout.log,/mnt/train-ticket-aitest/evomaster/evomaster-config/runtime-logs/classes/ts-preserve-service/admin/EvoMaster_ts_preserve_service_admin_faults/compile_stderr.log,False,True,1,java.lang.AssertionError;test_failure,1,False,11.19,6.97,155.49,"Tests run: 1, Failures: 1, Errors: 0, Skipped: 0",/mnt/train-ticket-aitest/evomaster/evomaster-config/runtime-logs/methods/ts-preserve-service/admin/EvoMaster_ts_preserve_service_admin_faults/test_1_postOnPreserveReturnsMismatchResponseWithSchema,/mnt/train-ticket-aitest/evomaster/evomaster-config/runtime-logs/methods/ts-preserve-service/admin/EvoMaster_ts_preserve_service_admin_faults/test_1_postOnPreserveReturnsMismatchResponseWithSchema/run.log,/mnt/train-ticket-aitest/evomaster/evomaster-config/runtime-logs/methods/ts-preserve-service/admin/EvoMaster_ts_preserve_service_admin_faults/test_1_postOnPreserveReturnsMismatchResponseWithSchema/run_stdout.log,/mnt/train-ticket-aitest/evomaster/evomaster-config/runtime-logs/methods/ts-preserve-service/admin/EvoMaster_ts_preserve_service_admin_faults/test_1_postOnPreserveReturnsMismatchResponseWithSchema/run_stderr.log
ts-preserve-service,none,EvoMaster_ts-preserve-service_none_faults.java,EvoMaster_ts_preserve_service_none_faults,test_0_postOnPreserveShowsFaults_100_101,False,1,500,/api/v1/preserveservice/preserve,POST,500,.statusCode(500) .assertThat(),6,".post(baseUrlOfSut + ""/api/v1/preserveservice/preserve"")",".body("" { "" + 
                    "" \""accountId\"": \""n4Mc1xAI\"", "" + 
                    "" \""contactsId\"": \""R\"", "" + 
                    "" \""seatType\"": 331, "" + 
                    "" \""date\"": \""1928-01-24\"", "" + 
                    "" \""to\"": \""\"", "" + 
                    "" \""assurance\"": 757, "" + 
                    "" \""foodType\"": 815, "" + 
                    "" \""foodPrice\"": 0.597086544054554, "" + 
                    "" \""handleDate\"": \""kDJ\"", "" + 
                    "" \""consigneeName\"": \""dR6IQHu1k\"", "" + 
                    "" \""consigneeWeight\"": 0.5663583750003013 "" + 
                    "" } "")",,faults,/mnt/train-ticket-aitest/evomaster/evomaster-config/generated-tests/blackbox/ts-preserve-service/none/EvoMaster_ts-preserve-service_none_faults.java,21,6,True,0,,0,0,,100.0,0,0,0,0,0,0,False,,/mnt/train-ticket-aitest/evomaster/evomaster-config/runtime-logs/classes/ts-preserve-service/none/EvoMaster_ts_preserve_service_none_faults,/mnt/train-ticket-aitest/evomaster/evomaster-config/runtime-logs/classes/ts-preserve-service/none/EvoMaster_ts_preserve_service_none_faults/compile.log,/mnt/train-ticket-aitest/evomaster/evomaster-config/runtime-logs/classes/ts-preserve-service/none/EvoMaster_ts_preserve_service_none_faults/compile_stdout.log,/mnt/train-ticket-aitest/evomaster/evomaster-config/runtime-logs/classes/ts-preserve-service/none/EvoMaster_ts_preserve_service_none_faults/compile_stderr.log,False,True,1,java.lang.AssertionError;test_failure,1,False,8.53,6.89,161.4,"Tests run: 1, Failures: 1, Errors: 0, Skipped: 0",/mnt/train-ticket-aitest/evomaster/evomaster-config/runtime-logs/methods/ts-preserve-service/none/EvoMaster_ts_preserve_service_none_faults/test_0_postOnPreserveShowsFaults_100_101,/mnt/train-ticket-aitest/evomaster/evomaster-config/runtime-logs/methods/ts-preserve-service/none/EvoMaster_ts_preserve_service_none_faults/test_0_postOnPreserveShowsFaults_100_101/run.log,/mnt/train-ticket-aitest/evomaster/evomaster-config/runtime-logs/methods/ts-preserve-service/none/EvoMaster_ts_preserve_service_none_faults/test_0_postOnPreserveShowsFaults_100_101/run_stdout.log,/mnt/train-ticket-aitest/evomaster/evomaster-config/runtime-logs/methods/ts-preserve-service/none/EvoMaster_ts_preserve_service_none_faults/test_0_postOnPreserveShowsFaults_100_101/run_stderr.log
ts-preserve-service,none,EvoMaster_ts-preserve-service_none_faults.java,EvoMaster_ts_preserve_service_none_faults,test_1_postOnPreserveReturnsMismatchResponseWithSchema,False,1,403,/api/v1/preserveservice/preserve,POST,403,.statusCode(403) .assertThat(),2,".post(baseUrlOfSut + ""/api/v1/preserveservice/preserve"")",".body("" { "" + 
                    "" \""accountId\"": \""tD\"", "" + 
                    "" \""date\"": \""2034-08-00\"", "" + 
                    "" \""from\"": \""zwTdzsfPFNLyodzz\"", "" + 
                    "" \""to\"": \""xLdDhrvV\"", "" + 
                    "" \""assurance\"": 50, "" + 
                    "" \""foodType\"": 852, "" + 
                    "" \""foodName\"": \""Yj1AP_E\"", "" + 
                    "" \""foodPrice\"": 0.49912593235138947, "" + 
                    "" \""stationName\"": \""Rs_\"", "" + 
                    "" \""handleDate\"": \""9fhAroKS\"", "" + 
                    "" \""consigneeName\"": \""a9HaObi3mXcp\"", "" + 
                    "" \""consigneePhone\"": \""lD6jd\"" "" + 
                    "" } "")",,faults,/mnt/train-ticket-aitest/evomaster/evomaster-config/generated-tests/blackbox/ts-preserve-service/none/EvoMaster_ts-preserve-service_none_faults.java,21,6,True,0,,0,0,,100.0,0,0,0,0,0,0,False,,/mnt/train-ticket-aitest/evomaster/evomaster-config/runtime-logs/classes/ts-preserve-service/none/EvoMaster_ts_preserve_service_none_faults,/mnt/train-ticket-aitest/evomaster/evomaster-config/runtime-logs/classes/ts-preserve-service/none/EvoMaster_ts_preserve_service_none_faults/compile.log,/mnt/train-ticket-aitest/evomaster/evomaster-config/runtime-logs/classes/ts-preserve-service/none/EvoMaster_ts_preserve_service_none_faults/compile_stdout.log,/mnt/train-ticket-aitest/evomaster/evomaster-config/runtime-logs/classes/ts-preserve-service/none/EvoMaster_ts_preserve_service_none_faults/compile_stderr.log,True,True,0,,0,False,8.02,6.79,163.14,Test passed (detected via Surefire XML),/mnt/train-ticket-aitest/evomaster/evomaster-config/runtime-logs/methods/ts-preserve-service/none/EvoMaster_ts_preserve_service_none_faults/test_1_postOnPreserveReturnsMismatchResponseWithSchema,/mnt/train-ticket-aitest/evomaster/evomaster-config/runtime-logs/methods/ts-preserve-service/none/EvoMaster_ts_preserve_service_none_faults/test_1_postOnPreserveReturnsMismatchResponseWithSchema/run.log,/mnt/train-ticket-aitest/evomaster/evomaster-config/runtime-logs/methods/ts-preserve-service/none/EvoMaster_ts_preserve_service_none_faults/test_1_postOnPreserveReturnsMismatchResponseWithSchema/run_stdout.log,/mnt/train-ticket-aitest/evomaster/evomaster-config/runtime-logs/methods/ts-preserve-service/none/EvoMaster_ts_preserve_service_none_faults/test_1_postOnPreserveReturnsMismatchResponseWithSchema/run_stderr.log
ts-preserve-service,user,EvoMaster_ts-preserve-service_user_faults.java,EvoMaster_ts_preserve_service_user_faults,test_0_postOnPreserveShowsFaults_100_101,False,1,500,/api/v1/preserveservice/preserve,POST,500,.statusCode(500) .assertThat(),6,".post(baseUrlOfSut + ""/api/v1/preserveservice/preserve"")",".body("" { "" + 
                    "" \""tripId\"": \""t7nM82M20Jl\"", "" + 
                    "" \""seatType\"": 618, "" + 
                    "" \""date\"": \""1982-03-14\"", "" + 
                    "" \""foodName\"": \""qjawmbQqCoFp__jQ\"", "" + 
                    "" \""foodPrice\"": 0.9052116779851961, "" + 
                    "" \""consigneePhone\"": \""WJOXU7Fg05Q\"", "" + 
                    "" \""consigneeWeight\"": 0.06319638538585337 "" + 
                    "" } "")",".header(""Authorization"", ""Bearer eyJhbGciOiJIUzI1NiJ9.eyJzdWIiOiJmZHNlX21pY3Jvc2VydmljZSIsInJvbGVzIjpbIlJPTEVfVVNFUiJdLCJpZCI6IjRkMmE0NmM3LTcxY2ItNGNmMS1iNWJiLWI2ODQwNmQ5ZGE2ZiIsImlhdCI6MTc3ODQyNTUzOSwiZXhwIjoxNzc4NDI5MTM5fQ.rEhlW9XbCqYjLljFHLUeYlc4zfJjUAZiCmX8JODiMT0"")",faults,/mnt/train-ticket-aitest/evomaster/evomaster-config/generated-tests/blackbox/ts-preserve-service/user/EvoMaster_ts-preserve-service_user_faults.java,21,6,True,0,,0,0,,100.0,0,0,0,0,0,0,False,,/mnt/train-ticket-aitest/evomaster/evomaster-config/runtime-logs/classes/ts-preserve-service/user/EvoMaster_ts_preserve_service_user_faults,/mnt/train-ticket-aitest/evomaster/evomaster-config/runtime-logs/classes/ts-preserve-service/user/EvoMaster_ts_preserve_service_user_faults/compile.log,/mnt/train-ticket-aitest/evomaster/evomaster-config/runtime-logs/classes/ts-preserve-service/user/EvoMaster_ts_preserve_service_user_faults/compile_stdout.log,/mnt/train-ticket-aitest/evomaster/evomaster-config/runtime-logs/classes/ts-preserve-service/user/EvoMaster_ts_preserve_service_user_faults/compile_stderr.log,False,True,1,java.lang.AssertionError;test_failure,1,False,8.52,6.95,161.89,"Tests run: 1, Failures: 1, Errors: 0, Skipped: 0",/mnt/train-ticket-aitest/evomaster/evomaster-config/runtime-logs/methods/ts-preserve-service/user/EvoMaster_ts_preserve_service_user_faults/test_0_postOnPreserveShowsFaults_100_101,/mnt/train-ticket-aitest/evomaster/evomaster-config/runtime-logs/methods/ts-preserve-service/user/EvoMaster_ts_preserve_service_user_faults/test_0_postOnPreserveShowsFaults_100_101/run.log,/mnt/train-ticket-aitest/evomaster/evomaster-config/runtime-logs/methods/ts-preserve-service/user/EvoMaster_ts_preserve_service_user_faults/test_0_postOnPreserveShowsFaults_100_101/run_stdout.log,/mnt/train-ticket-aitest/evomaster/evomaster-config/runtime-logs/methods/ts-preserve-service/user/EvoMaster_ts_preserve_service_user_faults/test_0_postOnPreserveShowsFaults_100_101/run_stderr.log
ts-preserve-service,user,EvoMaster_ts-preserve-service_user_faults.java,EvoMaster_ts_preserve_service_user_faults,test_1_postOnPreserveReturnsMismatchResponseWithSchema,False,1,403,/api/v1/preserveservice/preserve,POST,403,.statusCode(403) .assertThat(),2,".post(baseUrlOfSut + ""/api/v1/preserveservice/preserve"")",".body("" { "" + 
                    "" \""contactsId\"": \""\"", "" + 
                    "" \""tripId\"": \""sz7i3\"", "" + 
                    "" \""seatType\"": 324177842, "" + 
                    "" \""from\"": \""O_dEAPIBkNBO3sJ\"", "" + 
                    "" \""to\"": \""4hRfBu8YKqGvmmp\"", "" + 
                    "" \""assurance\"": 11, "" + 
                    "" \""stationName\"": \""\"", "" + 
                    "" \""handleDate\"": \""rtZ\"", "" + 
                    "" \""consigneePhone\"": \""9wE\"" "" + 
                    "" } "")",".header(""Authorization"", ""Bearer eyJhbGciOiJIUzI1NiJ9.eyJzdWIiOiJmZHNlX21pY3Jvc2VydmljZSIsInJvbGVzIjpbIlJPTEVfVVNFUiJdLCJpZCI6IjRkMmE0NmM3LTcxY2ItNGNmMS1iNWJiLWI2ODQwNmQ5ZGE2ZiIsImlhdCI6MTc3ODQyNTUzOSwiZXhwIjoxNzc4NDI5MTM5fQ.rEhlW9XbCqYjLljFHLUeYlc4zfJjUAZiCmX8JODiMT0"")",faults,/mnt/train-ticket-aitest/evomaster/evomaster-config/generated-tests/blackbox/ts-preserve-service/user/EvoMaster_ts-preserve-service_user_faults.java,21,6,True,0,,0,0,,100.0,0,0,0,0,0,0,False,,/mnt/train-ticket-aitest/evomaster/evomaster-config/runtime-logs/classes/ts-preserve-service/user/EvoMaster_ts_preserve_service_user_faults,/mnt/train-ticket-aitest/evomaster/evomaster-config/runtime-logs/classes/ts-preserve-service/user/EvoMaster_ts_preserve_service_user_faults/compile.log,/mnt/train-ticket-aitest/evomaster/evomaster-config/runtime-logs/classes/ts-preserve-service/user/EvoMaster_ts_preserve_service_user_faults/compile_stdout.log,/mnt/train-ticket-aitest/evomaster/evomaster-config/runtime-logs/classes/ts-preserve-service/user/EvoMaster_ts_preserve_service_user_faults/compile_stderr.log,True,True,0,,0,False,8.53,7.14,169.34,Test passed (detected via Surefire XML),/mnt/train-ticket-aitest/evomaster/evomaster-config/runtime-logs/methods/ts-preserve-service/user/EvoMaster_ts_preserve_service_user_faults/test_1_postOnPreserveReturnsMismatchResponseWithSchema,/mnt/train-ticket-aitest/evomaster/evomaster-config/runtime-logs/methods/ts-preserve-service/user/EvoMaster_ts_preserve_service_user_faults/test_1_postOnPreserveReturnsMismatchResponseWithSchema/run.log,/mnt/train-ticket-aitest/evomaster/evomaster-config/runtime-logs/methods/ts-preserve-service/user/EvoMaster_ts_preserve_service_user_faults/test_1_postOnPreserveReturnsMismatchResponseWithSchema/run_stdout.log,/mnt/train-ticket-aitest/evomaster/evomaster-config/runtime-logs/methods/ts-preserve-service/user/EvoMaster_ts_preserve_service_user_faults/test_1_postOnPreserveReturnsMismatchResponseWithSchema/run_stderr.log
