service,profile,file,class,test_method,is_complex_method,call_index,call_expected_status_code,endpoint,http,asserted_code,asserts_the_expected_HTTP_status_codes?,assert_count,missing_url_parameter_values,missing_request_body,credentials_header,file_type,file_path,imports_count,wildcard_imports,compiled,compile_error_count,compile_error_types,missing_imports,incorrect_imports,unused_imports,dependency_availability_pct,syntax_errors,type_errors,undefined_variables,type_annotation_errors,generic_type_misuses,compile_exit_code,compile_timeout,compile_error_summary,class_log_dir,compile_log_path,compile_stdout_log_path,compile_stderr_log_path,runs,run_detected,runtime_error_count,runtime_error_types,run_exit_code,run_timeout,execution_seconds,cpu_seconds,peak_working_set_mb,run_error_summary,method_log_dir,run_log_path,run_stdout_log_path,run_stderr_log_path
ts-admin-basic-service,admin,EvoMaster_ts-admin-basic-service_admin_faults.java,EvoMaster_ts_admin_basic_service_admin_faults,test_0_getOnPricesShowsFaults_100_101,True,1,500,/api/v1/adminbasicservice/adminbasic/prices,POST,500;403,.statusCode(500) .assertThat() | .statusCode(403) .assertThat(),50,".post(baseUrlOfSut + ""/api/v1/adminbasicservice/adminbasic/prices"") | .post(baseUrlOfSut + ""/api/v1/adminbasicservice/adminbasic/prices"") | .post(baseUrlOfSut + ""/api/v1/adminbasicservice/adminbasic/prices"") | .post(baseUrlOfSut + ""/api/v1/adminbasicservice/adminbasic/prices"") | .post(baseUrlOfSut + ""/api/v1/adminbasicservice/adminbasic/prices"") | .post(baseUrlOfSut + ""/api/v1/adminbasicservice/adminbasic/prices"") | .get(baseUrlOfSut + ""/api/v1/adminbasicservice/adminbasic/prices"")",".body("" { "" + 
                    "" \""id\"" : \""QiqjqCI0xe\"", "" + 
                    "" \""basicPriceRate\"" : 1.0433332756700285E7 "" + 
                    "" } "") | .body("" { "" + 
                    "" \""trainType\"" : \""umQm6Rlf2iD\"", "" + 
                    "" \""routeId\"" : \""wOg\"" "" + 
                    "" } "") | .body("" { "" + 
                    "" \""id\"" : \""BdwDuaQ\"", "" + 
                    "" \""trainType\"" : \""jtdjhEsGGh\"", "" + 
                    "" \""routeId\"" : \""EbqQpQM\"" "" + 
                    "" } "") | .body("" { "" + 
                    "" \""firstClassPriceRate\"" : -7.714105333496478E8 "" + 
                    "" } "") | .body("" { "" + 
                    "" \""id\"" : \""hBmkCbw27z\"", "" + 
                    "" \""basicPriceRate\"" : -1.560206776070894E8 "" + 
                    "" } "") | .body("" { "" + 
                    "" \""trainType\"" : \""U0Ms4t7EZto\"" "" + 
                    "" } "")",".header(""Authorization"", ""Bearer eyJhbGciOiJIUzI1NiJ9.eyJzdWIiOiJhZG1pbiIsInJvbGVzIjpbIlJPTEVfQURNSU4iXSwiaWQiOiI0NjgwZDY4ZS0zNWMyLTQzOTgtOGQyMS00Mzk2MzNlNWViZWEiLCJpYXQiOjE3Nzg0NDQyODQsImV4cCI6MTc3ODQ0Nzg4NH0.gCgFBxwAM_LbzhIJRfPfrQgqAWiv1ZRqWKDJeavqQfg"") | .header(""Authorization"", ""Bearer eyJhbGciOiJIUzI1NiJ9.eyJzdWIiOiJhZG1pbiIsInJvbGVzIjpbIlJPTEVfQURNSU4iXSwiaWQiOiI0NjgwZDY4ZS0zNWMyLTQzOTgtOGQyMS00Mzk2MzNlNWViZWEiLCJpYXQiOjE3Nzg0NDQyODQsImV4cCI6MTc3ODQ0Nzg4NH0.gCgFBxwAM_LbzhIJRfPfrQgqAWiv1ZRqWKDJeavqQfg"") | .header(""Authorization"", ""Bearer eyJhbGciOiJIUzI1NiJ9.eyJzdWIiOiJhZG1pbiIsInJvbGVzIjpbIlJPTEVfQURNSU4iXSwiaWQiOiI0NjgwZDY4ZS0zNWMyLTQzOTgtOGQyMS00Mzk2MzNlNWViZWEiLCJpYXQiOjE3Nzg0NDQyODQsImV4cCI6MTc3ODQ0Nzg4NH0.gCgFBxwAM_LbzhIJRfPfrQgqAWiv1ZRqWKDJeavqQfg"") | .header(""Authorization"", ""Bearer eyJhbGciOiJIUzI1NiJ9.eyJzdWIiOiJhZG1pbiIsInJvbGVzIjpbIlJPTEVfQURNSU4iXSwiaWQiOiI0NjgwZDY4ZS0zNWMyLTQzOTgtOGQyMS00Mzk2MzNlNWViZWEiLCJpYXQiOjE3Nzg0NDQyODQsImV4cCI6MTc3ODQ0Nzg4NH0.gCgFBxwAM_LbzhIJRfPfrQgqAWiv1ZRqWKDJeavqQfg"") | .header(""Authorization"", ""Bearer eyJhbGciOiJIUzI1NiJ9.eyJzdWIiOiJhZG1pbiIsInJvbGVzIjpbIlJPTEVfQURNSU4iXSwiaWQiOiI0NjgwZDY4ZS0zNWMyLTQzOTgtOGQyMS00Mzk2MzNlNWViZWEiLCJpYXQiOjE3Nzg0NDQyODQsImV4cCI6MTc3ODQ0Nzg4NH0.gCgFBxwAM_LbzhIJRfPfrQgqAWiv1ZRqWKDJeavqQfg"") | .header(""Authorization"", ""Bearer eyJhbGciOiJIUzI1NiJ9.eyJzdWIiOiJhZG1pbiIsInJvbGVzIjpbIlJPTEVfQURNSU4iXSwiaWQiOiI0NjgwZDY4ZS0zNWMyLTQzOTgtOGQyMS00Mzk2MzNlNWViZWEiLCJpYXQiOjE3Nzg0NDQyODQsImV4cCI6MTc3ODQ0Nzg4NH0.gCgFBxwAM_LbzhIJRfPfrQgqAWiv1ZRqWKDJeavqQfg"") | .header(""Authorization"", ""Bearer eyJhbGciOiJIUzI1NiJ9.eyJzdWIiOiJhZG1pbiIsInJvbGVzIjpbIlJPTEVfQURNSU4iXSwiaWQiOiI0NjgwZDY4ZS0zNWMyLTQzOTgtOGQyMS00Mzk2MzNlNWViZWEiLCJpYXQiOjE3Nzg0NDQyODQsImV4cCI6MTc3ODQ0Nzg4NH0.gCgFBxwAM_LbzhIJRfPfrQgqAWiv1ZRqWKDJeavqQfg"")",faults,/mnt/train-ticket-aitest/evomaster/evomaster-config/generated-tests/blackbox/ts-admin-basic-service/admin/EvoMaster_ts-admin-basic-service_admin_faults.java,23,6,True,0,,0,0,,100.0,0,0,0,0,0,0,False,,/mnt/train-ticket-aitest/evomaster/evomaster-config/runtime-logs/classes/ts-admin-basic-service/admin/EvoMaster_ts_admin_basic_service_admin_faults,/mnt/train-ticket-aitest/evomaster/evomaster-config/runtime-logs/classes/ts-admin-basic-service/admin/EvoMaster_ts_admin_basic_service_admin_faults/compile.log,/mnt/train-ticket-aitest/evomaster/evomaster-config/runtime-logs/classes/ts-admin-basic-service/admin/EvoMaster_ts_admin_basic_service_admin_faults/compile_stdout.log,/mnt/train-ticket-aitest/evomaster/evomaster-config/runtime-logs/classes/ts-admin-basic-service/admin/EvoMaster_ts_admin_basic_service_admin_faults/compile_stderr.log,False,True,1,java.lang.AssertionError;test_failure,1,False,18.55,10.11,158.66,"Tests run: 1, Failures: 1, Errors: 0, Skipped: 0",/mnt/train-ticket-aitest/evomaster/evomaster-config/runtime-logs/methods/ts-admin-basic-service/admin/EvoMaster_ts_admin_basic_service_admin_faults/test_0_getOnPricesShowsFaults_100_101,/mnt/train-ticket-aitest/evomaster/evomaster-config/runtime-logs/methods/ts-admin-basic-service/admin/EvoMaster_ts_admin_basic_service_admin_faults/test_0_getOnPricesShowsFaults_100_101/run.log,/mnt/train-ticket-aitest/evomaster/evomaster-config/runtime-logs/methods/ts-admin-basic-service/admin/EvoMaster_ts_admin_basic_service_admin_faults/test_0_getOnPricesShowsFaults_100_101/run_stdout.log,/mnt/train-ticket-aitest/evomaster/evomaster-config/runtime-logs/methods/ts-admin-basic-service/admin/EvoMaster_ts_admin_basic_service_admin_faults/test_0_getOnPricesShowsFaults_100_101/run_stderr.log
ts-admin-basic-service,admin,EvoMaster_ts-admin-basic-service_admin_faults.java,EvoMaster_ts_admin_basic_service_admin_faults,test_0_getOnPricesShowsFaults_100_101,True,2,403,/api/v1/adminbasicservice/adminbasic/prices,POST,500;403,.statusCode(500) .assertThat() | .statusCode(403) .assertThat(),50,".post(baseUrlOfSut + ""/api/v1/adminbasicservice/adminbasic/prices"") | .post(baseUrlOfSut + ""/api/v1/adminbasicservice/adminbasic/prices"") | .post(baseUrlOfSut + ""/api/v1/adminbasicservice/adminbasic/prices"") | .post(baseUrlOfSut + ""/api/v1/adminbasicservice/adminbasic/prices"") | .post(baseUrlOfSut + ""/api/v1/adminbasicservice/adminbasic/prices"") | .post(baseUrlOfSut + ""/api/v1/adminbasicservice/adminbasic/prices"") | .get(baseUrlOfSut + ""/api/v1/adminbasicservice/adminbasic/prices"")",".body("" { "" + 
                    "" \""id\"" : \""QiqjqCI0xe\"", "" + 
                    "" \""basicPriceRate\"" : 1.0433332756700285E7 "" + 
                    "" } "") | .body("" { "" + 
                    "" \""trainType\"" : \""umQm6Rlf2iD\"", "" + 
                    "" \""routeId\"" : \""wOg\"" "" + 
                    "" } "") | .body("" { "" + 
                    "" \""id\"" : \""BdwDuaQ\"", "" + 
                    "" \""trainType\"" : \""jtdjhEsGGh\"", "" + 
                    "" \""routeId\"" : \""EbqQpQM\"" "" + 
                    "" } "") | .body("" { "" + 
                    "" \""firstClassPriceRate\"" : -7.714105333496478E8 "" + 
                    "" } "") | .body("" { "" + 
                    "" \""id\"" : \""hBmkCbw27z\"", "" + 
                    "" \""basicPriceRate\"" : -1.560206776070894E8 "" + 
                    "" } "") | .body("" { "" + 
                    "" \""trainType\"" : \""U0Ms4t7EZto\"" "" + 
                    "" } "")",".header(""Authorization"", ""Bearer eyJhbGciOiJIUzI1NiJ9.eyJzdWIiOiJhZG1pbiIsInJvbGVzIjpbIlJPTEVfQURNSU4iXSwiaWQiOiI0NjgwZDY4ZS0zNWMyLTQzOTgtOGQyMS00Mzk2MzNlNWViZWEiLCJpYXQiOjE3Nzg0NDQyODQsImV4cCI6MTc3ODQ0Nzg4NH0.gCgFBxwAM_LbzhIJRfPfrQgqAWiv1ZRqWKDJeavqQfg"") | .header(""Authorization"", ""Bearer eyJhbGciOiJIUzI1NiJ9.eyJzdWIiOiJhZG1pbiIsInJvbGVzIjpbIlJPTEVfQURNSU4iXSwiaWQiOiI0NjgwZDY4ZS0zNWMyLTQzOTgtOGQyMS00Mzk2MzNlNWViZWEiLCJpYXQiOjE3Nzg0NDQyODQsImV4cCI6MTc3ODQ0Nzg4NH0.gCgFBxwAM_LbzhIJRfPfrQgqAWiv1ZRqWKDJeavqQfg"") | .header(""Authorization"", ""Bearer eyJhbGciOiJIUzI1NiJ9.eyJzdWIiOiJhZG1pbiIsInJvbGVzIjpbIlJPTEVfQURNSU4iXSwiaWQiOiI0NjgwZDY4ZS0zNWMyLTQzOTgtOGQyMS00Mzk2MzNlNWViZWEiLCJpYXQiOjE3Nzg0NDQyODQsImV4cCI6MTc3ODQ0Nzg4NH0.gCgFBxwAM_LbzhIJRfPfrQgqAWiv1ZRqWKDJeavqQfg"") | .header(""Authorization"", ""Bearer eyJhbGciOiJIUzI1NiJ9.eyJzdWIiOiJhZG1pbiIsInJvbGVzIjpbIlJPTEVfQURNSU4iXSwiaWQiOiI0NjgwZDY4ZS0zNWMyLTQzOTgtOGQyMS00Mzk2MzNlNWViZWEiLCJpYXQiOjE3Nzg0NDQyODQsImV4cCI6MTc3ODQ0Nzg4NH0.gCgFBxwAM_LbzhIJRfPfrQgqAWiv1ZRqWKDJeavqQfg"") | .header(""Authorization"", ""Bearer eyJhbGciOiJIUzI1NiJ9.eyJzdWIiOiJhZG1pbiIsInJvbGVzIjpbIlJPTEVfQURNSU4iXSwiaWQiOiI0NjgwZDY4ZS0zNWMyLTQzOTgtOGQyMS00Mzk2MzNlNWViZWEiLCJpYXQiOjE3Nzg0NDQyODQsImV4cCI6MTc3ODQ0Nzg4NH0.gCgFBxwAM_LbzhIJRfPfrQgqAWiv1ZRqWKDJeavqQfg"") | .header(""Authorization"", ""Bearer eyJhbGciOiJIUzI1NiJ9.eyJzdWIiOiJhZG1pbiIsInJvbGVzIjpbIlJPTEVfQURNSU4iXSwiaWQiOiI0NjgwZDY4ZS0zNWMyLTQzOTgtOGQyMS00Mzk2MzNlNWViZWEiLCJpYXQiOjE3Nzg0NDQyODQsImV4cCI6MTc3ODQ0Nzg4NH0.gCgFBxwAM_LbzhIJRfPfrQgqAWiv1ZRqWKDJeavqQfg"") | .header(""Authorization"", ""Bearer eyJhbGciOiJIUzI1NiJ9.eyJzdWIiOiJhZG1pbiIsInJvbGVzIjpbIlJPTEVfQURNSU4iXSwiaWQiOiI0NjgwZDY4ZS0zNWMyLTQzOTgtOGQyMS00Mzk2MzNlNWViZWEiLCJpYXQiOjE3Nzg0NDQyODQsImV4cCI6MTc3ODQ0Nzg4NH0.gCgFBxwAM_LbzhIJRfPfrQgqAWiv1ZRqWKDJeavqQfg"")",faults,/mnt/train-ticket-aitest/evomaster/evomaster-config/generated-tests/blackbox/ts-admin-basic-service/admin/EvoMaster_ts-admin-basic-service_admin_faults.java,23,6,True,0,,0,0,,100.0,0,0,0,0,0,0,False,,/mnt/train-ticket-aitest/evomaster/evomaster-config/runtime-logs/classes/ts-admin-basic-service/admin/EvoMaster_ts_admin_basic_service_admin_faults,/mnt/train-ticket-aitest/evomaster/evomaster-config/runtime-logs/classes/ts-admin-basic-service/admin/EvoMaster_ts_admin_basic_service_admin_faults/compile.log,/mnt/train-ticket-aitest/evomaster/evomaster-config/runtime-logs/classes/ts-admin-basic-service/admin/EvoMaster_ts_admin_basic_service_admin_faults/compile_stdout.log,/mnt/train-ticket-aitest/evomaster/evomaster-config/runtime-logs/classes/ts-admin-basic-service/admin/EvoMaster_ts_admin_basic_service_admin_faults/compile_stderr.log,False,True,1,java.lang.AssertionError;test_failure,1,False,12.04,9.39,162.47,"Tests run: 1, Failures: 1, Errors: 0, Skipped: 0",/mnt/train-ticket-aitest/evomaster/evomaster-config/runtime-logs/methods/ts-admin-basic-service/admin/EvoMaster_ts_admin_basic_service_admin_faults/test_0_getOnPricesShowsFaults_100_101,/mnt/train-ticket-aitest/evomaster/evomaster-config/runtime-logs/methods/ts-admin-basic-service/admin/EvoMaster_ts_admin_basic_service_admin_faults/test_0_getOnPricesShowsFaults_100_101/run.log,/mnt/train-ticket-aitest/evomaster/evomaster-config/runtime-logs/methods/ts-admin-basic-service/admin/EvoMaster_ts_admin_basic_service_admin_faults/test_0_getOnPricesShowsFaults_100_101/run_stdout.log,/mnt/train-ticket-aitest/evomaster/evomaster-config/runtime-logs/methods/ts-admin-basic-service/admin/EvoMaster_ts_admin_basic_service_admin_faults/test_0_getOnPricesShowsFaults_100_101/run_stderr.log
ts-admin-basic-service,admin,EvoMaster_ts-admin-basic-service_admin_faults.java,EvoMaster_ts_admin_basic_service_admin_faults,test_0_getOnPricesShowsFaults_100_101,True,3,500,/api/v1/adminbasicservice/adminbasic/prices,POST,500;403,.statusCode(500) .assertThat() | .statusCode(403) .assertThat(),50,".post(baseUrlOfSut + ""/api/v1/adminbasicservice/adminbasic/prices"") | .post(baseUrlOfSut + ""/api/v1/adminbasicservice/adminbasic/prices"") | .post(baseUrlOfSut + ""/api/v1/adminbasicservice/adminbasic/prices"") | .post(baseUrlOfSut + ""/api/v1/adminbasicservice/adminbasic/prices"") | .post(baseUrlOfSut + ""/api/v1/adminbasicservice/adminbasic/prices"") | .post(baseUrlOfSut + ""/api/v1/adminbasicservice/adminbasic/prices"") | .get(baseUrlOfSut + ""/api/v1/adminbasicservice/adminbasic/prices"")",".body("" { "" + 
                    "" \""id\"" : \""QiqjqCI0xe\"", "" + 
                    "" \""basicPriceRate\"" : 1.0433332756700285E7 "" + 
                    "" } "") | .body("" { "" + 
                    "" \""trainType\"" : \""umQm6Rlf2iD\"", "" + 
                    "" \""routeId\"" : \""wOg\"" "" + 
                    "" } "") | .body("" { "" + 
                    "" \""id\"" : \""BdwDuaQ\"", "" + 
                    "" \""trainType\"" : \""jtdjhEsGGh\"", "" + 
                    "" \""routeId\"" : \""EbqQpQM\"" "" + 
                    "" } "") | .body("" { "" + 
                    "" \""firstClassPriceRate\"" : -7.714105333496478E8 "" + 
                    "" } "") | .body("" { "" + 
                    "" \""id\"" : \""hBmkCbw27z\"", "" + 
                    "" \""basicPriceRate\"" : -1.560206776070894E8 "" + 
                    "" } "") | .body("" { "" + 
                    "" \""trainType\"" : \""U0Ms4t7EZto\"" "" + 
                    "" } "")",".header(""Authorization"", ""Bearer eyJhbGciOiJIUzI1NiJ9.eyJzdWIiOiJhZG1pbiIsInJvbGVzIjpbIlJPTEVfQURNSU4iXSwiaWQiOiI0NjgwZDY4ZS0zNWMyLTQzOTgtOGQyMS00Mzk2MzNlNWViZWEiLCJpYXQiOjE3Nzg0NDQyODQsImV4cCI6MTc3ODQ0Nzg4NH0.gCgFBxwAM_LbzhIJRfPfrQgqAWiv1ZRqWKDJeavqQfg"") | .header(""Authorization"", ""Bearer eyJhbGciOiJIUzI1NiJ9.eyJzdWIiOiJhZG1pbiIsInJvbGVzIjpbIlJPTEVfQURNSU4iXSwiaWQiOiI0NjgwZDY4ZS0zNWMyLTQzOTgtOGQyMS00Mzk2MzNlNWViZWEiLCJpYXQiOjE3Nzg0NDQyODQsImV4cCI6MTc3ODQ0Nzg4NH0.gCgFBxwAM_LbzhIJRfPfrQgqAWiv1ZRqWKDJeavqQfg"") | .header(""Authorization"", ""Bearer eyJhbGciOiJIUzI1NiJ9.eyJzdWIiOiJhZG1pbiIsInJvbGVzIjpbIlJPTEVfQURNSU4iXSwiaWQiOiI0NjgwZDY4ZS0zNWMyLTQzOTgtOGQyMS00Mzk2MzNlNWViZWEiLCJpYXQiOjE3Nzg0NDQyODQsImV4cCI6MTc3ODQ0Nzg4NH0.gCgFBxwAM_LbzhIJRfPfrQgqAWiv1ZRqWKDJeavqQfg"") | .header(""Authorization"", ""Bearer eyJhbGciOiJIUzI1NiJ9.eyJzdWIiOiJhZG1pbiIsInJvbGVzIjpbIlJPTEVfQURNSU4iXSwiaWQiOiI0NjgwZDY4ZS0zNWMyLTQzOTgtOGQyMS00Mzk2MzNlNWViZWEiLCJpYXQiOjE3Nzg0NDQyODQsImV4cCI6MTc3ODQ0Nzg4NH0.gCgFBxwAM_LbzhIJRfPfrQgqAWiv1ZRqWKDJeavqQfg"") | .header(""Authorization"", ""Bearer eyJhbGciOiJIUzI1NiJ9.eyJzdWIiOiJhZG1pbiIsInJvbGVzIjpbIlJPTEVfQURNSU4iXSwiaWQiOiI0NjgwZDY4ZS0zNWMyLTQzOTgtOGQyMS00Mzk2MzNlNWViZWEiLCJpYXQiOjE3Nzg0NDQyODQsImV4cCI6MTc3ODQ0Nzg4NH0.gCgFBxwAM_LbzhIJRfPfrQgqAWiv1ZRqWKDJeavqQfg"") | .header(""Authorization"", ""Bearer eyJhbGciOiJIUzI1NiJ9.eyJzdWIiOiJhZG1pbiIsInJvbGVzIjpbIlJPTEVfQURNSU4iXSwiaWQiOiI0NjgwZDY4ZS0zNWMyLTQzOTgtOGQyMS00Mzk2MzNlNWViZWEiLCJpYXQiOjE3Nzg0NDQyODQsImV4cCI6MTc3ODQ0Nzg4NH0.gCgFBxwAM_LbzhIJRfPfrQgqAWiv1ZRqWKDJeavqQfg"") | .header(""Authorization"", ""Bearer eyJhbGciOiJIUzI1NiJ9.eyJzdWIiOiJhZG1pbiIsInJvbGVzIjpbIlJPTEVfQURNSU4iXSwiaWQiOiI0NjgwZDY4ZS0zNWMyLTQzOTgtOGQyMS00Mzk2MzNlNWViZWEiLCJpYXQiOjE3Nzg0NDQyODQsImV4cCI6MTc3ODQ0Nzg4NH0.gCgFBxwAM_LbzhIJRfPfrQgqAWiv1ZRqWKDJeavqQfg"")",faults,/mnt/train-ticket-aitest/evomaster/evomaster-config/generated-tests/blackbox/ts-admin-basic-service/admin/EvoMaster_ts-admin-basic-service_admin_faults.java,23,6,True,0,,0,0,,100.0,0,0,0,0,0,0,False,,/mnt/train-ticket-aitest/evomaster/evomaster-config/runtime-logs/classes/ts-admin-basic-service/admin/EvoMaster_ts_admin_basic_service_admin_faults,/mnt/train-ticket-aitest/evomaster/evomaster-config/runtime-logs/classes/ts-admin-basic-service/admin/EvoMaster_ts_admin_basic_service_admin_faults/compile.log,/mnt/train-ticket-aitest/evomaster/evomaster-config/runtime-logs/classes/ts-admin-basic-service/admin/EvoMaster_ts_admin_basic_service_admin_faults/compile_stdout.log,/mnt/train-ticket-aitest/evomaster/evomaster-config/runtime-logs/classes/ts-admin-basic-service/admin/EvoMaster_ts_admin_basic_service_admin_faults/compile_stderr.log,False,True,1,java.lang.AssertionError;test_failure,1,False,12.05,9.11,161.65,"Tests run: 1, Failures: 1, Errors: 0, Skipped: 0",/mnt/train-ticket-aitest/evomaster/evomaster-config/runtime-logs/methods/ts-admin-basic-service/admin/EvoMaster_ts_admin_basic_service_admin_faults/test_0_getOnPricesShowsFaults_100_101,/mnt/train-ticket-aitest/evomaster/evomaster-config/runtime-logs/methods/ts-admin-basic-service/admin/EvoMaster_ts_admin_basic_service_admin_faults/test_0_getOnPricesShowsFaults_100_101/run.log,/mnt/train-ticket-aitest/evomaster/evomaster-config/runtime-logs/methods/ts-admin-basic-service/admin/EvoMaster_ts_admin_basic_service_admin_faults/test_0_getOnPricesShowsFaults_100_101/run_stdout.log,/mnt/train-ticket-aitest/evomaster/evomaster-config/runtime-logs/methods/ts-admin-basic-service/admin/EvoMaster_ts_admin_basic_service_admin_faults/test_0_getOnPricesShowsFaults_100_101/run_stderr.log
ts-admin-basic-service,admin,EvoMaster_ts-admin-basic-service_admin_faults.java,EvoMaster_ts_admin_basic_service_admin_faults,test_0_getOnPricesShowsFaults_100_101,True,4,500,/api/v1/adminbasicservice/adminbasic/prices,POST,500;403,.statusCode(500) .assertThat() | .statusCode(403) .assertThat(),50,".post(baseUrlOfSut + ""/api/v1/adminbasicservice/adminbasic/prices"") | .post(baseUrlOfSut + ""/api/v1/adminbasicservice/adminbasic/prices"") | .post(baseUrlOfSut + ""/api/v1/adminbasicservice/adminbasic/prices"") | .post(baseUrlOfSut + ""/api/v1/adminbasicservice/adminbasic/prices"") | .post(baseUrlOfSut + ""/api/v1/adminbasicservice/adminbasic/prices"") | .post(baseUrlOfSut + ""/api/v1/adminbasicservice/adminbasic/prices"") | .get(baseUrlOfSut + ""/api/v1/adminbasicservice/adminbasic/prices"")",".body("" { "" + 
                    "" \""id\"" : \""QiqjqCI0xe\"", "" + 
                    "" \""basicPriceRate\"" : 1.0433332756700285E7 "" + 
                    "" } "") | .body("" { "" + 
                    "" \""trainType\"" : \""umQm6Rlf2iD\"", "" + 
                    "" \""routeId\"" : \""wOg\"" "" + 
                    "" } "") | .body("" { "" + 
                    "" \""id\"" : \""BdwDuaQ\"", "" + 
                    "" \""trainType\"" : \""jtdjhEsGGh\"", "" + 
                    "" \""routeId\"" : \""EbqQpQM\"" "" + 
                    "" } "") | .body("" { "" + 
                    "" \""firstClassPriceRate\"" : -7.714105333496478E8 "" + 
                    "" } "") | .body("" { "" + 
                    "" \""id\"" : \""hBmkCbw27z\"", "" + 
                    "" \""basicPriceRate\"" : -1.560206776070894E8 "" + 
                    "" } "") | .body("" { "" + 
                    "" \""trainType\"" : \""U0Ms4t7EZto\"" "" + 
                    "" } "")",".header(""Authorization"", ""Bearer eyJhbGciOiJIUzI1NiJ9.eyJzdWIiOiJhZG1pbiIsInJvbGVzIjpbIlJPTEVfQURNSU4iXSwiaWQiOiI0NjgwZDY4ZS0zNWMyLTQzOTgtOGQyMS00Mzk2MzNlNWViZWEiLCJpYXQiOjE3Nzg0NDQyODQsImV4cCI6MTc3ODQ0Nzg4NH0.gCgFBxwAM_LbzhIJRfPfrQgqAWiv1ZRqWKDJeavqQfg"") | .header(""Authorization"", ""Bearer eyJhbGciOiJIUzI1NiJ9.eyJzdWIiOiJhZG1pbiIsInJvbGVzIjpbIlJPTEVfQURNSU4iXSwiaWQiOiI0NjgwZDY4ZS0zNWMyLTQzOTgtOGQyMS00Mzk2MzNlNWViZWEiLCJpYXQiOjE3Nzg0NDQyODQsImV4cCI6MTc3ODQ0Nzg4NH0.gCgFBxwAM_LbzhIJRfPfrQgqAWiv1ZRqWKDJeavqQfg"") | .header(""Authorization"", ""Bearer eyJhbGciOiJIUzI1NiJ9.eyJzdWIiOiJhZG1pbiIsInJvbGVzIjpbIlJPTEVfQURNSU4iXSwiaWQiOiI0NjgwZDY4ZS0zNWMyLTQzOTgtOGQyMS00Mzk2MzNlNWViZWEiLCJpYXQiOjE3Nzg0NDQyODQsImV4cCI6MTc3ODQ0Nzg4NH0.gCgFBxwAM_LbzhIJRfPfrQgqAWiv1ZRqWKDJeavqQfg"") | .header(""Authorization"", ""Bearer eyJhbGciOiJIUzI1NiJ9.eyJzdWIiOiJhZG1pbiIsInJvbGVzIjpbIlJPTEVfQURNSU4iXSwiaWQiOiI0NjgwZDY4ZS0zNWMyLTQzOTgtOGQyMS00Mzk2MzNlNWViZWEiLCJpYXQiOjE3Nzg0NDQyODQsImV4cCI6MTc3ODQ0Nzg4NH0.gCgFBxwAM_LbzhIJRfPfrQgqAWiv1ZRqWKDJeavqQfg"") | .header(""Authorization"", ""Bearer eyJhbGciOiJIUzI1NiJ9.eyJzdWIiOiJhZG1pbiIsInJvbGVzIjpbIlJPTEVfQURNSU4iXSwiaWQiOiI0NjgwZDY4ZS0zNWMyLTQzOTgtOGQyMS00Mzk2MzNlNWViZWEiLCJpYXQiOjE3Nzg0NDQyODQsImV4cCI6MTc3ODQ0Nzg4NH0.gCgFBxwAM_LbzhIJRfPfrQgqAWiv1ZRqWKDJeavqQfg"") | .header(""Authorization"", ""Bearer eyJhbGciOiJIUzI1NiJ9.eyJzdWIiOiJhZG1pbiIsInJvbGVzIjpbIlJPTEVfQURNSU4iXSwiaWQiOiI0NjgwZDY4ZS0zNWMyLTQzOTgtOGQyMS00Mzk2MzNlNWViZWEiLCJpYXQiOjE3Nzg0NDQyODQsImV4cCI6MTc3ODQ0Nzg4NH0.gCgFBxwAM_LbzhIJRfPfrQgqAWiv1ZRqWKDJeavqQfg"") | .header(""Authorization"", ""Bearer eyJhbGciOiJIUzI1NiJ9.eyJzdWIiOiJhZG1pbiIsInJvbGVzIjpbIlJPTEVfQURNSU4iXSwiaWQiOiI0NjgwZDY4ZS0zNWMyLTQzOTgtOGQyMS00Mzk2MzNlNWViZWEiLCJpYXQiOjE3Nzg0NDQyODQsImV4cCI6MTc3ODQ0Nzg4NH0.gCgFBxwAM_LbzhIJRfPfrQgqAWiv1ZRqWKDJeavqQfg"")",faults,/mnt/train-ticket-aitest/evomaster/evomaster-config/generated-tests/blackbox/ts-admin-basic-service/admin/EvoMaster_ts-admin-basic-service_admin_faults.java,23,6,True,0,,0,0,,100.0,0,0,0,0,0,0,False,,/mnt/train-ticket-aitest/evomaster/evomaster-config/runtime-logs/classes/ts-admin-basic-service/admin/EvoMaster_ts_admin_basic_service_admin_faults,/mnt/train-ticket-aitest/evomaster/evomaster-config/runtime-logs/classes/ts-admin-basic-service/admin/EvoMaster_ts_admin_basic_service_admin_faults/compile.log,/mnt/train-ticket-aitest/evomaster/evomaster-config/runtime-logs/classes/ts-admin-basic-service/admin/EvoMaster_ts_admin_basic_service_admin_faults/compile_stdout.log,/mnt/train-ticket-aitest/evomaster/evomaster-config/runtime-logs/classes/ts-admin-basic-service/admin/EvoMaster_ts_admin_basic_service_admin_faults/compile_stderr.log,False,True,1,java.lang.AssertionError;test_failure,1,False,12.54,9.59,172.86,"Tests run: 1, Failures: 1, Errors: 0, Skipped: 0",/mnt/train-ticket-aitest/evomaster/evomaster-config/runtime-logs/methods/ts-admin-basic-service/admin/EvoMaster_ts_admin_basic_service_admin_faults/test_0_getOnPricesShowsFaults_100_101,/mnt/train-ticket-aitest/evomaster/evomaster-config/runtime-logs/methods/ts-admin-basic-service/admin/EvoMaster_ts_admin_basic_service_admin_faults/test_0_getOnPricesShowsFaults_100_101/run.log,/mnt/train-ticket-aitest/evomaster/evomaster-config/runtime-logs/methods/ts-admin-basic-service/admin/EvoMaster_ts_admin_basic_service_admin_faults/test_0_getOnPricesShowsFaults_100_101/run_stdout.log,/mnt/train-ticket-aitest/evomaster/evomaster-config/runtime-logs/methods/ts-admin-basic-service/admin/EvoMaster_ts_admin_basic_service_admin_faults/test_0_getOnPricesShowsFaults_100_101/run_stderr.log
ts-admin-basic-service,admin,EvoMaster_ts-admin-basic-service_admin_faults.java,EvoMaster_ts_admin_basic_service_admin_faults,test_0_getOnPricesShowsFaults_100_101,True,5,500,/api/v1/adminbasicservice/adminbasic/prices,POST,500;403,.statusCode(500) .assertThat() | .statusCode(403) .assertThat(),50,".post(baseUrlOfSut + ""/api/v1/adminbasicservice/adminbasic/prices"") | .post(baseUrlOfSut + ""/api/v1/adminbasicservice/adminbasic/prices"") | .post(baseUrlOfSut + ""/api/v1/adminbasicservice/adminbasic/prices"") | .post(baseUrlOfSut + ""/api/v1/adminbasicservice/adminbasic/prices"") | .post(baseUrlOfSut + ""/api/v1/adminbasicservice/adminbasic/prices"") | .post(baseUrlOfSut + ""/api/v1/adminbasicservice/adminbasic/prices"") | .get(baseUrlOfSut + ""/api/v1/adminbasicservice/adminbasic/prices"")",".body("" { "" + 
                    "" \""id\"" : \""QiqjqCI0xe\"", "" + 
                    "" \""basicPriceRate\"" : 1.0433332756700285E7 "" + 
                    "" } "") | .body("" { "" + 
                    "" \""trainType\"" : \""umQm6Rlf2iD\"", "" + 
                    "" \""routeId\"" : \""wOg\"" "" + 
                    "" } "") | .body("" { "" + 
                    "" \""id\"" : \""BdwDuaQ\"", "" + 
                    "" \""trainType\"" : \""jtdjhEsGGh\"", "" + 
                    "" \""routeId\"" : \""EbqQpQM\"" "" + 
                    "" } "") | .body("" { "" + 
                    "" \""firstClassPriceRate\"" : -7.714105333496478E8 "" + 
                    "" } "") | .body("" { "" + 
                    "" \""id\"" : \""hBmkCbw27z\"", "" + 
                    "" \""basicPriceRate\"" : -1.560206776070894E8 "" + 
                    "" } "") | .body("" { "" + 
                    "" \""trainType\"" : \""U0Ms4t7EZto\"" "" + 
                    "" } "")",".header(""Authorization"", ""Bearer eyJhbGciOiJIUzI1NiJ9.eyJzdWIiOiJhZG1pbiIsInJvbGVzIjpbIlJPTEVfQURNSU4iXSwiaWQiOiI0NjgwZDY4ZS0zNWMyLTQzOTgtOGQyMS00Mzk2MzNlNWViZWEiLCJpYXQiOjE3Nzg0NDQyODQsImV4cCI6MTc3ODQ0Nzg4NH0.gCgFBxwAM_LbzhIJRfPfrQgqAWiv1ZRqWKDJeavqQfg"") | .header(""Authorization"", ""Bearer eyJhbGciOiJIUzI1NiJ9.eyJzdWIiOiJhZG1pbiIsInJvbGVzIjpbIlJPTEVfQURNSU4iXSwiaWQiOiI0NjgwZDY4ZS0zNWMyLTQzOTgtOGQyMS00Mzk2MzNlNWViZWEiLCJpYXQiOjE3Nzg0NDQyODQsImV4cCI6MTc3ODQ0Nzg4NH0.gCgFBxwAM_LbzhIJRfPfrQgqAWiv1ZRqWKDJeavqQfg"") | .header(""Authorization"", ""Bearer eyJhbGciOiJIUzI1NiJ9.eyJzdWIiOiJhZG1pbiIsInJvbGVzIjpbIlJPTEVfQURNSU4iXSwiaWQiOiI0NjgwZDY4ZS0zNWMyLTQzOTgtOGQyMS00Mzk2MzNlNWViZWEiLCJpYXQiOjE3Nzg0NDQyODQsImV4cCI6MTc3ODQ0Nzg4NH0.gCgFBxwAM_LbzhIJRfPfrQgqAWiv1ZRqWKDJeavqQfg"") | .header(""Authorization"", ""Bearer eyJhbGciOiJIUzI1NiJ9.eyJzdWIiOiJhZG1pbiIsInJvbGVzIjpbIlJPTEVfQURNSU4iXSwiaWQiOiI0NjgwZDY4ZS0zNWMyLTQzOTgtOGQyMS00Mzk2MzNlNWViZWEiLCJpYXQiOjE3Nzg0NDQyODQsImV4cCI6MTc3ODQ0Nzg4NH0.gCgFBxwAM_LbzhIJRfPfrQgqAWiv1ZRqWKDJeavqQfg"") | .header(""Authorization"", ""Bearer eyJhbGciOiJIUzI1NiJ9.eyJzdWIiOiJhZG1pbiIsInJvbGVzIjpbIlJPTEVfQURNSU4iXSwiaWQiOiI0NjgwZDY4ZS0zNWMyLTQzOTgtOGQyMS00Mzk2MzNlNWViZWEiLCJpYXQiOjE3Nzg0NDQyODQsImV4cCI6MTc3ODQ0Nzg4NH0.gCgFBxwAM_LbzhIJRfPfrQgqAWiv1ZRqWKDJeavqQfg"") | .header(""Authorization"", ""Bearer eyJhbGciOiJIUzI1NiJ9.eyJzdWIiOiJhZG1pbiIsInJvbGVzIjpbIlJPTEVfQURNSU4iXSwiaWQiOiI0NjgwZDY4ZS0zNWMyLTQzOTgtOGQyMS00Mzk2MzNlNWViZWEiLCJpYXQiOjE3Nzg0NDQyODQsImV4cCI6MTc3ODQ0Nzg4NH0.gCgFBxwAM_LbzhIJRfPfrQgqAWiv1ZRqWKDJeavqQfg"") | .header(""Authorization"", ""Bearer eyJhbGciOiJIUzI1NiJ9.eyJzdWIiOiJhZG1pbiIsInJvbGVzIjpbIlJPTEVfQURNSU4iXSwiaWQiOiI0NjgwZDY4ZS0zNWMyLTQzOTgtOGQyMS00Mzk2MzNlNWViZWEiLCJpYXQiOjE3Nzg0NDQyODQsImV4cCI6MTc3ODQ0Nzg4NH0.gCgFBxwAM_LbzhIJRfPfrQgqAWiv1ZRqWKDJeavqQfg"")",faults,/mnt/train-ticket-aitest/evomaster/evomaster-config/generated-tests/blackbox/ts-admin-basic-service/admin/EvoMaster_ts-admin-basic-service_admin_faults.java,23,6,True,0,,0,0,,100.0,0,0,0,0,0,0,False,,/mnt/train-ticket-aitest/evomaster/evomaster-config/runtime-logs/classes/ts-admin-basic-service/admin/EvoMaster_ts_admin_basic_service_admin_faults,/mnt/train-ticket-aitest/evomaster/evomaster-config/runtime-logs/classes/ts-admin-basic-service/admin/EvoMaster_ts_admin_basic_service_admin_faults/compile.log,/mnt/train-ticket-aitest/evomaster/evomaster-config/runtime-logs/classes/ts-admin-basic-service/admin/EvoMaster_ts_admin_basic_service_admin_faults/compile_stdout.log,/mnt/train-ticket-aitest/evomaster/evomaster-config/runtime-logs/classes/ts-admin-basic-service/admin/EvoMaster_ts_admin_basic_service_admin_faults/compile_stderr.log,False,True,1,java.lang.AssertionError;test_failure,1,False,12.2,9.1,165.89,"Tests run: 1, Failures: 1, Errors: 0, Skipped: 0",/mnt/train-ticket-aitest/evomaster/evomaster-config/runtime-logs/methods/ts-admin-basic-service/admin/EvoMaster_ts_admin_basic_service_admin_faults/test_0_getOnPricesShowsFaults_100_101,/mnt/train-ticket-aitest/evomaster/evomaster-config/runtime-logs/methods/ts-admin-basic-service/admin/EvoMaster_ts_admin_basic_service_admin_faults/test_0_getOnPricesShowsFaults_100_101/run.log,/mnt/train-ticket-aitest/evomaster/evomaster-config/runtime-logs/methods/ts-admin-basic-service/admin/EvoMaster_ts_admin_basic_service_admin_faults/test_0_getOnPricesShowsFaults_100_101/run_stdout.log,/mnt/train-ticket-aitest/evomaster/evomaster-config/runtime-logs/methods/ts-admin-basic-service/admin/EvoMaster_ts_admin_basic_service_admin_faults/test_0_getOnPricesShowsFaults_100_101/run_stderr.log
ts-admin-basic-service,admin,EvoMaster_ts-admin-basic-service_admin_faults.java,EvoMaster_ts_admin_basic_service_admin_faults,test_0_getOnPricesShowsFaults_100_101,True,6,403,/api/v1/adminbasicservice/adminbasic/prices,POST,500;403,.statusCode(500) .assertThat() | .statusCode(403) .assertThat(),50,".post(baseUrlOfSut + ""/api/v1/adminbasicservice/adminbasic/prices"") | .post(baseUrlOfSut + ""/api/v1/adminbasicservice/adminbasic/prices"") | .post(baseUrlOfSut + ""/api/v1/adminbasicservice/adminbasic/prices"") | .post(baseUrlOfSut + ""/api/v1/adminbasicservice/adminbasic/prices"") | .post(baseUrlOfSut + ""/api/v1/adminbasicservice/adminbasic/prices"") | .post(baseUrlOfSut + ""/api/v1/adminbasicservice/adminbasic/prices"") | .get(baseUrlOfSut + ""/api/v1/adminbasicservice/adminbasic/prices"")",".body("" { "" + 
                    "" \""id\"" : \""QiqjqCI0xe\"", "" + 
                    "" \""basicPriceRate\"" : 1.0433332756700285E7 "" + 
                    "" } "") | .body("" { "" + 
                    "" \""trainType\"" : \""umQm6Rlf2iD\"", "" + 
                    "" \""routeId\"" : \""wOg\"" "" + 
                    "" } "") | .body("" { "" + 
                    "" \""id\"" : \""BdwDuaQ\"", "" + 
                    "" \""trainType\"" : \""jtdjhEsGGh\"", "" + 
                    "" \""routeId\"" : \""EbqQpQM\"" "" + 
                    "" } "") | .body("" { "" + 
                    "" \""firstClassPriceRate\"" : -7.714105333496478E8 "" + 
                    "" } "") | .body("" { "" + 
                    "" \""id\"" : \""hBmkCbw27z\"", "" + 
                    "" \""basicPriceRate\"" : -1.560206776070894E8 "" + 
                    "" } "") | .body("" { "" + 
                    "" \""trainType\"" : \""U0Ms4t7EZto\"" "" + 
                    "" } "")",".header(""Authorization"", ""Bearer eyJhbGciOiJIUzI1NiJ9.eyJzdWIiOiJhZG1pbiIsInJvbGVzIjpbIlJPTEVfQURNSU4iXSwiaWQiOiI0NjgwZDY4ZS0zNWMyLTQzOTgtOGQyMS00Mzk2MzNlNWViZWEiLCJpYXQiOjE3Nzg0NDQyODQsImV4cCI6MTc3ODQ0Nzg4NH0.gCgFBxwAM_LbzhIJRfPfrQgqAWiv1ZRqWKDJeavqQfg"") | .header(""Authorization"", ""Bearer eyJhbGciOiJIUzI1NiJ9.eyJzdWIiOiJhZG1pbiIsInJvbGVzIjpbIlJPTEVfQURNSU4iXSwiaWQiOiI0NjgwZDY4ZS0zNWMyLTQzOTgtOGQyMS00Mzk2MzNlNWViZWEiLCJpYXQiOjE3Nzg0NDQyODQsImV4cCI6MTc3ODQ0Nzg4NH0.gCgFBxwAM_LbzhIJRfPfrQgqAWiv1ZRqWKDJeavqQfg"") | .header(""Authorization"", ""Bearer eyJhbGciOiJIUzI1NiJ9.eyJzdWIiOiJhZG1pbiIsInJvbGVzIjpbIlJPTEVfQURNSU4iXSwiaWQiOiI0NjgwZDY4ZS0zNWMyLTQzOTgtOGQyMS00Mzk2MzNlNWViZWEiLCJpYXQiOjE3Nzg0NDQyODQsImV4cCI6MTc3ODQ0Nzg4NH0.gCgFBxwAM_LbzhIJRfPfrQgqAWiv1ZRqWKDJeavqQfg"") | .header(""Authorization"", ""Bearer eyJhbGciOiJIUzI1NiJ9.eyJzdWIiOiJhZG1pbiIsInJvbGVzIjpbIlJPTEVfQURNSU4iXSwiaWQiOiI0NjgwZDY4ZS0zNWMyLTQzOTgtOGQyMS00Mzk2MzNlNWViZWEiLCJpYXQiOjE3Nzg0NDQyODQsImV4cCI6MTc3ODQ0Nzg4NH0.gCgFBxwAM_LbzhIJRfPfrQgqAWiv1ZRqWKDJeavqQfg"") | .header(""Authorization"", ""Bearer eyJhbGciOiJIUzI1NiJ9.eyJzdWIiOiJhZG1pbiIsInJvbGVzIjpbIlJPTEVfQURNSU4iXSwiaWQiOiI0NjgwZDY4ZS0zNWMyLTQzOTgtOGQyMS00Mzk2MzNlNWViZWEiLCJpYXQiOjE3Nzg0NDQyODQsImV4cCI6MTc3ODQ0Nzg4NH0.gCgFBxwAM_LbzhIJRfPfrQgqAWiv1ZRqWKDJeavqQfg"") | .header(""Authorization"", ""Bearer eyJhbGciOiJIUzI1NiJ9.eyJzdWIiOiJhZG1pbiIsInJvbGVzIjpbIlJPTEVfQURNSU4iXSwiaWQiOiI0NjgwZDY4ZS0zNWMyLTQzOTgtOGQyMS00Mzk2MzNlNWViZWEiLCJpYXQiOjE3Nzg0NDQyODQsImV4cCI6MTc3ODQ0Nzg4NH0.gCgFBxwAM_LbzhIJRfPfrQgqAWiv1ZRqWKDJeavqQfg"") | .header(""Authorization"", ""Bearer eyJhbGciOiJIUzI1NiJ9.eyJzdWIiOiJhZG1pbiIsInJvbGVzIjpbIlJPTEVfQURNSU4iXSwiaWQiOiI0NjgwZDY4ZS0zNWMyLTQzOTgtOGQyMS00Mzk2MzNlNWViZWEiLCJpYXQiOjE3Nzg0NDQyODQsImV4cCI6MTc3ODQ0Nzg4NH0.gCgFBxwAM_LbzhIJRfPfrQgqAWiv1ZRqWKDJeavqQfg"")",faults,/mnt/train-ticket-aitest/evomaster/evomaster-config/generated-tests/blackbox/ts-admin-basic-service/admin/EvoMaster_ts-admin-basic-service_admin_faults.java,23,6,True,0,,0,0,,100.0,0,0,0,0,0,0,False,,/mnt/train-ticket-aitest/evomaster/evomaster-config/runtime-logs/classes/ts-admin-basic-service/admin/EvoMaster_ts_admin_basic_service_admin_faults,/mnt/train-ticket-aitest/evomaster/evomaster-config/runtime-logs/classes/ts-admin-basic-service/admin/EvoMaster_ts_admin_basic_service_admin_faults/compile.log,/mnt/train-ticket-aitest/evomaster/evomaster-config/runtime-logs/classes/ts-admin-basic-service/admin/EvoMaster_ts_admin_basic_service_admin_faults/compile_stdout.log,/mnt/train-ticket-aitest/evomaster/evomaster-config/runtime-logs/classes/ts-admin-basic-service/admin/EvoMaster_ts_admin_basic_service_admin_faults/compile_stderr.log,False,True,1,java.lang.AssertionError;test_failure,1,False,12.1,9.52,154.79,"Tests run: 1, Failures: 1, Errors: 0, Skipped: 0",/mnt/train-ticket-aitest/evomaster/evomaster-config/runtime-logs/methods/ts-admin-basic-service/admin/EvoMaster_ts_admin_basic_service_admin_faults/test_0_getOnPricesShowsFaults_100_101,/mnt/train-ticket-aitest/evomaster/evomaster-config/runtime-logs/methods/ts-admin-basic-service/admin/EvoMaster_ts_admin_basic_service_admin_faults/test_0_getOnPricesShowsFaults_100_101/run.log,/mnt/train-ticket-aitest/evomaster/evomaster-config/runtime-logs/methods/ts-admin-basic-service/admin/EvoMaster_ts_admin_basic_service_admin_faults/test_0_getOnPricesShowsFaults_100_101/run_stdout.log,/mnt/train-ticket-aitest/evomaster/evomaster-config/runtime-logs/methods/ts-admin-basic-service/admin/EvoMaster_ts_admin_basic_service_admin_faults/test_0_getOnPricesShowsFaults_100_101/run_stderr.log
ts-admin-basic-service,admin,EvoMaster_ts-admin-basic-service_admin_faults.java,EvoMaster_ts_admin_basic_service_admin_faults,test_0_getOnPricesShowsFaults_100_101,True,7,500,/api/v1/adminbasicservice/adminbasic/prices,GET,500;403,.statusCode(500) .assertThat() | .statusCode(403) .assertThat(),50,".post(baseUrlOfSut + ""/api/v1/adminbasicservice/adminbasic/prices"") | .post(baseUrlOfSut + ""/api/v1/adminbasicservice/adminbasic/prices"") | .post(baseUrlOfSut + ""/api/v1/adminbasicservice/adminbasic/prices"") | .post(baseUrlOfSut + ""/api/v1/adminbasicservice/adminbasic/prices"") | .post(baseUrlOfSut + ""/api/v1/adminbasicservice/adminbasic/prices"") | .post(baseUrlOfSut + ""/api/v1/adminbasicservice/adminbasic/prices"") | .get(baseUrlOfSut + ""/api/v1/adminbasicservice/adminbasic/prices"")",".body("" { "" + 
                    "" \""id\"" : \""QiqjqCI0xe\"", "" + 
                    "" \""basicPriceRate\"" : 1.0433332756700285E7 "" + 
                    "" } "") | .body("" { "" + 
                    "" \""trainType\"" : \""umQm6Rlf2iD\"", "" + 
                    "" \""routeId\"" : \""wOg\"" "" + 
                    "" } "") | .body("" { "" + 
                    "" \""id\"" : \""BdwDuaQ\"", "" + 
                    "" \""trainType\"" : \""jtdjhEsGGh\"", "" + 
                    "" \""routeId\"" : \""EbqQpQM\"" "" + 
                    "" } "") | .body("" { "" + 
                    "" \""firstClassPriceRate\"" : -7.714105333496478E8 "" + 
                    "" } "") | .body("" { "" + 
                    "" \""id\"" : \""hBmkCbw27z\"", "" + 
                    "" \""basicPriceRate\"" : -1.560206776070894E8 "" + 
                    "" } "") | .body("" { "" + 
                    "" \""trainType\"" : \""U0Ms4t7EZto\"" "" + 
                    "" } "")",".header(""Authorization"", ""Bearer eyJhbGciOiJIUzI1NiJ9.eyJzdWIiOiJhZG1pbiIsInJvbGVzIjpbIlJPTEVfQURNSU4iXSwiaWQiOiI0NjgwZDY4ZS0zNWMyLTQzOTgtOGQyMS00Mzk2MzNlNWViZWEiLCJpYXQiOjE3Nzg0NDQyODQsImV4cCI6MTc3ODQ0Nzg4NH0.gCgFBxwAM_LbzhIJRfPfrQgqAWiv1ZRqWKDJeavqQfg"") | .header(""Authorization"", ""Bearer eyJhbGciOiJIUzI1NiJ9.eyJzdWIiOiJhZG1pbiIsInJvbGVzIjpbIlJPTEVfQURNSU4iXSwiaWQiOiI0NjgwZDY4ZS0zNWMyLTQzOTgtOGQyMS00Mzk2MzNlNWViZWEiLCJpYXQiOjE3Nzg0NDQyODQsImV4cCI6MTc3ODQ0Nzg4NH0.gCgFBxwAM_LbzhIJRfPfrQgqAWiv1ZRqWKDJeavqQfg"") | .header(""Authorization"", ""Bearer eyJhbGciOiJIUzI1NiJ9.eyJzdWIiOiJhZG1pbiIsInJvbGVzIjpbIlJPTEVfQURNSU4iXSwiaWQiOiI0NjgwZDY4ZS0zNWMyLTQzOTgtOGQyMS00Mzk2MzNlNWViZWEiLCJpYXQiOjE3Nzg0NDQyODQsImV4cCI6MTc3ODQ0Nzg4NH0.gCgFBxwAM_LbzhIJRfPfrQgqAWiv1ZRqWKDJeavqQfg"") | .header(""Authorization"", ""Bearer eyJhbGciOiJIUzI1NiJ9.eyJzdWIiOiJhZG1pbiIsInJvbGVzIjpbIlJPTEVfQURNSU4iXSwiaWQiOiI0NjgwZDY4ZS0zNWMyLTQzOTgtOGQyMS00Mzk2MzNlNWViZWEiLCJpYXQiOjE3Nzg0NDQyODQsImV4cCI6MTc3ODQ0Nzg4NH0.gCgFBxwAM_LbzhIJRfPfrQgqAWiv1ZRqWKDJeavqQfg"") | .header(""Authorization"", ""Bearer eyJhbGciOiJIUzI1NiJ9.eyJzdWIiOiJhZG1pbiIsInJvbGVzIjpbIlJPTEVfQURNSU4iXSwiaWQiOiI0NjgwZDY4ZS0zNWMyLTQzOTgtOGQyMS00Mzk2MzNlNWViZWEiLCJpYXQiOjE3Nzg0NDQyODQsImV4cCI6MTc3ODQ0Nzg4NH0.gCgFBxwAM_LbzhIJRfPfrQgqAWiv1ZRqWKDJeavqQfg"") | .header(""Authorization"", ""Bearer eyJhbGciOiJIUzI1NiJ9.eyJzdWIiOiJhZG1pbiIsInJvbGVzIjpbIlJPTEVfQURNSU4iXSwiaWQiOiI0NjgwZDY4ZS0zNWMyLTQzOTgtOGQyMS00Mzk2MzNlNWViZWEiLCJpYXQiOjE3Nzg0NDQyODQsImV4cCI6MTc3ODQ0Nzg4NH0.gCgFBxwAM_LbzhIJRfPfrQgqAWiv1ZRqWKDJeavqQfg"") | .header(""Authorization"", ""Bearer eyJhbGciOiJIUzI1NiJ9.eyJzdWIiOiJhZG1pbiIsInJvbGVzIjpbIlJPTEVfQURNSU4iXSwiaWQiOiI0NjgwZDY4ZS0zNWMyLTQzOTgtOGQyMS00Mzk2MzNlNWViZWEiLCJpYXQiOjE3Nzg0NDQyODQsImV4cCI6MTc3ODQ0Nzg4NH0.gCgFBxwAM_LbzhIJRfPfrQgqAWiv1ZRqWKDJeavqQfg"")",faults,/mnt/train-ticket-aitest/evomaster/evomaster-config/generated-tests/blackbox/ts-admin-basic-service/admin/EvoMaster_ts-admin-basic-service_admin_faults.java,23,6,True,0,,0,0,,100.0,0,0,0,0,0,0,False,,/mnt/train-ticket-aitest/evomaster/evomaster-config/runtime-logs/classes/ts-admin-basic-service/admin/EvoMaster_ts_admin_basic_service_admin_faults,/mnt/train-ticket-aitest/evomaster/evomaster-config/runtime-logs/classes/ts-admin-basic-service/admin/EvoMaster_ts_admin_basic_service_admin_faults/compile.log,/mnt/train-ticket-aitest/evomaster/evomaster-config/runtime-logs/classes/ts-admin-basic-service/admin/EvoMaster_ts_admin_basic_service_admin_faults/compile_stdout.log,/mnt/train-ticket-aitest/evomaster/evomaster-config/runtime-logs/classes/ts-admin-basic-service/admin/EvoMaster_ts_admin_basic_service_admin_faults/compile_stderr.log,False,True,1,java.lang.AssertionError;test_failure,1,False,11.56,9.01,154.73,"Tests run: 1, Failures: 1, Errors: 0, Skipped: 0",/mnt/train-ticket-aitest/evomaster/evomaster-config/runtime-logs/methods/ts-admin-basic-service/admin/EvoMaster_ts_admin_basic_service_admin_faults/test_0_getOnPricesShowsFaults_100_101,/mnt/train-ticket-aitest/evomaster/evomaster-config/runtime-logs/methods/ts-admin-basic-service/admin/EvoMaster_ts_admin_basic_service_admin_faults/test_0_getOnPricesShowsFaults_100_101/run.log,/mnt/train-ticket-aitest/evomaster/evomaster-config/runtime-logs/methods/ts-admin-basic-service/admin/EvoMaster_ts_admin_basic_service_admin_faults/test_0_getOnPricesShowsFaults_100_101/run_stdout.log,/mnt/train-ticket-aitest/evomaster/evomaster-config/runtime-logs/methods/ts-admin-basic-service/admin/EvoMaster_ts_admin_basic_service_admin_faults/test_0_getOnPricesShowsFaults_100_101/run_stderr.log
ts-admin-basic-service,admin,EvoMaster_ts-admin-basic-service_admin_faults.java,EvoMaster_ts_admin_basic_service_admin_faults,test_1_postOnPricesShowsFaults_100_101,False,1,500,/api/v1/adminbasicservice/adminbasic/prices,POST,500,.statusCode(500) .assertThat(),6,".post(baseUrlOfSut + ""/api/v1/adminbasicservice/adminbasic/prices"")",".body("" { "" + 
                    "" \""routeId\"" : \""UOvuW0dvLAfV3Mo\"", "" + 
                    "" \""basicPriceRate\"" : -1.3838933705636342E9, "" + 
                    "" \""firstClassPriceRate\"" : -6.796338399002931E8 "" + 
                    "" } "")",".header(""Authorization"", ""Bearer eyJhbGciOiJIUzI1NiJ9.eyJzdWIiOiJhZG1pbiIsInJvbGVzIjpbIlJPTEVfQURNSU4iXSwiaWQiOiI0NjgwZDY4ZS0zNWMyLTQzOTgtOGQyMS00Mzk2MzNlNWViZWEiLCJpYXQiOjE3Nzg0NDQyODQsImV4cCI6MTc3ODQ0Nzg4NH0.gCgFBxwAM_LbzhIJRfPfrQgqAWiv1ZRqWKDJeavqQfg"")",faults,/mnt/train-ticket-aitest/evomaster/evomaster-config/generated-tests/blackbox/ts-admin-basic-service/admin/EvoMaster_ts-admin-basic-service_admin_faults.java,23,6,True,0,,0,0,,100.0,0,0,0,0,0,0,False,,/mnt/train-ticket-aitest/evomaster/evomaster-config/runtime-logs/classes/ts-admin-basic-service/admin/EvoMaster_ts_admin_basic_service_admin_faults,/mnt/train-ticket-aitest/evomaster/evomaster-config/runtime-logs/classes/ts-admin-basic-service/admin/EvoMaster_ts_admin_basic_service_admin_faults/compile.log,/mnt/train-ticket-aitest/evomaster/evomaster-config/runtime-logs/classes/ts-admin-basic-service/admin/EvoMaster_ts_admin_basic_service_admin_faults/compile_stdout.log,/mnt/train-ticket-aitest/evomaster/evomaster-config/runtime-logs/classes/ts-admin-basic-service/admin/EvoMaster_ts_admin_basic_service_admin_faults/compile_stderr.log,False,True,1,java.lang.AssertionError;test_failure,1,False,11.63,9.04,160.98,"Tests run: 1, Failures: 1, Errors: 0, Skipped: 0",/mnt/train-ticket-aitest/evomaster/evomaster-config/runtime-logs/methods/ts-admin-basic-service/admin/EvoMaster_ts_admin_basic_service_admin_faults/test_1_postOnPricesShowsFaults_100_101,/mnt/train-ticket-aitest/evomaster/evomaster-config/runtime-logs/methods/ts-admin-basic-service/admin/EvoMaster_ts_admin_basic_service_admin_faults/test_1_postOnPricesShowsFaults_100_101/run.log,/mnt/train-ticket-aitest/evomaster/evomaster-config/runtime-logs/methods/ts-admin-basic-service/admin/EvoMaster_ts_admin_basic_service_admin_faults/test_1_postOnPricesShowsFaults_100_101/run_stdout.log,/mnt/train-ticket-aitest/evomaster/evomaster-config/runtime-logs/methods/ts-admin-basic-service/admin/EvoMaster_ts_admin_basic_service_admin_faults/test_1_postOnPricesShowsFaults_100_101/run_stderr.log
ts-admin-basic-service,admin,EvoMaster_ts-admin-basic-service_admin_faults.java,EvoMaster_ts_admin_basic_service_admin_faults,test_2_getOnPricesReturnsMismatchResponseWithSchema,False,1,200,/api/v1/adminbasicservice/adminbasic/prices,GET,200,.statusCode(200) .assertThat(),17,".get(baseUrlOfSut + ""/api/v1/adminbasicservice/adminbasic/prices"")",,".header(""Authorization"", ""Bearer eyJhbGciOiJIUzI1NiJ9.eyJzdWIiOiJhZG1pbiIsInJvbGVzIjpbIlJPTEVfQURNSU4iXSwiaWQiOiI0NjgwZDY4ZS0zNWMyLTQzOTgtOGQyMS00Mzk2MzNlNWViZWEiLCJpYXQiOjE3Nzg0NDQyODQsImV4cCI6MTc3ODQ0Nzg4NH0.gCgFBxwAM_LbzhIJRfPfrQgqAWiv1ZRqWKDJeavqQfg"")",faults,/mnt/train-ticket-aitest/evomaster/evomaster-config/generated-tests/blackbox/ts-admin-basic-service/admin/EvoMaster_ts-admin-basic-service_admin_faults.java,23,6,True,0,,0,0,,100.0,0,0,0,0,0,0,False,,/mnt/train-ticket-aitest/evomaster/evomaster-config/runtime-logs/classes/ts-admin-basic-service/admin/EvoMaster_ts_admin_basic_service_admin_faults,/mnt/train-ticket-aitest/evomaster/evomaster-config/runtime-logs/classes/ts-admin-basic-service/admin/EvoMaster_ts_admin_basic_service_admin_faults/compile.log,/mnt/train-ticket-aitest/evomaster/evomaster-config/runtime-logs/classes/ts-admin-basic-service/admin/EvoMaster_ts_admin_basic_service_admin_faults/compile_stdout.log,/mnt/train-ticket-aitest/evomaster/evomaster-config/runtime-logs/classes/ts-admin-basic-service/admin/EvoMaster_ts_admin_basic_service_admin_faults/compile_stderr.log,False,True,1,java.lang.AssertionError;test_failure,1,False,13.06,8.89,158.18,"Tests run: 1, Failures: 1, Errors: 0, Skipped: 0",/mnt/train-ticket-aitest/evomaster/evomaster-config/runtime-logs/methods/ts-admin-basic-service/admin/EvoMaster_ts_admin_basic_service_admin_faults/test_2_getOnPricesReturnsMismatchResponseWithSchema,/mnt/train-ticket-aitest/evomaster/evomaster-config/runtime-logs/methods/ts-admin-basic-service/admin/EvoMaster_ts_admin_basic_service_admin_faults/test_2_getOnPricesReturnsMismatchResponseWithSchema/run.log,/mnt/train-ticket-aitest/evomaster/evomaster-config/runtime-logs/methods/ts-admin-basic-service/admin/EvoMaster_ts_admin_basic_service_admin_faults/test_2_getOnPricesReturnsMismatchResponseWithSchema/run_stdout.log,/mnt/train-ticket-aitest/evomaster/evomaster-config/runtime-logs/methods/ts-admin-basic-service/admin/EvoMaster_ts_admin_basic_service_admin_faults/test_2_getOnPricesReturnsMismatchResponseWithSchema/run_stderr.log
ts-admin-basic-service,admin,EvoMaster_ts-admin-basic-service_admin_faults.java,EvoMaster_ts_admin_basic_service_admin_faults,test_3_postOnPricesReturnsMismatchResponseWithSchema,False,1,403,/api/v1/adminbasicservice/adminbasic/prices,POST,403,.statusCode(403) .assertThat(),2,".post(baseUrlOfSut + ""/api/v1/adminbasicservice/adminbasic/prices"")",".body("" { "" + 
                    "" \""id\"" : \""BdwDuaQ\"", "" + 
                    "" \""trainType\"" : \""jtdjhEsGGh\"", "" + 
                    "" \""routeId\"" : \""EbqQpQM\"" "" + 
                    "" } "")",".header(""Authorization"", ""Bearer eyJhbGciOiJIUzI1NiJ9.eyJzdWIiOiJhZG1pbiIsInJvbGVzIjpbIlJPTEVfQURNSU4iXSwiaWQiOiI0NjgwZDY4ZS0zNWMyLTQzOTgtOGQyMS00Mzk2MzNlNWViZWEiLCJpYXQiOjE3Nzg0NDQyODQsImV4cCI6MTc3ODQ0Nzg4NH0.gCgFBxwAM_LbzhIJRfPfrQgqAWiv1ZRqWKDJeavqQfg"")",faults,/mnt/train-ticket-aitest/evomaster/evomaster-config/generated-tests/blackbox/ts-admin-basic-service/admin/EvoMaster_ts-admin-basic-service_admin_faults.java,23,6,True,0,,0,0,,100.0,0,0,0,0,0,0,False,,/mnt/train-ticket-aitest/evomaster/evomaster-config/runtime-logs/classes/ts-admin-basic-service/admin/EvoMaster_ts_admin_basic_service_admin_faults,/mnt/train-ticket-aitest/evomaster/evomaster-config/runtime-logs/classes/ts-admin-basic-service/admin/EvoMaster_ts_admin_basic_service_admin_faults/compile.log,/mnt/train-ticket-aitest/evomaster/evomaster-config/runtime-logs/classes/ts-admin-basic-service/admin/EvoMaster_ts_admin_basic_service_admin_faults/compile_stdout.log,/mnt/train-ticket-aitest/evomaster/evomaster-config/runtime-logs/classes/ts-admin-basic-service/admin/EvoMaster_ts_admin_basic_service_admin_faults/compile_stderr.log,False,True,1,java.lang.AssertionError;test_failure,1,False,12.06,9.29,161.44,"Tests run: 1, Failures: 1, Errors: 0, Skipped: 0",/mnt/train-ticket-aitest/evomaster/evomaster-config/runtime-logs/methods/ts-admin-basic-service/admin/EvoMaster_ts_admin_basic_service_admin_faults/test_3_postOnPricesReturnsMismatchResponseWithSchema,/mnt/train-ticket-aitest/evomaster/evomaster-config/runtime-logs/methods/ts-admin-basic-service/admin/EvoMaster_ts_admin_basic_service_admin_faults/test_3_postOnPricesReturnsMismatchResponseWithSchema/run.log,/mnt/train-ticket-aitest/evomaster/evomaster-config/runtime-logs/methods/ts-admin-basic-service/admin/EvoMaster_ts_admin_basic_service_admin_faults/test_3_postOnPricesReturnsMismatchResponseWithSchema/run_stdout.log,/mnt/train-ticket-aitest/evomaster/evomaster-config/runtime-logs/methods/ts-admin-basic-service/admin/EvoMaster_ts_admin_basic_service_admin_faults/test_3_postOnPricesReturnsMismatchResponseWithSchema/run_stderr.log
ts-admin-basic-service,admin,EvoMaster_ts-admin-basic-service_admin_faults.java,EvoMaster_ts_admin_basic_service_admin_faults,test_4_deleteOnStationShowsFaults_100_101,False,1,500,/api/v1/adminbasicservice/adminbasic/stations/{id},DELETE,500,.statusCode(500) .assertThat(),6,".delete(baseUrlOfSut + ""/api/v1/adminbasicservice/adminbasic/stations/wxiR0SPSOaW8"")",,,faults,/mnt/train-ticket-aitest/evomaster/evomaster-config/generated-tests/blackbox/ts-admin-basic-service/admin/EvoMaster_ts-admin-basic-service_admin_faults.java,23,6,True,0,,0,0,,100.0,0,0,0,0,0,0,False,,/mnt/train-ticket-aitest/evomaster/evomaster-config/runtime-logs/classes/ts-admin-basic-service/admin/EvoMaster_ts_admin_basic_service_admin_faults,/mnt/train-ticket-aitest/evomaster/evomaster-config/runtime-logs/classes/ts-admin-basic-service/admin/EvoMaster_ts_admin_basic_service_admin_faults/compile.log,/mnt/train-ticket-aitest/evomaster/evomaster-config/runtime-logs/classes/ts-admin-basic-service/admin/EvoMaster_ts_admin_basic_service_admin_faults/compile_stdout.log,/mnt/train-ticket-aitest/evomaster/evomaster-config/runtime-logs/classes/ts-admin-basic-service/admin/EvoMaster_ts_admin_basic_service_admin_faults/compile_stderr.log,False,True,1,java.lang.AssertionError;test_failure,1,False,11.54,9.53,158.24,"Tests run: 1, Failures: 1, Errors: 0, Skipped: 0",/mnt/train-ticket-aitest/evomaster/evomaster-config/runtime-logs/methods/ts-admin-basic-service/admin/EvoMaster_ts_admin_basic_service_admin_faults/test_4_deleteOnStationShowsFaults_100_101,/mnt/train-ticket-aitest/evomaster/evomaster-config/runtime-logs/methods/ts-admin-basic-service/admin/EvoMaster_ts_admin_basic_service_admin_faults/test_4_deleteOnStationShowsFaults_100_101/run.log,/mnt/train-ticket-aitest/evomaster/evomaster-config/runtime-logs/methods/ts-admin-basic-service/admin/EvoMaster_ts_admin_basic_service_admin_faults/test_4_deleteOnStationShowsFaults_100_101/run_stdout.log,/mnt/train-ticket-aitest/evomaster/evomaster-config/runtime-logs/methods/ts-admin-basic-service/admin/EvoMaster_ts_admin_basic_service_admin_faults/test_4_deleteOnStationShowsFaults_100_101/run_stderr.log
ts-admin-basic-service,admin,EvoMaster_ts-admin-basic-service_admin_faults.java,EvoMaster_ts_admin_basic_service_admin_faults,test_5_deleteOnStationReturnsMismatchResponseWithSchema,False,1,403,/api/v1/adminbasicservice/adminbasic/stations/{id},DELETE,403,.statusCode(403) .assertThat(),2,".delete(baseUrlOfSut + ""/api/v1/adminbasicservice/adminbasic/stations/Im"")",,".header(""Authorization"", ""Bearer eyJhbGciOiJIUzI1NiJ9.eyJzdWIiOiJhZG1pbiIsInJvbGVzIjpbIlJPTEVfQURNSU4iXSwiaWQiOiI0NjgwZDY4ZS0zNWMyLTQzOTgtOGQyMS00Mzk2MzNlNWViZWEiLCJpYXQiOjE3Nzg0NDQyODQsImV4cCI6MTc3ODQ0Nzg4NH0.gCgFBxwAM_LbzhIJRfPfrQgqAWiv1ZRqWKDJeavqQfg"")",faults,/mnt/train-ticket-aitest/evomaster/evomaster-config/generated-tests/blackbox/ts-admin-basic-service/admin/EvoMaster_ts-admin-basic-service_admin_faults.java,23,6,True,0,,0,0,,100.0,0,0,0,0,0,0,False,,/mnt/train-ticket-aitest/evomaster/evomaster-config/runtime-logs/classes/ts-admin-basic-service/admin/EvoMaster_ts_admin_basic_service_admin_faults,/mnt/train-ticket-aitest/evomaster/evomaster-config/runtime-logs/classes/ts-admin-basic-service/admin/EvoMaster_ts_admin_basic_service_admin_faults/compile.log,/mnt/train-ticket-aitest/evomaster/evomaster-config/runtime-logs/classes/ts-admin-basic-service/admin/EvoMaster_ts_admin_basic_service_admin_faults/compile_stdout.log,/mnt/train-ticket-aitest/evomaster/evomaster-config/runtime-logs/classes/ts-admin-basic-service/admin/EvoMaster_ts_admin_basic_service_admin_faults/compile_stderr.log,False,True,1,java.lang.AssertionError;test_failure,1,False,13.67,9.07,160.11,"Tests run: 1, Failures: 1, Errors: 0, Skipped: 0",/mnt/train-ticket-aitest/evomaster/evomaster-config/runtime-logs/methods/ts-admin-basic-service/admin/EvoMaster_ts_admin_basic_service_admin_faults/test_5_deleteOnStationReturnsMismatchResponseWithSchema,/mnt/train-ticket-aitest/evomaster/evomaster-config/runtime-logs/methods/ts-admin-basic-service/admin/EvoMaster_ts_admin_basic_service_admin_faults/test_5_deleteOnStationReturnsMismatchResponseWithSchema/run.log,/mnt/train-ticket-aitest/evomaster/evomaster-config/runtime-logs/methods/ts-admin-basic-service/admin/EvoMaster_ts_admin_basic_service_admin_faults/test_5_deleteOnStationReturnsMismatchResponseWithSchema/run_stdout.log,/mnt/train-ticket-aitest/evomaster/evomaster-config/runtime-logs/methods/ts-admin-basic-service/admin/EvoMaster_ts_admin_basic_service_admin_faults/test_5_deleteOnStationReturnsMismatchResponseWithSchema/run_stderr.log
ts-admin-basic-service,none,EvoMaster_ts-admin-basic-service_none_faults.java,EvoMaster_ts_admin_basic_service_none_faults,test_0_getOnPricesShowsFaults_100_101,False,1,500,/api/v1/adminbasicservice/adminbasic/prices,GET,500,.statusCode(500) .assertThat(),6,".get(baseUrlOfSut + ""/api/v1/adminbasicservice/adminbasic/prices"")",,,faults,/mnt/train-ticket-aitest/evomaster/evomaster-config/generated-tests/blackbox/ts-admin-basic-service/none/EvoMaster_ts-admin-basic-service_none_faults.java,23,6,True,0,,0,0,,100.0,0,0,0,0,0,0,False,,/mnt/train-ticket-aitest/evomaster/evomaster-config/runtime-logs/classes/ts-admin-basic-service/none/EvoMaster_ts_admin_basic_service_none_faults,/mnt/train-ticket-aitest/evomaster/evomaster-config/runtime-logs/classes/ts-admin-basic-service/none/EvoMaster_ts_admin_basic_service_none_faults/compile.log,/mnt/train-ticket-aitest/evomaster/evomaster-config/runtime-logs/classes/ts-admin-basic-service/none/EvoMaster_ts_admin_basic_service_none_faults/compile_stdout.log,/mnt/train-ticket-aitest/evomaster/evomaster-config/runtime-logs/classes/ts-admin-basic-service/none/EvoMaster_ts_admin_basic_service_none_faults/compile_stderr.log,False,True,1,java.lang.AssertionError;test_failure,1,False,12.08,9.73,171.38,"Tests run: 1, Failures: 1, Errors: 0, Skipped: 0",/mnt/train-ticket-aitest/evomaster/evomaster-config/runtime-logs/methods/ts-admin-basic-service/none/EvoMaster_ts_admin_basic_service_none_faults/test_0_getOnPricesShowsFaults_100_101,/mnt/train-ticket-aitest/evomaster/evomaster-config/runtime-logs/methods/ts-admin-basic-service/none/EvoMaster_ts_admin_basic_service_none_faults/test_0_getOnPricesShowsFaults_100_101/run.log,/mnt/train-ticket-aitest/evomaster/evomaster-config/runtime-logs/methods/ts-admin-basic-service/none/EvoMaster_ts_admin_basic_service_none_faults/test_0_getOnPricesShowsFaults_100_101/run_stdout.log,/mnt/train-ticket-aitest/evomaster/evomaster-config/runtime-logs/methods/ts-admin-basic-service/none/EvoMaster_ts_admin_basic_service_none_faults/test_0_getOnPricesShowsFaults_100_101/run_stderr.log
ts-admin-basic-service,none,EvoMaster_ts-admin-basic-service_none_faults.java,EvoMaster_ts_admin_basic_service_none_faults,test_1_getOnPricesShowsFaults_100_101,True,1,500,/api/v1/adminbasicservice/adminbasic/prices,POST,500;403,.statusCode(500) .assertThat() | .statusCode(403) .assertThat(),24,".post(baseUrlOfSut + ""/api/v1/adminbasicservice/adminbasic/prices"") | .post(baseUrlOfSut + ""/api/v1/adminbasicservice/adminbasic/prices"") | .post(baseUrlOfSut + ""/api/v1/adminbasicservice/adminbasic/prices"") | .get(baseUrlOfSut + ""/api/v1/adminbasicservice/adminbasic/prices"")",".body("" { "" + 
                    "" \""trainType\"" : \""7nLGuIPqK\"", "" + 
                    "" \""firstClassPriceRate\"" : -1.6677261783722466E8 "" + 
                    "" } "") | .body("" { "" + 
                    "" \""id\"" : \""2nhnXwdisE\"", "" + 
                    "" \""routeId\"" : \""p304woxU5cb7w\"", "" + 
                    "" \""basicPriceRate\"" : -1.1884284637712148E8, "" + 
                    "" \""firstClassPriceRate\"" : -8.65486775751343E8 "" + 
                    "" } "") | .body("" { "" + 
                    "" \""firstClassPriceRate\"" : 1.2189537351303534E8 "" + 
                    "" } "")",,faults,/mnt/train-ticket-aitest/evomaster/evomaster-config/generated-tests/blackbox/ts-admin-basic-service/none/EvoMaster_ts-admin-basic-service_none_faults.java,23,6,True,0,,0,0,,100.0,0,0,0,0,0,0,False,,/mnt/train-ticket-aitest/evomaster/evomaster-config/runtime-logs/classes/ts-admin-basic-service/none/EvoMaster_ts_admin_basic_service_none_faults,/mnt/train-ticket-aitest/evomaster/evomaster-config/runtime-logs/classes/ts-admin-basic-service/none/EvoMaster_ts_admin_basic_service_none_faults/compile.log,/mnt/train-ticket-aitest/evomaster/evomaster-config/runtime-logs/classes/ts-admin-basic-service/none/EvoMaster_ts_admin_basic_service_none_faults/compile_stdout.log,/mnt/train-ticket-aitest/evomaster/evomaster-config/runtime-logs/classes/ts-admin-basic-service/none/EvoMaster_ts_admin_basic_service_none_faults/compile_stderr.log,False,True,1,java.lang.AssertionError;test_failure,1,False,11.64,8.86,163.58,"Tests run: 1, Failures: 1, Errors: 0, Skipped: 0",/mnt/train-ticket-aitest/evomaster/evomaster-config/runtime-logs/methods/ts-admin-basic-service/none/EvoMaster_ts_admin_basic_service_none_faults/test_1_getOnPricesShowsFaults_100_101,/mnt/train-ticket-aitest/evomaster/evomaster-config/runtime-logs/methods/ts-admin-basic-service/none/EvoMaster_ts_admin_basic_service_none_faults/test_1_getOnPricesShowsFaults_100_101/run.log,/mnt/train-ticket-aitest/evomaster/evomaster-config/runtime-logs/methods/ts-admin-basic-service/none/EvoMaster_ts_admin_basic_service_none_faults/test_1_getOnPricesShowsFaults_100_101/run_stdout.log,/mnt/train-ticket-aitest/evomaster/evomaster-config/runtime-logs/methods/ts-admin-basic-service/none/EvoMaster_ts_admin_basic_service_none_faults/test_1_getOnPricesShowsFaults_100_101/run_stderr.log
ts-admin-basic-service,none,EvoMaster_ts-admin-basic-service_none_faults.java,EvoMaster_ts_admin_basic_service_none_faults,test_1_getOnPricesShowsFaults_100_101,True,2,500,/api/v1/adminbasicservice/adminbasic/prices,POST,500;403,.statusCode(500) .assertThat() | .statusCode(403) .assertThat(),24,".post(baseUrlOfSut + ""/api/v1/adminbasicservice/adminbasic/prices"") | .post(baseUrlOfSut + ""/api/v1/adminbasicservice/adminbasic/prices"") | .post(baseUrlOfSut + ""/api/v1/adminbasicservice/adminbasic/prices"") | .get(baseUrlOfSut + ""/api/v1/adminbasicservice/adminbasic/prices"")",".body("" { "" + 
                    "" \""trainType\"" : \""7nLGuIPqK\"", "" + 
                    "" \""firstClassPriceRate\"" : -1.6677261783722466E8 "" + 
                    "" } "") | .body("" { "" + 
                    "" \""id\"" : \""2nhnXwdisE\"", "" + 
                    "" \""routeId\"" : \""p304woxU5cb7w\"", "" + 
                    "" \""basicPriceRate\"" : -1.1884284637712148E8, "" + 
                    "" \""firstClassPriceRate\"" : -8.65486775751343E8 "" + 
                    "" } "") | .body("" { "" + 
                    "" \""firstClassPriceRate\"" : 1.2189537351303534E8 "" + 
                    "" } "")",,faults,/mnt/train-ticket-aitest/evomaster/evomaster-config/generated-tests/blackbox/ts-admin-basic-service/none/EvoMaster_ts-admin-basic-service_none_faults.java,23,6,True,0,,0,0,,100.0,0,0,0,0,0,0,False,,/mnt/train-ticket-aitest/evomaster/evomaster-config/runtime-logs/classes/ts-admin-basic-service/none/EvoMaster_ts_admin_basic_service_none_faults,/mnt/train-ticket-aitest/evomaster/evomaster-config/runtime-logs/classes/ts-admin-basic-service/none/EvoMaster_ts_admin_basic_service_none_faults/compile.log,/mnt/train-ticket-aitest/evomaster/evomaster-config/runtime-logs/classes/ts-admin-basic-service/none/EvoMaster_ts_admin_basic_service_none_faults/compile_stdout.log,/mnt/train-ticket-aitest/evomaster/evomaster-config/runtime-logs/classes/ts-admin-basic-service/none/EvoMaster_ts_admin_basic_service_none_faults/compile_stderr.log,False,True,1,java.lang.AssertionError;test_failure,1,False,11.55,8.69,155.8,"Tests run: 1, Failures: 1, Errors: 0, Skipped: 0",/mnt/train-ticket-aitest/evomaster/evomaster-config/runtime-logs/methods/ts-admin-basic-service/none/EvoMaster_ts_admin_basic_service_none_faults/test_1_getOnPricesShowsFaults_100_101,/mnt/train-ticket-aitest/evomaster/evomaster-config/runtime-logs/methods/ts-admin-basic-service/none/EvoMaster_ts_admin_basic_service_none_faults/test_1_getOnPricesShowsFaults_100_101/run.log,/mnt/train-ticket-aitest/evomaster/evomaster-config/runtime-logs/methods/ts-admin-basic-service/none/EvoMaster_ts_admin_basic_service_none_faults/test_1_getOnPricesShowsFaults_100_101/run_stdout.log,/mnt/train-ticket-aitest/evomaster/evomaster-config/runtime-logs/methods/ts-admin-basic-service/none/EvoMaster_ts_admin_basic_service_none_faults/test_1_getOnPricesShowsFaults_100_101/run_stderr.log
ts-admin-basic-service,none,EvoMaster_ts-admin-basic-service_none_faults.java,EvoMaster_ts_admin_basic_service_none_faults,test_1_getOnPricesShowsFaults_100_101,True,3,500,/api/v1/adminbasicservice/adminbasic/prices,POST,500;403,.statusCode(500) .assertThat() | .statusCode(403) .assertThat(),24,".post(baseUrlOfSut + ""/api/v1/adminbasicservice/adminbasic/prices"") | .post(baseUrlOfSut + ""/api/v1/adminbasicservice/adminbasic/prices"") | .post(baseUrlOfSut + ""/api/v1/adminbasicservice/adminbasic/prices"") | .get(baseUrlOfSut + ""/api/v1/adminbasicservice/adminbasic/prices"")",".body("" { "" + 
                    "" \""trainType\"" : \""7nLGuIPqK\"", "" + 
                    "" \""firstClassPriceRate\"" : -1.6677261783722466E8 "" + 
                    "" } "") | .body("" { "" + 
                    "" \""id\"" : \""2nhnXwdisE\"", "" + 
                    "" \""routeId\"" : \""p304woxU5cb7w\"", "" + 
                    "" \""basicPriceRate\"" : -1.1884284637712148E8, "" + 
                    "" \""firstClassPriceRate\"" : -8.65486775751343E8 "" + 
                    "" } "") | .body("" { "" + 
                    "" \""firstClassPriceRate\"" : 1.2189537351303534E8 "" + 
                    "" } "")",,faults,/mnt/train-ticket-aitest/evomaster/evomaster-config/generated-tests/blackbox/ts-admin-basic-service/none/EvoMaster_ts-admin-basic-service_none_faults.java,23,6,True,0,,0,0,,100.0,0,0,0,0,0,0,False,,/mnt/train-ticket-aitest/evomaster/evomaster-config/runtime-logs/classes/ts-admin-basic-service/none/EvoMaster_ts_admin_basic_service_none_faults,/mnt/train-ticket-aitest/evomaster/evomaster-config/runtime-logs/classes/ts-admin-basic-service/none/EvoMaster_ts_admin_basic_service_none_faults/compile.log,/mnt/train-ticket-aitest/evomaster/evomaster-config/runtime-logs/classes/ts-admin-basic-service/none/EvoMaster_ts_admin_basic_service_none_faults/compile_stdout.log,/mnt/train-ticket-aitest/evomaster/evomaster-config/runtime-logs/classes/ts-admin-basic-service/none/EvoMaster_ts_admin_basic_service_none_faults/compile_stderr.log,False,True,1,java.lang.AssertionError;test_failure,1,False,11.6,8.91,159.54,"Tests run: 1, Failures: 1, Errors: 0, Skipped: 0",/mnt/train-ticket-aitest/evomaster/evomaster-config/runtime-logs/methods/ts-admin-basic-service/none/EvoMaster_ts_admin_basic_service_none_faults/test_1_getOnPricesShowsFaults_100_101,/mnt/train-ticket-aitest/evomaster/evomaster-config/runtime-logs/methods/ts-admin-basic-service/none/EvoMaster_ts_admin_basic_service_none_faults/test_1_getOnPricesShowsFaults_100_101/run.log,/mnt/train-ticket-aitest/evomaster/evomaster-config/runtime-logs/methods/ts-admin-basic-service/none/EvoMaster_ts_admin_basic_service_none_faults/test_1_getOnPricesShowsFaults_100_101/run_stdout.log,/mnt/train-ticket-aitest/evomaster/evomaster-config/runtime-logs/methods/ts-admin-basic-service/none/EvoMaster_ts_admin_basic_service_none_faults/test_1_getOnPricesShowsFaults_100_101/run_stderr.log
ts-admin-basic-service,none,EvoMaster_ts-admin-basic-service_none_faults.java,EvoMaster_ts_admin_basic_service_none_faults,test_1_getOnPricesShowsFaults_100_101,True,4,403,/api/v1/adminbasicservice/adminbasic/prices,GET,500;403,.statusCode(500) .assertThat() | .statusCode(403) .assertThat(),24,".post(baseUrlOfSut + ""/api/v1/adminbasicservice/adminbasic/prices"") | .post(baseUrlOfSut + ""/api/v1/adminbasicservice/adminbasic/prices"") | .post(baseUrlOfSut + ""/api/v1/adminbasicservice/adminbasic/prices"") | .get(baseUrlOfSut + ""/api/v1/adminbasicservice/adminbasic/prices"")",".body("" { "" + 
                    "" \""trainType\"" : \""7nLGuIPqK\"", "" + 
                    "" \""firstClassPriceRate\"" : -1.6677261783722466E8 "" + 
                    "" } "") | .body("" { "" + 
                    "" \""id\"" : \""2nhnXwdisE\"", "" + 
                    "" \""routeId\"" : \""p304woxU5cb7w\"", "" + 
                    "" \""basicPriceRate\"" : -1.1884284637712148E8, "" + 
                    "" \""firstClassPriceRate\"" : -8.65486775751343E8 "" + 
                    "" } "") | .body("" { "" + 
                    "" \""firstClassPriceRate\"" : 1.2189537351303534E8 "" + 
                    "" } "")",,faults,/mnt/train-ticket-aitest/evomaster/evomaster-config/generated-tests/blackbox/ts-admin-basic-service/none/EvoMaster_ts-admin-basic-service_none_faults.java,23,6,True,0,,0,0,,100.0,0,0,0,0,0,0,False,,/mnt/train-ticket-aitest/evomaster/evomaster-config/runtime-logs/classes/ts-admin-basic-service/none/EvoMaster_ts_admin_basic_service_none_faults,/mnt/train-ticket-aitest/evomaster/evomaster-config/runtime-logs/classes/ts-admin-basic-service/none/EvoMaster_ts_admin_basic_service_none_faults/compile.log,/mnt/train-ticket-aitest/evomaster/evomaster-config/runtime-logs/classes/ts-admin-basic-service/none/EvoMaster_ts_admin_basic_service_none_faults/compile_stdout.log,/mnt/train-ticket-aitest/evomaster/evomaster-config/runtime-logs/classes/ts-admin-basic-service/none/EvoMaster_ts_admin_basic_service_none_faults/compile_stderr.log,False,True,1,java.lang.AssertionError;test_failure,1,False,11.04,9.07,162.51,"Tests run: 1, Failures: 1, Errors: 0, Skipped: 0",/mnt/train-ticket-aitest/evomaster/evomaster-config/runtime-logs/methods/ts-admin-basic-service/none/EvoMaster_ts_admin_basic_service_none_faults/test_1_getOnPricesShowsFaults_100_101,/mnt/train-ticket-aitest/evomaster/evomaster-config/runtime-logs/methods/ts-admin-basic-service/none/EvoMaster_ts_admin_basic_service_none_faults/test_1_getOnPricesShowsFaults_100_101/run.log,/mnt/train-ticket-aitest/evomaster/evomaster-config/runtime-logs/methods/ts-admin-basic-service/none/EvoMaster_ts_admin_basic_service_none_faults/test_1_getOnPricesShowsFaults_100_101/run_stdout.log,/mnt/train-ticket-aitest/evomaster/evomaster-config/runtime-logs/methods/ts-admin-basic-service/none/EvoMaster_ts_admin_basic_service_none_faults/test_1_getOnPricesShowsFaults_100_101/run_stderr.log
ts-admin-basic-service,none,EvoMaster_ts-admin-basic-service_none_faults.java,EvoMaster_ts_admin_basic_service_none_faults,test_2_postOnPricesShowsFaults_100_101,False,1,500,/api/v1/adminbasicservice/adminbasic/prices,POST,500,.statusCode(500) .assertThat(),6,".post(baseUrlOfSut + ""/api/v1/adminbasicservice/adminbasic/prices"")",".body("" { "" + 
                    "" \""basicPriceRate\"" : 1.3535210183465533E9 "" + 
                    "" } "")",,faults,/mnt/train-ticket-aitest/evomaster/evomaster-config/generated-tests/blackbox/ts-admin-basic-service/none/EvoMaster_ts-admin-basic-service_none_faults.java,23,6,True,0,,0,0,,100.0,0,0,0,0,0,0,False,,/mnt/train-ticket-aitest/evomaster/evomaster-config/runtime-logs/classes/ts-admin-basic-service/none/EvoMaster_ts_admin_basic_service_none_faults,/mnt/train-ticket-aitest/evomaster/evomaster-config/runtime-logs/classes/ts-admin-basic-service/none/EvoMaster_ts_admin_basic_service_none_faults/compile.log,/mnt/train-ticket-aitest/evomaster/evomaster-config/runtime-logs/classes/ts-admin-basic-service/none/EvoMaster_ts_admin_basic_service_none_faults/compile_stdout.log,/mnt/train-ticket-aitest/evomaster/evomaster-config/runtime-logs/classes/ts-admin-basic-service/none/EvoMaster_ts_admin_basic_service_none_faults/compile_stderr.log,False,True,1,java.lang.AssertionError;test_failure,1,False,11.04,9.07,160.84,"Tests run: 1, Failures: 1, Errors: 0, Skipped: 0",/mnt/train-ticket-aitest/evomaster/evomaster-config/runtime-logs/methods/ts-admin-basic-service/none/EvoMaster_ts_admin_basic_service_none_faults/test_2_postOnPricesShowsFaults_100_101,/mnt/train-ticket-aitest/evomaster/evomaster-config/runtime-logs/methods/ts-admin-basic-service/none/EvoMaster_ts_admin_basic_service_none_faults/test_2_postOnPricesShowsFaults_100_101/run.log,/mnt/train-ticket-aitest/evomaster/evomaster-config/runtime-logs/methods/ts-admin-basic-service/none/EvoMaster_ts_admin_basic_service_none_faults/test_2_postOnPricesShowsFaults_100_101/run_stdout.log,/mnt/train-ticket-aitest/evomaster/evomaster-config/runtime-logs/methods/ts-admin-basic-service/none/EvoMaster_ts_admin_basic_service_none_faults/test_2_postOnPricesShowsFaults_100_101/run_stderr.log
ts-admin-basic-service,none,EvoMaster_ts-admin-basic-service_none_faults.java,EvoMaster_ts_admin_basic_service_none_faults,test_3_postOnPricesReturnsMismatchResponseWithSchema,False,1,403,/api/v1/adminbasicservice/adminbasic/prices,POST,403,.statusCode(403) .assertThat(),2,".post(baseUrlOfSut + ""/api/v1/adminbasicservice/adminbasic/prices"")",".body("" { "" + 
                    "" \""trainType\"" : \""7nLGuIPqK\"", "" + 
                    "" \""firstClassPriceRate\"" : -1.6677261783722466E8 "" + 
                    "" } "")",,faults,/mnt/train-ticket-aitest/evomaster/evomaster-config/generated-tests/blackbox/ts-admin-basic-service/none/EvoMaster_ts-admin-basic-service_none_faults.java,23,6,True,0,,0,0,,100.0,0,0,0,0,0,0,False,,/mnt/train-ticket-aitest/evomaster/evomaster-config/runtime-logs/classes/ts-admin-basic-service/none/EvoMaster_ts_admin_basic_service_none_faults,/mnt/train-ticket-aitest/evomaster/evomaster-config/runtime-logs/classes/ts-admin-basic-service/none/EvoMaster_ts_admin_basic_service_none_faults/compile.log,/mnt/train-ticket-aitest/evomaster/evomaster-config/runtime-logs/classes/ts-admin-basic-service/none/EvoMaster_ts_admin_basic_service_none_faults/compile_stdout.log,/mnt/train-ticket-aitest/evomaster/evomaster-config/runtime-logs/classes/ts-admin-basic-service/none/EvoMaster_ts_admin_basic_service_none_faults/compile_stderr.log,True,True,0,,0,False,10.53,8.4,168.95,Test passed (detected via Surefire XML),/mnt/train-ticket-aitest/evomaster/evomaster-config/runtime-logs/methods/ts-admin-basic-service/none/EvoMaster_ts_admin_basic_service_none_faults/test_3_postOnPricesReturnsMismatchResponseWithSchema,/mnt/train-ticket-aitest/evomaster/evomaster-config/runtime-logs/methods/ts-admin-basic-service/none/EvoMaster_ts_admin_basic_service_none_faults/test_3_postOnPricesReturnsMismatchResponseWithSchema/run.log,/mnt/train-ticket-aitest/evomaster/evomaster-config/runtime-logs/methods/ts-admin-basic-service/none/EvoMaster_ts_admin_basic_service_none_faults/test_3_postOnPricesReturnsMismatchResponseWithSchema/run_stdout.log,/mnt/train-ticket-aitest/evomaster/evomaster-config/runtime-logs/methods/ts-admin-basic-service/none/EvoMaster_ts_admin_basic_service_none_faults/test_3_postOnPricesReturnsMismatchResponseWithSchema/run_stderr.log
ts-admin-basic-service,none,EvoMaster_ts-admin-basic-service_none_faults.java,EvoMaster_ts_admin_basic_service_none_faults,test_4_deleteOnStationShowsFaults_100_101,False,1,500,/api/v1/adminbasicservice/adminbasic/stations/{id},DELETE,500,.statusCode(500) .assertThat(),6,".delete(baseUrlOfSut + ""/api/v1/adminbasicservice/adminbasic/stations/H0gnu8PUo"")",,,faults,/mnt/train-ticket-aitest/evomaster/evomaster-config/generated-tests/blackbox/ts-admin-basic-service/none/EvoMaster_ts-admin-basic-service_none_faults.java,23,6,True,0,,0,0,,100.0,0,0,0,0,0,0,False,,/mnt/train-ticket-aitest/evomaster/evomaster-config/runtime-logs/classes/ts-admin-basic-service/none/EvoMaster_ts_admin_basic_service_none_faults,/mnt/train-ticket-aitest/evomaster/evomaster-config/runtime-logs/classes/ts-admin-basic-service/none/EvoMaster_ts_admin_basic_service_none_faults/compile.log,/mnt/train-ticket-aitest/evomaster/evomaster-config/runtime-logs/classes/ts-admin-basic-service/none/EvoMaster_ts_admin_basic_service_none_faults/compile_stdout.log,/mnt/train-ticket-aitest/evomaster/evomaster-config/runtime-logs/classes/ts-admin-basic-service/none/EvoMaster_ts_admin_basic_service_none_faults/compile_stderr.log,False,True,1,java.lang.AssertionError;test_failure,1,False,11.07,9.19,169.68,"Tests run: 1, Failures: 1, Errors: 0, Skipped: 0",/mnt/train-ticket-aitest/evomaster/evomaster-config/runtime-logs/methods/ts-admin-basic-service/none/EvoMaster_ts_admin_basic_service_none_faults/test_4_deleteOnStationShowsFaults_100_101,/mnt/train-ticket-aitest/evomaster/evomaster-config/runtime-logs/methods/ts-admin-basic-service/none/EvoMaster_ts_admin_basic_service_none_faults/test_4_deleteOnStationShowsFaults_100_101/run.log,/mnt/train-ticket-aitest/evomaster/evomaster-config/runtime-logs/methods/ts-admin-basic-service/none/EvoMaster_ts_admin_basic_service_none_faults/test_4_deleteOnStationShowsFaults_100_101/run_stdout.log,/mnt/train-ticket-aitest/evomaster/evomaster-config/runtime-logs/methods/ts-admin-basic-service/none/EvoMaster_ts_admin_basic_service_none_faults/test_4_deleteOnStationShowsFaults_100_101/run_stderr.log
ts-admin-basic-service,none,EvoMaster_ts-admin-basic-service_none_faults.java,EvoMaster_ts_admin_basic_service_none_faults,test_5_deleteOnStationReturnsMismatchResponseWithSchema,False,1,403,/api/v1/adminbasicservice/adminbasic/stations/{id},DELETE,403,.statusCode(403) .assertThat(),2,".delete(baseUrlOfSut + ""/api/v1/adminbasicservice/adminbasic/stations/Jp9J1ink"")",,,faults,/mnt/train-ticket-aitest/evomaster/evomaster-config/generated-tests/blackbox/ts-admin-basic-service/none/EvoMaster_ts-admin-basic-service_none_faults.java,23,6,True,0,,0,0,,100.0,0,0,0,0,0,0,False,,/mnt/train-ticket-aitest/evomaster/evomaster-config/runtime-logs/classes/ts-admin-basic-service/none/EvoMaster_ts_admin_basic_service_none_faults,/mnt/train-ticket-aitest/evomaster/evomaster-config/runtime-logs/classes/ts-admin-basic-service/none/EvoMaster_ts_admin_basic_service_none_faults/compile.log,/mnt/train-ticket-aitest/evomaster/evomaster-config/runtime-logs/classes/ts-admin-basic-service/none/EvoMaster_ts_admin_basic_service_none_faults/compile_stdout.log,/mnt/train-ticket-aitest/evomaster/evomaster-config/runtime-logs/classes/ts-admin-basic-service/none/EvoMaster_ts_admin_basic_service_none_faults/compile_stderr.log,True,True,0,,0,False,11.56,9.01,159.13,Test passed (detected via Surefire XML),/mnt/train-ticket-aitest/evomaster/evomaster-config/runtime-logs/methods/ts-admin-basic-service/none/EvoMaster_ts_admin_basic_service_none_faults/test_5_deleteOnStationReturnsMismatchResponseWithSchema,/mnt/train-ticket-aitest/evomaster/evomaster-config/runtime-logs/methods/ts-admin-basic-service/none/EvoMaster_ts_admin_basic_service_none_faults/test_5_deleteOnStationReturnsMismatchResponseWithSchema/run.log,/mnt/train-ticket-aitest/evomaster/evomaster-config/runtime-logs/methods/ts-admin-basic-service/none/EvoMaster_ts_admin_basic_service_none_faults/test_5_deleteOnStationReturnsMismatchResponseWithSchema/run_stdout.log,/mnt/train-ticket-aitest/evomaster/evomaster-config/runtime-logs/methods/ts-admin-basic-service/none/EvoMaster_ts_admin_basic_service_none_faults/test_5_deleteOnStationReturnsMismatchResponseWithSchema/run_stderr.log
ts-admin-basic-service,user,EvoMaster_ts-admin-basic-service_user_faults.java,EvoMaster_ts_admin_basic_service_user_faults,test_0_getOnPricesShowsFaults_100_101,False,1,500,/api/v1/adminbasicservice/adminbasic/prices,GET,500,.statusCode(500) .assertThat(),6,".get(baseUrlOfSut + ""/api/v1/adminbasicservice/adminbasic/prices"")",,".header(""Authorization"", ""Bearer eyJhbGciOiJIUzI1NiJ9.eyJzdWIiOiJmZHNlX21pY3Jvc2VydmljZSIsInJvbGVzIjpbIlJPTEVfVVNFUiJdLCJpZCI6IjRkMmE0NmM3LTcxY2ItNGNmMS1iNWJiLWI2ODQwNmQ5ZGE2ZiIsImlhdCI6MTc3ODQ0NDI4NSwiZXhwIjoxNzc4NDQ3ODg1fQ.mNH7GZ4mKP6oRWC5YxdRfPA9MfPe-sJ3XCo5Y3xYFLA"")",faults,/mnt/train-ticket-aitest/evomaster/evomaster-config/generated-tests/blackbox/ts-admin-basic-service/user/EvoMaster_ts-admin-basic-service_user_faults.java,23,6,True,0,,0,0,,100.0,0,0,0,0,0,0,False,,/mnt/train-ticket-aitest/evomaster/evomaster-config/runtime-logs/classes/ts-admin-basic-service/user/EvoMaster_ts_admin_basic_service_user_faults,/mnt/train-ticket-aitest/evomaster/evomaster-config/runtime-logs/classes/ts-admin-basic-service/user/EvoMaster_ts_admin_basic_service_user_faults/compile.log,/mnt/train-ticket-aitest/evomaster/evomaster-config/runtime-logs/classes/ts-admin-basic-service/user/EvoMaster_ts_admin_basic_service_user_faults/compile_stdout.log,/mnt/train-ticket-aitest/evomaster/evomaster-config/runtime-logs/classes/ts-admin-basic-service/user/EvoMaster_ts_admin_basic_service_user_faults/compile_stderr.log,False,True,1,java.lang.AssertionError;test_failure,1,False,12.15,9.93,176.56,"Tests run: 1, Failures: 1, Errors: 0, Skipped: 0",/mnt/train-ticket-aitest/evomaster/evomaster-config/runtime-logs/methods/ts-admin-basic-service/user/EvoMaster_ts_admin_basic_service_user_faults/test_0_getOnPricesShowsFaults_100_101,/mnt/train-ticket-aitest/evomaster/evomaster-config/runtime-logs/methods/ts-admin-basic-service/user/EvoMaster_ts_admin_basic_service_user_faults/test_0_getOnPricesShowsFaults_100_101/run.log,/mnt/train-ticket-aitest/evomaster/evomaster-config/runtime-logs/methods/ts-admin-basic-service/user/EvoMaster_ts_admin_basic_service_user_faults/test_0_getOnPricesShowsFaults_100_101/run_stdout.log,/mnt/train-ticket-aitest/evomaster/evomaster-config/runtime-logs/methods/ts-admin-basic-service/user/EvoMaster_ts_admin_basic_service_user_faults/test_0_getOnPricesShowsFaults_100_101/run_stderr.log
ts-admin-basic-service,user,EvoMaster_ts-admin-basic-service_user_faults.java,EvoMaster_ts_admin_basic_service_user_faults,test_1_getOnPricesShowsFaults_100_101,True,1,403,/api/v1/adminbasicservice/adminbasic/prices,POST,403;500,.statusCode(403) .assertThat() | .statusCode(500) .assertThat(),32,".post(baseUrlOfSut + ""/api/v1/adminbasicservice/adminbasic/prices"") | .post(baseUrlOfSut + ""/api/v1/adminbasicservice/adminbasic/prices"") | .post(baseUrlOfSut + ""/api/v1/adminbasicservice/adminbasic/prices"") | .post(baseUrlOfSut + ""/api/v1/adminbasicservice/adminbasic/prices"") | .get(baseUrlOfSut + ""/api/v1/adminbasicservice/adminbasic/prices"")",".body("" { "" + 
                    "" \""id\"" : \""zldf\"", "" + 
                    "" \""basicPriceRate\"" : -5.0236794856770426E8 "" + 
                    "" } "") | .body("" { "" + 
                    "" \""firstClassPriceRate\"" : 6.114994217077557E8 "" + 
                    "" } "") | .body("" { "" + 
                    "" \""trainType\"" : \""9so\"", "" + 
                    "" \""routeId\"" : \""Bk9n\"", "" + 
                    "" \""basicPriceRate\"" : -4.1812429906613894E7 "" + 
                    "" } "") | .body("" { "" + 
                    "" \""basicPriceRate\"" : 1.5363520945541573E9, "" + 
                    "" \""firstClassPriceRate\"" : -7.540430682293407E8 "" + 
                    "" } "")",".header(""Authorization"", ""Bearer eyJhbGciOiJIUzI1NiJ9.eyJzdWIiOiJmZHNlX21pY3Jvc2VydmljZSIsInJvbGVzIjpbIlJPTEVfVVNFUiJdLCJpZCI6IjRkMmE0NmM3LTcxY2ItNGNmMS1iNWJiLWI2ODQwNmQ5ZGE2ZiIsImlhdCI6MTc3ODQ0NDI4NSwiZXhwIjoxNzc4NDQ3ODg1fQ.mNH7GZ4mKP6oRWC5YxdRfPA9MfPe-sJ3XCo5Y3xYFLA"") | .header(""Authorization"", ""Bearer eyJhbGciOiJIUzI1NiJ9.eyJzdWIiOiJmZHNlX21pY3Jvc2VydmljZSIsInJvbGVzIjpbIlJPTEVfVVNFUiJdLCJpZCI6IjRkMmE0NmM3LTcxY2ItNGNmMS1iNWJiLWI2ODQwNmQ5ZGE2ZiIsImlhdCI6MTc3ODQ0NDI4NSwiZXhwIjoxNzc4NDQ3ODg1fQ.mNH7GZ4mKP6oRWC5YxdRfPA9MfPe-sJ3XCo5Y3xYFLA"") | .header(""Authorization"", ""Bearer eyJhbGciOiJIUzI1NiJ9.eyJzdWIiOiJmZHNlX21pY3Jvc2VydmljZSIsInJvbGVzIjpbIlJPTEVfVVNFUiJdLCJpZCI6IjRkMmE0NmM3LTcxY2ItNGNmMS1iNWJiLWI2ODQwNmQ5ZGE2ZiIsImlhdCI6MTc3ODQ0NDI4NSwiZXhwIjoxNzc4NDQ3ODg1fQ.mNH7GZ4mKP6oRWC5YxdRfPA9MfPe-sJ3XCo5Y3xYFLA"") | .header(""Authorization"", ""Bearer eyJhbGciOiJIUzI1NiJ9.eyJzdWIiOiJmZHNlX21pY3Jvc2VydmljZSIsInJvbGVzIjpbIlJPTEVfVVNFUiJdLCJpZCI6IjRkMmE0NmM3LTcxY2ItNGNmMS1iNWJiLWI2ODQwNmQ5ZGE2ZiIsImlhdCI6MTc3ODQ0NDI4NSwiZXhwIjoxNzc4NDQ3ODg1fQ.mNH7GZ4mKP6oRWC5YxdRfPA9MfPe-sJ3XCo5Y3xYFLA"") | .header(""Authorization"", ""Bearer eyJhbGciOiJIUzI1NiJ9.eyJzdWIiOiJmZHNlX21pY3Jvc2VydmljZSIsInJvbGVzIjpbIlJPTEVfVVNFUiJdLCJpZCI6IjRkMmE0NmM3LTcxY2ItNGNmMS1iNWJiLWI2ODQwNmQ5ZGE2ZiIsImlhdCI6MTc3ODQ0NDI4NSwiZXhwIjoxNzc4NDQ3ODg1fQ.mNH7GZ4mKP6oRWC5YxdRfPA9MfPe-sJ3XCo5Y3xYFLA"")",faults,/mnt/train-ticket-aitest/evomaster/evomaster-config/generated-tests/blackbox/ts-admin-basic-service/user/EvoMaster_ts-admin-basic-service_user_faults.java,23,6,True,0,,0,0,,100.0,0,0,0,0,0,0,False,,/mnt/train-ticket-aitest/evomaster/evomaster-config/runtime-logs/classes/ts-admin-basic-service/user/EvoMaster_ts_admin_basic_service_user_faults,/mnt/train-ticket-aitest/evomaster/evomaster-config/runtime-logs/classes/ts-admin-basic-service/user/EvoMaster_ts_admin_basic_service_user_faults/compile.log,/mnt/train-ticket-aitest/evomaster/evomaster-config/runtime-logs/classes/ts-admin-basic-service/user/EvoMaster_ts_admin_basic_service_user_faults/compile_stdout.log,/mnt/train-ticket-aitest/evomaster/evomaster-config/runtime-logs/classes/ts-admin-basic-service/user/EvoMaster_ts_admin_basic_service_user_faults/compile_stderr.log,False,True,1,java.lang.AssertionError;test_failure,1,False,11.1,8.5,157.63,"Tests run: 1, Failures: 1, Errors: 0, Skipped: 0",/mnt/train-ticket-aitest/evomaster/evomaster-config/runtime-logs/methods/ts-admin-basic-service/user/EvoMaster_ts_admin_basic_service_user_faults/test_1_getOnPricesShowsFaults_100_101,/mnt/train-ticket-aitest/evomaster/evomaster-config/runtime-logs/methods/ts-admin-basic-service/user/EvoMaster_ts_admin_basic_service_user_faults/test_1_getOnPricesShowsFaults_100_101/run.log,/mnt/train-ticket-aitest/evomaster/evomaster-config/runtime-logs/methods/ts-admin-basic-service/user/EvoMaster_ts_admin_basic_service_user_faults/test_1_getOnPricesShowsFaults_100_101/run_stdout.log,/mnt/train-ticket-aitest/evomaster/evomaster-config/runtime-logs/methods/ts-admin-basic-service/user/EvoMaster_ts_admin_basic_service_user_faults/test_1_getOnPricesShowsFaults_100_101/run_stderr.log
ts-admin-basic-service,user,EvoMaster_ts-admin-basic-service_user_faults.java,EvoMaster_ts_admin_basic_service_user_faults,test_1_getOnPricesShowsFaults_100_101,True,2,500,/api/v1/adminbasicservice/adminbasic/prices,POST,403;500,.statusCode(403) .assertThat() | .statusCode(500) .assertThat(),32,".post(baseUrlOfSut + ""/api/v1/adminbasicservice/adminbasic/prices"") | .post(baseUrlOfSut + ""/api/v1/adminbasicservice/adminbasic/prices"") | .post(baseUrlOfSut + ""/api/v1/adminbasicservice/adminbasic/prices"") | .post(baseUrlOfSut + ""/api/v1/adminbasicservice/adminbasic/prices"") | .get(baseUrlOfSut + ""/api/v1/adminbasicservice/adminbasic/prices"")",".body("" { "" + 
                    "" \""id\"" : \""zldf\"", "" + 
                    "" \""basicPriceRate\"" : -5.0236794856770426E8 "" + 
                    "" } "") | .body("" { "" + 
                    "" \""firstClassPriceRate\"" : 6.114994217077557E8 "" + 
                    "" } "") | .body("" { "" + 
                    "" \""trainType\"" : \""9so\"", "" + 
                    "" \""routeId\"" : \""Bk9n\"", "" + 
                    "" \""basicPriceRate\"" : -4.1812429906613894E7 "" + 
                    "" } "") | .body("" { "" + 
                    "" \""basicPriceRate\"" : 1.5363520945541573E9, "" + 
                    "" \""firstClassPriceRate\"" : -7.540430682293407E8 "" + 
                    "" } "")",".header(""Authorization"", ""Bearer eyJhbGciOiJIUzI1NiJ9.eyJzdWIiOiJmZHNlX21pY3Jvc2VydmljZSIsInJvbGVzIjpbIlJPTEVfVVNFUiJdLCJpZCI6IjRkMmE0NmM3LTcxY2ItNGNmMS1iNWJiLWI2ODQwNmQ5ZGE2ZiIsImlhdCI6MTc3ODQ0NDI4NSwiZXhwIjoxNzc4NDQ3ODg1fQ.mNH7GZ4mKP6oRWC5YxdRfPA9MfPe-sJ3XCo5Y3xYFLA"") | .header(""Authorization"", ""Bearer eyJhbGciOiJIUzI1NiJ9.eyJzdWIiOiJmZHNlX21pY3Jvc2VydmljZSIsInJvbGVzIjpbIlJPTEVfVVNFUiJdLCJpZCI6IjRkMmE0NmM3LTcxY2ItNGNmMS1iNWJiLWI2ODQwNmQ5ZGE2ZiIsImlhdCI6MTc3ODQ0NDI4NSwiZXhwIjoxNzc4NDQ3ODg1fQ.mNH7GZ4mKP6oRWC5YxdRfPA9MfPe-sJ3XCo5Y3xYFLA"") | .header(""Authorization"", ""Bearer eyJhbGciOiJIUzI1NiJ9.eyJzdWIiOiJmZHNlX21pY3Jvc2VydmljZSIsInJvbGVzIjpbIlJPTEVfVVNFUiJdLCJpZCI6IjRkMmE0NmM3LTcxY2ItNGNmMS1iNWJiLWI2ODQwNmQ5ZGE2ZiIsImlhdCI6MTc3ODQ0NDI4NSwiZXhwIjoxNzc4NDQ3ODg1fQ.mNH7GZ4mKP6oRWC5YxdRfPA9MfPe-sJ3XCo5Y3xYFLA"") | .header(""Authorization"", ""Bearer eyJhbGciOiJIUzI1NiJ9.eyJzdWIiOiJmZHNlX21pY3Jvc2VydmljZSIsInJvbGVzIjpbIlJPTEVfVVNFUiJdLCJpZCI6IjRkMmE0NmM3LTcxY2ItNGNmMS1iNWJiLWI2ODQwNmQ5ZGE2ZiIsImlhdCI6MTc3ODQ0NDI4NSwiZXhwIjoxNzc4NDQ3ODg1fQ.mNH7GZ4mKP6oRWC5YxdRfPA9MfPe-sJ3XCo5Y3xYFLA"") | .header(""Authorization"", ""Bearer eyJhbGciOiJIUzI1NiJ9.eyJzdWIiOiJmZHNlX21pY3Jvc2VydmljZSIsInJvbGVzIjpbIlJPTEVfVVNFUiJdLCJpZCI6IjRkMmE0NmM3LTcxY2ItNGNmMS1iNWJiLWI2ODQwNmQ5ZGE2ZiIsImlhdCI6MTc3ODQ0NDI4NSwiZXhwIjoxNzc4NDQ3ODg1fQ.mNH7GZ4mKP6oRWC5YxdRfPA9MfPe-sJ3XCo5Y3xYFLA"")",faults,/mnt/train-ticket-aitest/evomaster/evomaster-config/generated-tests/blackbox/ts-admin-basic-service/user/EvoMaster_ts-admin-basic-service_user_faults.java,23,6,True,0,,0,0,,100.0,0,0,0,0,0,0,False,,/mnt/train-ticket-aitest/evomaster/evomaster-config/runtime-logs/classes/ts-admin-basic-service/user/EvoMaster_ts_admin_basic_service_user_faults,/mnt/train-ticket-aitest/evomaster/evomaster-config/runtime-logs/classes/ts-admin-basic-service/user/EvoMaster_ts_admin_basic_service_user_faults/compile.log,/mnt/train-ticket-aitest/evomaster/evomaster-config/runtime-logs/classes/ts-admin-basic-service/user/EvoMaster_ts_admin_basic_service_user_faults/compile_stdout.log,/mnt/train-ticket-aitest/evomaster/evomaster-config/runtime-logs/classes/ts-admin-basic-service/user/EvoMaster_ts_admin_basic_service_user_faults/compile_stderr.log,False,True,1,java.lang.AssertionError;test_failure,1,False,11.57,9.02,152.62,"Tests run: 1, Failures: 1, Errors: 0, Skipped: 0",/mnt/train-ticket-aitest/evomaster/evomaster-config/runtime-logs/methods/ts-admin-basic-service/user/EvoMaster_ts_admin_basic_service_user_faults/test_1_getOnPricesShowsFaults_100_101,/mnt/train-ticket-aitest/evomaster/evomaster-config/runtime-logs/methods/ts-admin-basic-service/user/EvoMaster_ts_admin_basic_service_user_faults/test_1_getOnPricesShowsFaults_100_101/run.log,/mnt/train-ticket-aitest/evomaster/evomaster-config/runtime-logs/methods/ts-admin-basic-service/user/EvoMaster_ts_admin_basic_service_user_faults/test_1_getOnPricesShowsFaults_100_101/run_stdout.log,/mnt/train-ticket-aitest/evomaster/evomaster-config/runtime-logs/methods/ts-admin-basic-service/user/EvoMaster_ts_admin_basic_service_user_faults/test_1_getOnPricesShowsFaults_100_101/run_stderr.log
ts-admin-basic-service,user,EvoMaster_ts-admin-basic-service_user_faults.java,EvoMaster_ts_admin_basic_service_user_faults,test_1_getOnPricesShowsFaults_100_101,True,3,500,/api/v1/adminbasicservice/adminbasic/prices,POST,403;500,.statusCode(403) .assertThat() | .statusCode(500) .assertThat(),32,".post(baseUrlOfSut + ""/api/v1/adminbasicservice/adminbasic/prices"") | .post(baseUrlOfSut + ""/api/v1/adminbasicservice/adminbasic/prices"") | .post(baseUrlOfSut + ""/api/v1/adminbasicservice/adminbasic/prices"") | .post(baseUrlOfSut + ""/api/v1/adminbasicservice/adminbasic/prices"") | .get(baseUrlOfSut + ""/api/v1/adminbasicservice/adminbasic/prices"")",".body("" { "" + 
                    "" \""id\"" : \""zldf\"", "" + 
                    "" \""basicPriceRate\"" : -5.0236794856770426E8 "" + 
                    "" } "") | .body("" { "" + 
                    "" \""firstClassPriceRate\"" : 6.114994217077557E8 "" + 
                    "" } "") | .body("" { "" + 
                    "" \""trainType\"" : \""9so\"", "" + 
                    "" \""routeId\"" : \""Bk9n\"", "" + 
                    "" \""basicPriceRate\"" : -4.1812429906613894E7 "" + 
                    "" } "") | .body("" { "" + 
                    "" \""basicPriceRate\"" : 1.5363520945541573E9, "" + 
                    "" \""firstClassPriceRate\"" : -7.540430682293407E8 "" + 
                    "" } "")",".header(""Authorization"", ""Bearer eyJhbGciOiJIUzI1NiJ9.eyJzdWIiOiJmZHNlX21pY3Jvc2VydmljZSIsInJvbGVzIjpbIlJPTEVfVVNFUiJdLCJpZCI6IjRkMmE0NmM3LTcxY2ItNGNmMS1iNWJiLWI2ODQwNmQ5ZGE2ZiIsImlhdCI6MTc3ODQ0NDI4NSwiZXhwIjoxNzc4NDQ3ODg1fQ.mNH7GZ4mKP6oRWC5YxdRfPA9MfPe-sJ3XCo5Y3xYFLA"") | .header(""Authorization"", ""Bearer eyJhbGciOiJIUzI1NiJ9.eyJzdWIiOiJmZHNlX21pY3Jvc2VydmljZSIsInJvbGVzIjpbIlJPTEVfVVNFUiJdLCJpZCI6IjRkMmE0NmM3LTcxY2ItNGNmMS1iNWJiLWI2ODQwNmQ5ZGE2ZiIsImlhdCI6MTc3ODQ0NDI4NSwiZXhwIjoxNzc4NDQ3ODg1fQ.mNH7GZ4mKP6oRWC5YxdRfPA9MfPe-sJ3XCo5Y3xYFLA"") | .header(""Authorization"", ""Bearer eyJhbGciOiJIUzI1NiJ9.eyJzdWIiOiJmZHNlX21pY3Jvc2VydmljZSIsInJvbGVzIjpbIlJPTEVfVVNFUiJdLCJpZCI6IjRkMmE0NmM3LTcxY2ItNGNmMS1iNWJiLWI2ODQwNmQ5ZGE2ZiIsImlhdCI6MTc3ODQ0NDI4NSwiZXhwIjoxNzc4NDQ3ODg1fQ.mNH7GZ4mKP6oRWC5YxdRfPA9MfPe-sJ3XCo5Y3xYFLA"") | .header(""Authorization"", ""Bearer eyJhbGciOiJIUzI1NiJ9.eyJzdWIiOiJmZHNlX21pY3Jvc2VydmljZSIsInJvbGVzIjpbIlJPTEVfVVNFUiJdLCJpZCI6IjRkMmE0NmM3LTcxY2ItNGNmMS1iNWJiLWI2ODQwNmQ5ZGE2ZiIsImlhdCI6MTc3ODQ0NDI4NSwiZXhwIjoxNzc4NDQ3ODg1fQ.mNH7GZ4mKP6oRWC5YxdRfPA9MfPe-sJ3XCo5Y3xYFLA"") | .header(""Authorization"", ""Bearer eyJhbGciOiJIUzI1NiJ9.eyJzdWIiOiJmZHNlX21pY3Jvc2VydmljZSIsInJvbGVzIjpbIlJPTEVfVVNFUiJdLCJpZCI6IjRkMmE0NmM3LTcxY2ItNGNmMS1iNWJiLWI2ODQwNmQ5ZGE2ZiIsImlhdCI6MTc3ODQ0NDI4NSwiZXhwIjoxNzc4NDQ3ODg1fQ.mNH7GZ4mKP6oRWC5YxdRfPA9MfPe-sJ3XCo5Y3xYFLA"")",faults,/mnt/train-ticket-aitest/evomaster/evomaster-config/generated-tests/blackbox/ts-admin-basic-service/user/EvoMaster_ts-admin-basic-service_user_faults.java,23,6,True,0,,0,0,,100.0,0,0,0,0,0,0,False,,/mnt/train-ticket-aitest/evomaster/evomaster-config/runtime-logs/classes/ts-admin-basic-service/user/EvoMaster_ts_admin_basic_service_user_faults,/mnt/train-ticket-aitest/evomaster/evomaster-config/runtime-logs/classes/ts-admin-basic-service/user/EvoMaster_ts_admin_basic_service_user_faults/compile.log,/mnt/train-ticket-aitest/evomaster/evomaster-config/runtime-logs/classes/ts-admin-basic-service/user/EvoMaster_ts_admin_basic_service_user_faults/compile_stdout.log,/mnt/train-ticket-aitest/evomaster/evomaster-config/runtime-logs/classes/ts-admin-basic-service/user/EvoMaster_ts_admin_basic_service_user_faults/compile_stderr.log,False,True,1,java.lang.AssertionError;test_failure,1,False,11.05,8.84,158.79,"Tests run: 1, Failures: 1, Errors: 0, Skipped: 0",/mnt/train-ticket-aitest/evomaster/evomaster-config/runtime-logs/methods/ts-admin-basic-service/user/EvoMaster_ts_admin_basic_service_user_faults/test_1_getOnPricesShowsFaults_100_101,/mnt/train-ticket-aitest/evomaster/evomaster-config/runtime-logs/methods/ts-admin-basic-service/user/EvoMaster_ts_admin_basic_service_user_faults/test_1_getOnPricesShowsFaults_100_101/run.log,/mnt/train-ticket-aitest/evomaster/evomaster-config/runtime-logs/methods/ts-admin-basic-service/user/EvoMaster_ts_admin_basic_service_user_faults/test_1_getOnPricesShowsFaults_100_101/run_stdout.log,/mnt/train-ticket-aitest/evomaster/evomaster-config/runtime-logs/methods/ts-admin-basic-service/user/EvoMaster_ts_admin_basic_service_user_faults/test_1_getOnPricesShowsFaults_100_101/run_stderr.log
ts-admin-basic-service,user,EvoMaster_ts-admin-basic-service_user_faults.java,EvoMaster_ts_admin_basic_service_user_faults,test_1_getOnPricesShowsFaults_100_101,True,4,500,/api/v1/adminbasicservice/adminbasic/prices,POST,403;500,.statusCode(403) .assertThat() | .statusCode(500) .assertThat(),32,".post(baseUrlOfSut + ""/api/v1/adminbasicservice/adminbasic/prices"") | .post(baseUrlOfSut + ""/api/v1/adminbasicservice/adminbasic/prices"") | .post(baseUrlOfSut + ""/api/v1/adminbasicservice/adminbasic/prices"") | .post(baseUrlOfSut + ""/api/v1/adminbasicservice/adminbasic/prices"") | .get(baseUrlOfSut + ""/api/v1/adminbasicservice/adminbasic/prices"")",".body("" { "" + 
                    "" \""id\"" : \""zldf\"", "" + 
                    "" \""basicPriceRate\"" : -5.0236794856770426E8 "" + 
                    "" } "") | .body("" { "" + 
                    "" \""firstClassPriceRate\"" : 6.114994217077557E8 "" + 
                    "" } "") | .body("" { "" + 
                    "" \""trainType\"" : \""9so\"", "" + 
                    "" \""routeId\"" : \""Bk9n\"", "" + 
                    "" \""basicPriceRate\"" : -4.1812429906613894E7 "" + 
                    "" } "") | .body("" { "" + 
                    "" \""basicPriceRate\"" : 1.5363520945541573E9, "" + 
                    "" \""firstClassPriceRate\"" : -7.540430682293407E8 "" + 
                    "" } "")",".header(""Authorization"", ""Bearer eyJhbGciOiJIUzI1NiJ9.eyJzdWIiOiJmZHNlX21pY3Jvc2VydmljZSIsInJvbGVzIjpbIlJPTEVfVVNFUiJdLCJpZCI6IjRkMmE0NmM3LTcxY2ItNGNmMS1iNWJiLWI2ODQwNmQ5ZGE2ZiIsImlhdCI6MTc3ODQ0NDI4NSwiZXhwIjoxNzc4NDQ3ODg1fQ.mNH7GZ4mKP6oRWC5YxdRfPA9MfPe-sJ3XCo5Y3xYFLA"") | .header(""Authorization"", ""Bearer eyJhbGciOiJIUzI1NiJ9.eyJzdWIiOiJmZHNlX21pY3Jvc2VydmljZSIsInJvbGVzIjpbIlJPTEVfVVNFUiJdLCJpZCI6IjRkMmE0NmM3LTcxY2ItNGNmMS1iNWJiLWI2ODQwNmQ5ZGE2ZiIsImlhdCI6MTc3ODQ0NDI4NSwiZXhwIjoxNzc4NDQ3ODg1fQ.mNH7GZ4mKP6oRWC5YxdRfPA9MfPe-sJ3XCo5Y3xYFLA"") | .header(""Authorization"", ""Bearer eyJhbGciOiJIUzI1NiJ9.eyJzdWIiOiJmZHNlX21pY3Jvc2VydmljZSIsInJvbGVzIjpbIlJPTEVfVVNFUiJdLCJpZCI6IjRkMmE0NmM3LTcxY2ItNGNmMS1iNWJiLWI2ODQwNmQ5ZGE2ZiIsImlhdCI6MTc3ODQ0NDI4NSwiZXhwIjoxNzc4NDQ3ODg1fQ.mNH7GZ4mKP6oRWC5YxdRfPA9MfPe-sJ3XCo5Y3xYFLA"") | .header(""Authorization"", ""Bearer eyJhbGciOiJIUzI1NiJ9.eyJzdWIiOiJmZHNlX21pY3Jvc2VydmljZSIsInJvbGVzIjpbIlJPTEVfVVNFUiJdLCJpZCI6IjRkMmE0NmM3LTcxY2ItNGNmMS1iNWJiLWI2ODQwNmQ5ZGE2ZiIsImlhdCI6MTc3ODQ0NDI4NSwiZXhwIjoxNzc4NDQ3ODg1fQ.mNH7GZ4mKP6oRWC5YxdRfPA9MfPe-sJ3XCo5Y3xYFLA"") | .header(""Authorization"", ""Bearer eyJhbGciOiJIUzI1NiJ9.eyJzdWIiOiJmZHNlX21pY3Jvc2VydmljZSIsInJvbGVzIjpbIlJPTEVfVVNFUiJdLCJpZCI6IjRkMmE0NmM3LTcxY2ItNGNmMS1iNWJiLWI2ODQwNmQ5ZGE2ZiIsImlhdCI6MTc3ODQ0NDI4NSwiZXhwIjoxNzc4NDQ3ODg1fQ.mNH7GZ4mKP6oRWC5YxdRfPA9MfPe-sJ3XCo5Y3xYFLA"")",faults,/mnt/train-ticket-aitest/evomaster/evomaster-config/generated-tests/blackbox/ts-admin-basic-service/user/EvoMaster_ts-admin-basic-service_user_faults.java,23,6,True,0,,0,0,,100.0,0,0,0,0,0,0,False,,/mnt/train-ticket-aitest/evomaster/evomaster-config/runtime-logs/classes/ts-admin-basic-service/user/EvoMaster_ts_admin_basic_service_user_faults,/mnt/train-ticket-aitest/evomaster/evomaster-config/runtime-logs/classes/ts-admin-basic-service/user/EvoMaster_ts_admin_basic_service_user_faults/compile.log,/mnt/train-ticket-aitest/evomaster/evomaster-config/runtime-logs/classes/ts-admin-basic-service/user/EvoMaster_ts_admin_basic_service_user_faults/compile_stdout.log,/mnt/train-ticket-aitest/evomaster/evomaster-config/runtime-logs/classes/ts-admin-basic-service/user/EvoMaster_ts_admin_basic_service_user_faults/compile_stderr.log,False,True,1,java.lang.AssertionError;test_failure,1,False,11.54,9.47,169.61,"Tests run: 1, Failures: 1, Errors: 0, Skipped: 0",/mnt/train-ticket-aitest/evomaster/evomaster-config/runtime-logs/methods/ts-admin-basic-service/user/EvoMaster_ts_admin_basic_service_user_faults/test_1_getOnPricesShowsFaults_100_101,/mnt/train-ticket-aitest/evomaster/evomaster-config/runtime-logs/methods/ts-admin-basic-service/user/EvoMaster_ts_admin_basic_service_user_faults/test_1_getOnPricesShowsFaults_100_101/run.log,/mnt/train-ticket-aitest/evomaster/evomaster-config/runtime-logs/methods/ts-admin-basic-service/user/EvoMaster_ts_admin_basic_service_user_faults/test_1_getOnPricesShowsFaults_100_101/run_stdout.log,/mnt/train-ticket-aitest/evomaster/evomaster-config/runtime-logs/methods/ts-admin-basic-service/user/EvoMaster_ts_admin_basic_service_user_faults/test_1_getOnPricesShowsFaults_100_101/run_stderr.log
ts-admin-basic-service,user,EvoMaster_ts-admin-basic-service_user_faults.java,EvoMaster_ts_admin_basic_service_user_faults,test_1_getOnPricesShowsFaults_100_101,True,5,403,/api/v1/adminbasicservice/adminbasic/prices,GET,403;500,.statusCode(403) .assertThat() | .statusCode(500) .assertThat(),32,".post(baseUrlOfSut + ""/api/v1/adminbasicservice/adminbasic/prices"") | .post(baseUrlOfSut + ""/api/v1/adminbasicservice/adminbasic/prices"") | .post(baseUrlOfSut + ""/api/v1/adminbasicservice/adminbasic/prices"") | .post(baseUrlOfSut + ""/api/v1/adminbasicservice/adminbasic/prices"") | .get(baseUrlOfSut + ""/api/v1/adminbasicservice/adminbasic/prices"")",".body("" { "" + 
                    "" \""id\"" : \""zldf\"", "" + 
                    "" \""basicPriceRate\"" : -5.0236794856770426E8 "" + 
                    "" } "") | .body("" { "" + 
                    "" \""firstClassPriceRate\"" : 6.114994217077557E8 "" + 
                    "" } "") | .body("" { "" + 
                    "" \""trainType\"" : \""9so\"", "" + 
                    "" \""routeId\"" : \""Bk9n\"", "" + 
                    "" \""basicPriceRate\"" : -4.1812429906613894E7 "" + 
                    "" } "") | .body("" { "" + 
                    "" \""basicPriceRate\"" : 1.5363520945541573E9, "" + 
                    "" \""firstClassPriceRate\"" : -7.540430682293407E8 "" + 
                    "" } "")",".header(""Authorization"", ""Bearer eyJhbGciOiJIUzI1NiJ9.eyJzdWIiOiJmZHNlX21pY3Jvc2VydmljZSIsInJvbGVzIjpbIlJPTEVfVVNFUiJdLCJpZCI6IjRkMmE0NmM3LTcxY2ItNGNmMS1iNWJiLWI2ODQwNmQ5ZGE2ZiIsImlhdCI6MTc3ODQ0NDI4NSwiZXhwIjoxNzc4NDQ3ODg1fQ.mNH7GZ4mKP6oRWC5YxdRfPA9MfPe-sJ3XCo5Y3xYFLA"") | .header(""Authorization"", ""Bearer eyJhbGciOiJIUzI1NiJ9.eyJzdWIiOiJmZHNlX21pY3Jvc2VydmljZSIsInJvbGVzIjpbIlJPTEVfVVNFUiJdLCJpZCI6IjRkMmE0NmM3LTcxY2ItNGNmMS1iNWJiLWI2ODQwNmQ5ZGE2ZiIsImlhdCI6MTc3ODQ0NDI4NSwiZXhwIjoxNzc4NDQ3ODg1fQ.mNH7GZ4mKP6oRWC5YxdRfPA9MfPe-sJ3XCo5Y3xYFLA"") | .header(""Authorization"", ""Bearer eyJhbGciOiJIUzI1NiJ9.eyJzdWIiOiJmZHNlX21pY3Jvc2VydmljZSIsInJvbGVzIjpbIlJPTEVfVVNFUiJdLCJpZCI6IjRkMmE0NmM3LTcxY2ItNGNmMS1iNWJiLWI2ODQwNmQ5ZGE2ZiIsImlhdCI6MTc3ODQ0NDI4NSwiZXhwIjoxNzc4NDQ3ODg1fQ.mNH7GZ4mKP6oRWC5YxdRfPA9MfPe-sJ3XCo5Y3xYFLA"") | .header(""Authorization"", ""Bearer eyJhbGciOiJIUzI1NiJ9.eyJzdWIiOiJmZHNlX21pY3Jvc2VydmljZSIsInJvbGVzIjpbIlJPTEVfVVNFUiJdLCJpZCI6IjRkMmE0NmM3LTcxY2ItNGNmMS1iNWJiLWI2ODQwNmQ5ZGE2ZiIsImlhdCI6MTc3ODQ0NDI4NSwiZXhwIjoxNzc4NDQ3ODg1fQ.mNH7GZ4mKP6oRWC5YxdRfPA9MfPe-sJ3XCo5Y3xYFLA"") | .header(""Authorization"", ""Bearer eyJhbGciOiJIUzI1NiJ9.eyJzdWIiOiJmZHNlX21pY3Jvc2VydmljZSIsInJvbGVzIjpbIlJPTEVfVVNFUiJdLCJpZCI6IjRkMmE0NmM3LTcxY2ItNGNmMS1iNWJiLWI2ODQwNmQ5ZGE2ZiIsImlhdCI6MTc3ODQ0NDI4NSwiZXhwIjoxNzc4NDQ3ODg1fQ.mNH7GZ4mKP6oRWC5YxdRfPA9MfPe-sJ3XCo5Y3xYFLA"")",faults,/mnt/train-ticket-aitest/evomaster/evomaster-config/generated-tests/blackbox/ts-admin-basic-service/user/EvoMaster_ts-admin-basic-service_user_faults.java,23,6,True,0,,0,0,,100.0,0,0,0,0,0,0,False,,/mnt/train-ticket-aitest/evomaster/evomaster-config/runtime-logs/classes/ts-admin-basic-service/user/EvoMaster_ts_admin_basic_service_user_faults,/mnt/train-ticket-aitest/evomaster/evomaster-config/runtime-logs/classes/ts-admin-basic-service/user/EvoMaster_ts_admin_basic_service_user_faults/compile.log,/mnt/train-ticket-aitest/evomaster/evomaster-config/runtime-logs/classes/ts-admin-basic-service/user/EvoMaster_ts_admin_basic_service_user_faults/compile_stdout.log,/mnt/train-ticket-aitest/evomaster/evomaster-config/runtime-logs/classes/ts-admin-basic-service/user/EvoMaster_ts_admin_basic_service_user_faults/compile_stderr.log,False,True,1,java.lang.AssertionError;test_failure,1,False,11.55,9.1,163.12,"Tests run: 1, Failures: 1, Errors: 0, Skipped: 0",/mnt/train-ticket-aitest/evomaster/evomaster-config/runtime-logs/methods/ts-admin-basic-service/user/EvoMaster_ts_admin_basic_service_user_faults/test_1_getOnPricesShowsFaults_100_101,/mnt/train-ticket-aitest/evomaster/evomaster-config/runtime-logs/methods/ts-admin-basic-service/user/EvoMaster_ts_admin_basic_service_user_faults/test_1_getOnPricesShowsFaults_100_101/run.log,/mnt/train-ticket-aitest/evomaster/evomaster-config/runtime-logs/methods/ts-admin-basic-service/user/EvoMaster_ts_admin_basic_service_user_faults/test_1_getOnPricesShowsFaults_100_101/run_stdout.log,/mnt/train-ticket-aitest/evomaster/evomaster-config/runtime-logs/methods/ts-admin-basic-service/user/EvoMaster_ts_admin_basic_service_user_faults/test_1_getOnPricesShowsFaults_100_101/run_stderr.log
ts-admin-basic-service,user,EvoMaster_ts-admin-basic-service_user_faults.java,EvoMaster_ts_admin_basic_service_user_faults,test_2_postOnPricesShowsFaults_100_101,False,1,500,/api/v1/adminbasicservice/adminbasic/prices,POST,500,.statusCode(500) .assertThat(),6,".post(baseUrlOfSut + ""/api/v1/adminbasicservice/adminbasic/prices"")",".body("" { "" + 
                    "" \""id\"" : \""Q_QBTK1hm\"", "" + 
                    "" \""basicPriceRate\"" : -6.4364253674644E7 "" + 
                    "" } "")",".header(""Authorization"", ""Bearer eyJhbGciOiJIUzI1NiJ9.eyJzdWIiOiJmZHNlX21pY3Jvc2VydmljZSIsInJvbGVzIjpbIlJPTEVfVVNFUiJdLCJpZCI6IjRkMmE0NmM3LTcxY2ItNGNmMS1iNWJiLWI2ODQwNmQ5ZGE2ZiIsImlhdCI6MTc3ODQ0NDI4NSwiZXhwIjoxNzc4NDQ3ODg1fQ.mNH7GZ4mKP6oRWC5YxdRfPA9MfPe-sJ3XCo5Y3xYFLA"")",faults,/mnt/train-ticket-aitest/evomaster/evomaster-config/generated-tests/blackbox/ts-admin-basic-service/user/EvoMaster_ts-admin-basic-service_user_faults.java,23,6,True,0,,0,0,,100.0,0,0,0,0,0,0,False,,/mnt/train-ticket-aitest/evomaster/evomaster-config/runtime-logs/classes/ts-admin-basic-service/user/EvoMaster_ts_admin_basic_service_user_faults,/mnt/train-ticket-aitest/evomaster/evomaster-config/runtime-logs/classes/ts-admin-basic-service/user/EvoMaster_ts_admin_basic_service_user_faults/compile.log,/mnt/train-ticket-aitest/evomaster/evomaster-config/runtime-logs/classes/ts-admin-basic-service/user/EvoMaster_ts_admin_basic_service_user_faults/compile_stdout.log,/mnt/train-ticket-aitest/evomaster/evomaster-config/runtime-logs/classes/ts-admin-basic-service/user/EvoMaster_ts_admin_basic_service_user_faults/compile_stderr.log,False,True,1,java.lang.AssertionError;test_failure,1,False,11.59,8.89,155.16,"Tests run: 1, Failures: 1, Errors: 0, Skipped: 0",/mnt/train-ticket-aitest/evomaster/evomaster-config/runtime-logs/methods/ts-admin-basic-service/user/EvoMaster_ts_admin_basic_service_user_faults/test_2_postOnPricesShowsFaults_100_101,/mnt/train-ticket-aitest/evomaster/evomaster-config/runtime-logs/methods/ts-admin-basic-service/user/EvoMaster_ts_admin_basic_service_user_faults/test_2_postOnPricesShowsFaults_100_101/run.log,/mnt/train-ticket-aitest/evomaster/evomaster-config/runtime-logs/methods/ts-admin-basic-service/user/EvoMaster_ts_admin_basic_service_user_faults/test_2_postOnPricesShowsFaults_100_101/run_stdout.log,/mnt/train-ticket-aitest/evomaster/evomaster-config/runtime-logs/methods/ts-admin-basic-service/user/EvoMaster_ts_admin_basic_service_user_faults/test_2_postOnPricesShowsFaults_100_101/run_stderr.log
ts-admin-basic-service,user,EvoMaster_ts-admin-basic-service_user_faults.java,EvoMaster_ts_admin_basic_service_user_faults,test_3_postOnPricesReturnsMismatchResponseWithSchema,False,1,403,/api/v1/adminbasicservice/adminbasic/prices,POST,403,.statusCode(403) .assertThat(),2,".post(baseUrlOfSut + ""/api/v1/adminbasicservice/adminbasic/prices"")",".body("" { "" + 
                    "" \""id\"" : \""bvacJMIkcEMW1k\"", "" + 
                    "" \""trainType\"" : \""\"", "" + 
                    "" \""routeId\"" : \""QMC\"", "" + 
                    "" \""basicPriceRate\"" : -7.454624110176907E8 "" + 
                    "" } "")",".header(""Authorization"", ""Bearer eyJhbGciOiJIUzI1NiJ9.eyJzdWIiOiJmZHNlX21pY3Jvc2VydmljZSIsInJvbGVzIjpbIlJPTEVfVVNFUiJdLCJpZCI6IjRkMmE0NmM3LTcxY2ItNGNmMS1iNWJiLWI2ODQwNmQ5ZGE2ZiIsImlhdCI6MTc3ODQ0NDI4NSwiZXhwIjoxNzc4NDQ3ODg1fQ.mNH7GZ4mKP6oRWC5YxdRfPA9MfPe-sJ3XCo5Y3xYFLA"")",faults,/mnt/train-ticket-aitest/evomaster/evomaster-config/generated-tests/blackbox/ts-admin-basic-service/user/EvoMaster_ts-admin-basic-service_user_faults.java,23,6,True,0,,0,0,,100.0,0,0,0,0,0,0,False,,/mnt/train-ticket-aitest/evomaster/evomaster-config/runtime-logs/classes/ts-admin-basic-service/user/EvoMaster_ts_admin_basic_service_user_faults,/mnt/train-ticket-aitest/evomaster/evomaster-config/runtime-logs/classes/ts-admin-basic-service/user/EvoMaster_ts_admin_basic_service_user_faults/compile.log,/mnt/train-ticket-aitest/evomaster/evomaster-config/runtime-logs/classes/ts-admin-basic-service/user/EvoMaster_ts_admin_basic_service_user_faults/compile_stdout.log,/mnt/train-ticket-aitest/evomaster/evomaster-config/runtime-logs/classes/ts-admin-basic-service/user/EvoMaster_ts_admin_basic_service_user_faults/compile_stderr.log,True,True,0,,0,False,11.57,9.23,156.86,Test passed (detected via Surefire XML),/mnt/train-ticket-aitest/evomaster/evomaster-config/runtime-logs/methods/ts-admin-basic-service/user/EvoMaster_ts_admin_basic_service_user_faults/test_3_postOnPricesReturnsMismatchResponseWithSchema,/mnt/train-ticket-aitest/evomaster/evomaster-config/runtime-logs/methods/ts-admin-basic-service/user/EvoMaster_ts_admin_basic_service_user_faults/test_3_postOnPricesReturnsMismatchResponseWithSchema/run.log,/mnt/train-ticket-aitest/evomaster/evomaster-config/runtime-logs/methods/ts-admin-basic-service/user/EvoMaster_ts_admin_basic_service_user_faults/test_3_postOnPricesReturnsMismatchResponseWithSchema/run_stdout.log,/mnt/train-ticket-aitest/evomaster/evomaster-config/runtime-logs/methods/ts-admin-basic-service/user/EvoMaster_ts_admin_basic_service_user_faults/test_3_postOnPricesReturnsMismatchResponseWithSchema/run_stderr.log
ts-admin-basic-service,user,EvoMaster_ts-admin-basic-service_user_faults.java,EvoMaster_ts_admin_basic_service_user_faults,test_4_deleteOnStationShowsFaults_100_101,False,1,500,/api/v1/adminbasicservice/adminbasic/stations/{id},DELETE,500,.statusCode(500) .assertThat(),6,".delete(baseUrlOfSut + ""/api/v1/adminbasicservice/adminbasic/stations/KikVl"")",,".header(""Authorization"", ""Bearer eyJhbGciOiJIUzI1NiJ9.eyJzdWIiOiJmZHNlX21pY3Jvc2VydmljZSIsInJvbGVzIjpbIlJPTEVfVVNFUiJdLCJpZCI6IjRkMmE0NmM3LTcxY2ItNGNmMS1iNWJiLWI2ODQwNmQ5ZGE2ZiIsImlhdCI6MTc3ODQ0NDI4NSwiZXhwIjoxNzc4NDQ3ODg1fQ.mNH7GZ4mKP6oRWC5YxdRfPA9MfPe-sJ3XCo5Y3xYFLA"")",faults,/mnt/train-ticket-aitest/evomaster/evomaster-config/generated-tests/blackbox/ts-admin-basic-service/user/EvoMaster_ts-admin-basic-service_user_faults.java,23,6,True,0,,0,0,,100.0,0,0,0,0,0,0,False,,/mnt/train-ticket-aitest/evomaster/evomaster-config/runtime-logs/classes/ts-admin-basic-service/user/EvoMaster_ts_admin_basic_service_user_faults,/mnt/train-ticket-aitest/evomaster/evomaster-config/runtime-logs/classes/ts-admin-basic-service/user/EvoMaster_ts_admin_basic_service_user_faults/compile.log,/mnt/train-ticket-aitest/evomaster/evomaster-config/runtime-logs/classes/ts-admin-basic-service/user/EvoMaster_ts_admin_basic_service_user_faults/compile_stdout.log,/mnt/train-ticket-aitest/evomaster/evomaster-config/runtime-logs/classes/ts-admin-basic-service/user/EvoMaster_ts_admin_basic_service_user_faults/compile_stderr.log,False,True,1,java.lang.AssertionError;test_failure,1,False,11.55,8.6,158.21,"Tests run: 1, Failures: 1, Errors: 0, Skipped: 0",/mnt/train-ticket-aitest/evomaster/evomaster-config/runtime-logs/methods/ts-admin-basic-service/user/EvoMaster_ts_admin_basic_service_user_faults/test_4_deleteOnStationShowsFaults_100_101,/mnt/train-ticket-aitest/evomaster/evomaster-config/runtime-logs/methods/ts-admin-basic-service/user/EvoMaster_ts_admin_basic_service_user_faults/test_4_deleteOnStationShowsFaults_100_101/run.log,/mnt/train-ticket-aitest/evomaster/evomaster-config/runtime-logs/methods/ts-admin-basic-service/user/EvoMaster_ts_admin_basic_service_user_faults/test_4_deleteOnStationShowsFaults_100_101/run_stdout.log,/mnt/train-ticket-aitest/evomaster/evomaster-config/runtime-logs/methods/ts-admin-basic-service/user/EvoMaster_ts_admin_basic_service_user_faults/test_4_deleteOnStationShowsFaults_100_101/run_stderr.log
ts-admin-order-service,admin,EvoMaster_ts-admin-order-service_admin_faults.java,EvoMaster_ts_admin_order_service_admin_faults,test_0_putOnAdminorderShowsFaults_100_101,False,1,500,/api/v1/adminorderservice/adminorder,PUT,500,.statusCode(500) .assertThat(),6,".put(baseUrlOfSut + ""/api/v1/adminorderservice/adminorder"")",".body("" { "" + 
                    "" \""boughtDate\"" : \""1943-08-10\"", "" + 
                    "" \""accountId\"" : \""\"", "" + 
                    "" \""contactsName\"" : \""DHc3Oamf_zDuKEM\"", "" + 
                    "" \""seatNumber\"" : \""mLoFCxFje\"", "" + 
                    "" \""to\"" : \""ZVRUIOYGw6nyk\"", "" + 
                    "" \""status\"" : 133, "" + 
                    "" \""price\"" : 4.784107938414217E8 "" + 
                    "" } "")",".header(""Authorization"", ""Bearer eyJhbGciOiJIUzI1NiJ9.eyJzdWIiOiJhZG1pbiIsInJvbGVzIjpbIlJPTEVfQURNSU4iXSwiaWQiOiI0NjgwZDY4ZS0zNWMyLTQzOTgtOGQyMS00Mzk2MzNlNWViZWEiLCJpYXQiOjE3Nzg0NDQyODQsImV4cCI6MTc3ODQ0Nzg4NH0.gCgFBxwAM_LbzhIJRfPfrQgqAWiv1ZRqWKDJeavqQfg"")",faults,/mnt/train-ticket-aitest/evomaster/evomaster-config/generated-tests/blackbox/ts-admin-order-service/admin/EvoMaster_ts-admin-order-service_admin_faults.java,23,6,True,0,,0,0,,100.0,0,0,0,0,0,0,False,,/mnt/train-ticket-aitest/evomaster/evomaster-config/runtime-logs/classes/ts-admin-order-service/admin/EvoMaster_ts_admin_order_service_admin_faults,/mnt/train-ticket-aitest/evomaster/evomaster-config/runtime-logs/classes/ts-admin-order-service/admin/EvoMaster_ts_admin_order_service_admin_faults/compile.log,/mnt/train-ticket-aitest/evomaster/evomaster-config/runtime-logs/classes/ts-admin-order-service/admin/EvoMaster_ts_admin_order_service_admin_faults/compile_stdout.log,/mnt/train-ticket-aitest/evomaster/evomaster-config/runtime-logs/classes/ts-admin-order-service/admin/EvoMaster_ts_admin_order_service_admin_faults/compile_stderr.log,False,True,1,java.lang.AssertionError;test_failure,1,False,15.64,9.88,171.32,"Tests run: 1, Failures: 1, Errors: 0, Skipped: 0",/mnt/train-ticket-aitest/evomaster/evomaster-config/runtime-logs/methods/ts-admin-order-service/admin/EvoMaster_ts_admin_order_service_admin_faults/test_0_putOnAdminorderShowsFaults_100_101,/mnt/train-ticket-aitest/evomaster/evomaster-config/runtime-logs/methods/ts-admin-order-service/admin/EvoMaster_ts_admin_order_service_admin_faults/test_0_putOnAdminorderShowsFaults_100_101/run.log,/mnt/train-ticket-aitest/evomaster/evomaster-config/runtime-logs/methods/ts-admin-order-service/admin/EvoMaster_ts_admin_order_service_admin_faults/test_0_putOnAdminorderShowsFaults_100_101/run_stdout.log,/mnt/train-ticket-aitest/evomaster/evomaster-config/runtime-logs/methods/ts-admin-order-service/admin/EvoMaster_ts_admin_order_service_admin_faults/test_0_putOnAdminorderShowsFaults_100_101/run_stderr.log
ts-admin-order-service,admin,EvoMaster_ts-admin-order-service_admin_faults.java,EvoMaster_ts_admin_order_service_admin_faults,test_1_putOnAdminorderReturnsMismatchResponseWithSchema,False,1,403,/api/v1/adminorderservice/adminorder,PUT,403,.statusCode(403) .assertThat(),2,".put(baseUrlOfSut + ""/api/v1/adminorderservice/adminorder"")",".body("" { "" + 
                    "" \""id\"" : \""GztTRT2e_oTW\"", "" + 
                    "" \""travelTime\"" : \""2070-04-25T13:45:49Z\"", "" + 
                    "" \""documentType\"" : 557, "" + 
                    "" \""contactsDocumentNumber\"" : \""0H5th\"", "" + 
                    "" \""seatNumber\"" : \""dACppOxpye\"" "" + 
                    "" } "")",".header(""Authorization"", ""Bearer eyJhbGciOiJIUzI1NiJ9.eyJzdWIiOiJhZG1pbiIsInJvbGVzIjpbIlJPTEVfQURNSU4iXSwiaWQiOiI0NjgwZDY4ZS0zNWMyLTQzOTgtOGQyMS00Mzk2MzNlNWViZWEiLCJpYXQiOjE3Nzg0NDQyODQsImV4cCI6MTc3ODQ0Nzg4NH0.gCgFBxwAM_LbzhIJRfPfrQgqAWiv1ZRqWKDJeavqQfg"")",faults,/mnt/train-ticket-aitest/evomaster/evomaster-config/generated-tests/blackbox/ts-admin-order-service/admin/EvoMaster_ts-admin-order-service_admin_faults.java,23,6,True,0,,0,0,,100.0,0,0,0,0,0,0,False,,/mnt/train-ticket-aitest/evomaster/evomaster-config/runtime-logs/classes/ts-admin-order-service/admin/EvoMaster_ts_admin_order_service_admin_faults,/mnt/train-ticket-aitest/evomaster/evomaster-config/runtime-logs/classes/ts-admin-order-service/admin/EvoMaster_ts_admin_order_service_admin_faults/compile.log,/mnt/train-ticket-aitest/evomaster/evomaster-config/runtime-logs/classes/ts-admin-order-service/admin/EvoMaster_ts_admin_order_service_admin_faults/compile_stdout.log,/mnt/train-ticket-aitest/evomaster/evomaster-config/runtime-logs/classes/ts-admin-order-service/admin/EvoMaster_ts_admin_order_service_admin_faults/compile_stderr.log,True,True,0,,0,False,12.73,9.85,169.87,Test passed (detected via Surefire XML),/mnt/train-ticket-aitest/evomaster/evomaster-config/runtime-logs/methods/ts-admin-order-service/admin/EvoMaster_ts_admin_order_service_admin_faults/test_1_putOnAdminorderReturnsMismatchResponseWithSchema,/mnt/train-ticket-aitest/evomaster/evomaster-config/runtime-logs/methods/ts-admin-order-service/admin/EvoMaster_ts_admin_order_service_admin_faults/test_1_putOnAdminorderReturnsMismatchResponseWithSchema/run.log,/mnt/train-ticket-aitest/evomaster/evomaster-config/runtime-logs/methods/ts-admin-order-service/admin/EvoMaster_ts_admin_order_service_admin_faults/test_1_putOnAdminorderReturnsMismatchResponseWithSchema/run_stdout.log,/mnt/train-ticket-aitest/evomaster/evomaster-config/runtime-logs/methods/ts-admin-order-service/admin/EvoMaster_ts_admin_order_service_admin_faults/test_1_putOnAdminorderReturnsMismatchResponseWithSchema/run_stderr.log
ts-admin-order-service,admin,EvoMaster_ts-admin-order-service_admin_faults.java,EvoMaster_ts_admin_order_service_admin_faults,test_2_deleteOnAdminordShowsFaults_100_101,False,1,500,/api/v1/adminorderservice/adminorder/{orderId}/{trainNumber},DELETE,500,.statusCode(500) .assertThat(),6,".delete(baseUrlOfSut + ""/api/v1/adminorderservice/adminorder/W4nVVzkXT6H_bk/4XZk3"")",,".header(""Authorization"", ""Bearer eyJhbGciOiJIUzI1NiJ9.eyJzdWIiOiJhZG1pbiIsInJvbGVzIjpbIlJPTEVfQURNSU4iXSwiaWQiOiI0NjgwZDY4ZS0zNWMyLTQzOTgtOGQyMS00Mzk2MzNlNWViZWEiLCJpYXQiOjE3Nzg0NDQyODQsImV4cCI6MTc3ODQ0Nzg4NH0.gCgFBxwAM_LbzhIJRfPfrQgqAWiv1ZRqWKDJeavqQfg"")",faults,/mnt/train-ticket-aitest/evomaster/evomaster-config/generated-tests/blackbox/ts-admin-order-service/admin/EvoMaster_ts-admin-order-service_admin_faults.java,23,6,True,0,,0,0,,100.0,0,0,0,0,0,0,False,,/mnt/train-ticket-aitest/evomaster/evomaster-config/runtime-logs/classes/ts-admin-order-service/admin/EvoMaster_ts_admin_order_service_admin_faults,/mnt/train-ticket-aitest/evomaster/evomaster-config/runtime-logs/classes/ts-admin-order-service/admin/EvoMaster_ts_admin_order_service_admin_faults/compile.log,/mnt/train-ticket-aitest/evomaster/evomaster-config/runtime-logs/classes/ts-admin-order-service/admin/EvoMaster_ts_admin_order_service_admin_faults/compile_stdout.log,/mnt/train-ticket-aitest/evomaster/evomaster-config/runtime-logs/classes/ts-admin-order-service/admin/EvoMaster_ts_admin_order_service_admin_faults/compile_stderr.log,False,True,1,java.lang.AssertionError;test_failure,1,False,14.21,9.77,170.05,"Tests run: 1, Failures: 1, Errors: 0, Skipped: 0",/mnt/train-ticket-aitest/evomaster/evomaster-config/runtime-logs/methods/ts-admin-order-service/admin/EvoMaster_ts_admin_order_service_admin_faults/test_2_deleteOnAdminordShowsFaults_100_101,/mnt/train-ticket-aitest/evomaster/evomaster-config/runtime-logs/methods/ts-admin-order-service/admin/EvoMaster_ts_admin_order_service_admin_faults/test_2_deleteOnAdminordShowsFaults_100_101/run.log,/mnt/train-ticket-aitest/evomaster/evomaster-config/runtime-logs/methods/ts-admin-order-service/admin/EvoMaster_ts_admin_order_service_admin_faults/test_2_deleteOnAdminordShowsFaults_100_101/run_stdout.log,/mnt/train-ticket-aitest/evomaster/evomaster-config/runtime-logs/methods/ts-admin-order-service/admin/EvoMaster_ts_admin_order_service_admin_faults/test_2_deleteOnAdminordShowsFaults_100_101/run_stderr.log
ts-admin-order-service,admin,EvoMaster_ts-admin-order-service_admin_faults.java,EvoMaster_ts_admin_order_service_admin_faults,test_3_deleteOnAdminordReturnsMismatchResponseWithSchema,False,1,403,/api/v1/adminorderservice/adminorder/{orderId}/{trainNumber},DELETE,403,.statusCode(403) .assertThat(),2,".delete(baseUrlOfSut + ""/api/v1/adminorderservice/adminorder/oRVUoxmpPz2vV/2EbNDAU"")",,".header(""Authorization"", ""Bearer eyJhbGciOiJIUzI1NiJ9.eyJzdWIiOiJhZG1pbiIsInJvbGVzIjpbIlJPTEVfQURNSU4iXSwiaWQiOiI0NjgwZDY4ZS0zNWMyLTQzOTgtOGQyMS00Mzk2MzNlNWViZWEiLCJpYXQiOjE3Nzg0NDQyODQsImV4cCI6MTc3ODQ0Nzg4NH0.gCgFBxwAM_LbzhIJRfPfrQgqAWiv1ZRqWKDJeavqQfg"")",faults,/mnt/train-ticket-aitest/evomaster/evomaster-config/generated-tests/blackbox/ts-admin-order-service/admin/EvoMaster_ts-admin-order-service_admin_faults.java,23,6,True,0,,0,0,,100.0,0,0,0,0,0,0,False,,/mnt/train-ticket-aitest/evomaster/evomaster-config/runtime-logs/classes/ts-admin-order-service/admin/EvoMaster_ts_admin_order_service_admin_faults,/mnt/train-ticket-aitest/evomaster/evomaster-config/runtime-logs/classes/ts-admin-order-service/admin/EvoMaster_ts_admin_order_service_admin_faults/compile.log,/mnt/train-ticket-aitest/evomaster/evomaster-config/runtime-logs/classes/ts-admin-order-service/admin/EvoMaster_ts_admin_order_service_admin_faults/compile_stdout.log,/mnt/train-ticket-aitest/evomaster/evomaster-config/runtime-logs/classes/ts-admin-order-service/admin/EvoMaster_ts_admin_order_service_admin_faults/compile_stderr.log,True,True,0,,0,False,12.08,9.48,182.55,Test passed (detected via Surefire XML),/mnt/train-ticket-aitest/evomaster/evomaster-config/runtime-logs/methods/ts-admin-order-service/admin/EvoMaster_ts_admin_order_service_admin_faults/test_3_deleteOnAdminordReturnsMismatchResponseWithSchema,/mnt/train-ticket-aitest/evomaster/evomaster-config/runtime-logs/methods/ts-admin-order-service/admin/EvoMaster_ts_admin_order_service_admin_faults/test_3_deleteOnAdminordReturnsMismatchResponseWithSchema/run.log,/mnt/train-ticket-aitest/evomaster/evomaster-config/runtime-logs/methods/ts-admin-order-service/admin/EvoMaster_ts_admin_order_service_admin_faults/test_3_deleteOnAdminordReturnsMismatchResponseWithSchema/run_stdout.log,/mnt/train-ticket-aitest/evomaster/evomaster-config/runtime-logs/methods/ts-admin-order-service/admin/EvoMaster_ts_admin_order_service_admin_faults/test_3_deleteOnAdminordReturnsMismatchResponseWithSchema/run_stderr.log
ts-admin-order-service,none,EvoMaster_ts-admin-order-service_none_faults.java,EvoMaster_ts_admin_order_service_none_faults,test_0_putOnAdminorderShowsFaults_100_101,False,1,500,/api/v1/adminorderservice/adminorder,PUT,500,.statusCode(500) .assertThat(),6,".put(baseUrlOfSut + ""/api/v1/adminorderservice/adminorder"")",".body("" { "" + 
                    "" \""accountId\"" : \""fKU_yUffgk\"", "" + 
                    "" \""contactsName\"" : \""TazWSiu9F\"", "" + 
                    "" \""contactsDocumentNumber\"" : \""ITv06pO\"", "" + 
                    "" \""seatNumber\"" : \""t\"", "" + 
                    "" \""from\"" : \""VEMu8qw\"", "" + 
                    "" \""status\"" : 911 "" + 
                    "" } "")",,faults,/mnt/train-ticket-aitest/evomaster/evomaster-config/generated-tests/blackbox/ts-admin-order-service/none/EvoMaster_ts-admin-order-service_none_faults.java,23,6,True,0,,0,0,,100.0,0,0,0,0,0,0,False,,/mnt/train-ticket-aitest/evomaster/evomaster-config/runtime-logs/classes/ts-admin-order-service/none/EvoMaster_ts_admin_order_service_none_faults,/mnt/train-ticket-aitest/evomaster/evomaster-config/runtime-logs/classes/ts-admin-order-service/none/EvoMaster_ts_admin_order_service_none_faults/compile.log,/mnt/train-ticket-aitest/evomaster/evomaster-config/runtime-logs/classes/ts-admin-order-service/none/EvoMaster_ts_admin_order_service_none_faults/compile_stdout.log,/mnt/train-ticket-aitest/evomaster/evomaster-config/runtime-logs/classes/ts-admin-order-service/none/EvoMaster_ts_admin_order_service_none_faults/compile_stderr.log,False,True,1,java.lang.AssertionError;test_failure,1,False,11.04,9.15,161.96,"Tests run: 1, Failures: 1, Errors: 0, Skipped: 0",/mnt/train-ticket-aitest/evomaster/evomaster-config/runtime-logs/methods/ts-admin-order-service/none/EvoMaster_ts_admin_order_service_none_faults/test_0_putOnAdminorderShowsFaults_100_101,/mnt/train-ticket-aitest/evomaster/evomaster-config/runtime-logs/methods/ts-admin-order-service/none/EvoMaster_ts_admin_order_service_none_faults/test_0_putOnAdminorderShowsFaults_100_101/run.log,/mnt/train-ticket-aitest/evomaster/evomaster-config/runtime-logs/methods/ts-admin-order-service/none/EvoMaster_ts_admin_order_service_none_faults/test_0_putOnAdminorderShowsFaults_100_101/run_stdout.log,/mnt/train-ticket-aitest/evomaster/evomaster-config/runtime-logs/methods/ts-admin-order-service/none/EvoMaster_ts_admin_order_service_none_faults/test_0_putOnAdminorderShowsFaults_100_101/run_stderr.log
ts-admin-order-service,none,EvoMaster_ts-admin-order-service_none_faults.java,EvoMaster_ts_admin_order_service_none_faults,test_1_deleteOnAdminordShowsFaults_100_101,False,1,500,/api/v1/adminorderservice/adminorder/{orderId}/{trainNumber},DELETE,500,.statusCode(500) .assertThat(),6,".delete(baseUrlOfSut + ""/api/v1/adminorderservice/adminorder/xtuTXLI7E6/zGsKrUbaa3KYm7"")",,,faults,/mnt/train-ticket-aitest/evomaster/evomaster-config/generated-tests/blackbox/ts-admin-order-service/none/EvoMaster_ts-admin-order-service_none_faults.java,23,6,True,0,,0,0,,100.0,0,0,0,0,0,0,False,,/mnt/train-ticket-aitest/evomaster/evomaster-config/runtime-logs/classes/ts-admin-order-service/none/EvoMaster_ts_admin_order_service_none_faults,/mnt/train-ticket-aitest/evomaster/evomaster-config/runtime-logs/classes/ts-admin-order-service/none/EvoMaster_ts_admin_order_service_none_faults/compile.log,/mnt/train-ticket-aitest/evomaster/evomaster-config/runtime-logs/classes/ts-admin-order-service/none/EvoMaster_ts_admin_order_service_none_faults/compile_stdout.log,/mnt/train-ticket-aitest/evomaster/evomaster-config/runtime-logs/classes/ts-admin-order-service/none/EvoMaster_ts_admin_order_service_none_faults/compile_stderr.log,False,True,1,java.lang.AssertionError;test_failure,1,False,11.59,8.86,159.07,"Tests run: 1, Failures: 1, Errors: 0, Skipped: 0",/mnt/train-ticket-aitest/evomaster/evomaster-config/runtime-logs/methods/ts-admin-order-service/none/EvoMaster_ts_admin_order_service_none_faults/test_1_deleteOnAdminordShowsFaults_100_101,/mnt/train-ticket-aitest/evomaster/evomaster-config/runtime-logs/methods/ts-admin-order-service/none/EvoMaster_ts_admin_order_service_none_faults/test_1_deleteOnAdminordShowsFaults_100_101/run.log,/mnt/train-ticket-aitest/evomaster/evomaster-config/runtime-logs/methods/ts-admin-order-service/none/EvoMaster_ts_admin_order_service_none_faults/test_1_deleteOnAdminordShowsFaults_100_101/run_stdout.log,/mnt/train-ticket-aitest/evomaster/evomaster-config/runtime-logs/methods/ts-admin-order-service/none/EvoMaster_ts_admin_order_service_none_faults/test_1_deleteOnAdminordShowsFaults_100_101/run_stderr.log
ts-admin-order-service,none,EvoMaster_ts-admin-order-service_none_faults.java,EvoMaster_ts_admin_order_service_none_faults,test_2_deleteOnAdminordReturnsMismatchResponseWithSchema,False,1,403,/api/v1/adminorderservice/adminorder/{orderId}/{trainNumber},DELETE,403,.statusCode(403) .assertThat(),2,".delete(baseUrlOfSut + ""/api/v1/adminorderservice/adminorder/6Q0LhBJ1vZoekK/CP7h"")",,,faults,/mnt/train-ticket-aitest/evomaster/evomaster-config/generated-tests/blackbox/ts-admin-order-service/none/EvoMaster_ts-admin-order-service_none_faults.java,23,6,True,0,,0,0,,100.0,0,0,0,0,0,0,False,,/mnt/train-ticket-aitest/evomaster/evomaster-config/runtime-logs/classes/ts-admin-order-service/none/EvoMaster_ts_admin_order_service_none_faults,/mnt/train-ticket-aitest/evomaster/evomaster-config/runtime-logs/classes/ts-admin-order-service/none/EvoMaster_ts_admin_order_service_none_faults/compile.log,/mnt/train-ticket-aitest/evomaster/evomaster-config/runtime-logs/classes/ts-admin-order-service/none/EvoMaster_ts_admin_order_service_none_faults/compile_stdout.log,/mnt/train-ticket-aitest/evomaster/evomaster-config/runtime-logs/classes/ts-admin-order-service/none/EvoMaster_ts_admin_order_service_none_faults/compile_stderr.log,True,True,0,,0,False,11.55,9.12,160.84,Test passed (detected via Surefire XML),/mnt/train-ticket-aitest/evomaster/evomaster-config/runtime-logs/methods/ts-admin-order-service/none/EvoMaster_ts_admin_order_service_none_faults/test_2_deleteOnAdminordReturnsMismatchResponseWithSchema,/mnt/train-ticket-aitest/evomaster/evomaster-config/runtime-logs/methods/ts-admin-order-service/none/EvoMaster_ts_admin_order_service_none_faults/test_2_deleteOnAdminordReturnsMismatchResponseWithSchema/run.log,/mnt/train-ticket-aitest/evomaster/evomaster-config/runtime-logs/methods/ts-admin-order-service/none/EvoMaster_ts_admin_order_service_none_faults/test_2_deleteOnAdminordReturnsMismatchResponseWithSchema/run_stdout.log,/mnt/train-ticket-aitest/evomaster/evomaster-config/runtime-logs/methods/ts-admin-order-service/none/EvoMaster_ts_admin_order_service_none_faults/test_2_deleteOnAdminordReturnsMismatchResponseWithSchema/run_stderr.log
ts-admin-order-service,user,EvoMaster_ts-admin-order-service_user_faults.java,EvoMaster_ts_admin_order_service_user_faults,test_0_putOnAdminorderShowsFaults_100_101,False,1,500,/api/v1/adminorderservice/adminorder,PUT,500,.statusCode(500) .assertThat(),6,".put(baseUrlOfSut + ""/api/v1/adminorderservice/adminorder"")",".body("" { "" + 
                    "" \""id\"" : \""Mj0szmmpSPE\"", "" + 
                    "" \""contactsName\"" : \""EidQBLdFfk_3moWP\"", "" + 
                    "" \""documentType\"" : 968, "" + 
                    "" \""contactsDocumentNumber\"" : \""9QbNahcKh8KyiBV\"", "" + 
                    "" \""trainNumber\"" : \""Tg2\"", "" + 
                    "" \""coachNumber\"" : 212, "" + 
                    "" \""from\"" : \""YlQvQnY9QoGr2\"", "" + 
                    "" \""status\"" : 614, "" + 
                    "" \""price\"" : -1.9194780095342138E8 "" + 
                    "" } "")",".header(""Authorization"", ""Bearer eyJhbGciOiJIUzI1NiJ9.eyJzdWIiOiJmZHNlX21pY3Jvc2VydmljZSIsInJvbGVzIjpbIlJPTEVfVVNFUiJdLCJpZCI6IjRkMmE0NmM3LTcxY2ItNGNmMS1iNWJiLWI2ODQwNmQ5ZGE2ZiIsImlhdCI6MTc3ODQ0NDI4NSwiZXhwIjoxNzc4NDQ3ODg1fQ.mNH7GZ4mKP6oRWC5YxdRfPA9MfPe-sJ3XCo5Y3xYFLA"")",faults,/mnt/train-ticket-aitest/evomaster/evomaster-config/generated-tests/blackbox/ts-admin-order-service/user/EvoMaster_ts-admin-order-service_user_faults.java,23,6,True,0,,0,0,,100.0,0,0,0,0,0,0,False,,/mnt/train-ticket-aitest/evomaster/evomaster-config/runtime-logs/classes/ts-admin-order-service/user/EvoMaster_ts_admin_order_service_user_faults,/mnt/train-ticket-aitest/evomaster/evomaster-config/runtime-logs/classes/ts-admin-order-service/user/EvoMaster_ts_admin_order_service_user_faults/compile.log,/mnt/train-ticket-aitest/evomaster/evomaster-config/runtime-logs/classes/ts-admin-order-service/user/EvoMaster_ts_admin_order_service_user_faults/compile_stdout.log,/mnt/train-ticket-aitest/evomaster/evomaster-config/runtime-logs/classes/ts-admin-order-service/user/EvoMaster_ts_admin_order_service_user_faults/compile_stderr.log,False,True,1,java.lang.AssertionError;test_failure,1,False,11.54,9.97,172.27,"Tests run: 1, Failures: 1, Errors: 0, Skipped: 0",/mnt/train-ticket-aitest/evomaster/evomaster-config/runtime-logs/methods/ts-admin-order-service/user/EvoMaster_ts_admin_order_service_user_faults/test_0_putOnAdminorderShowsFaults_100_101,/mnt/train-ticket-aitest/evomaster/evomaster-config/runtime-logs/methods/ts-admin-order-service/user/EvoMaster_ts_admin_order_service_user_faults/test_0_putOnAdminorderShowsFaults_100_101/run.log,/mnt/train-ticket-aitest/evomaster/evomaster-config/runtime-logs/methods/ts-admin-order-service/user/EvoMaster_ts_admin_order_service_user_faults/test_0_putOnAdminorderShowsFaults_100_101/run_stdout.log,/mnt/train-ticket-aitest/evomaster/evomaster-config/runtime-logs/methods/ts-admin-order-service/user/EvoMaster_ts_admin_order_service_user_faults/test_0_putOnAdminorderShowsFaults_100_101/run_stderr.log
ts-admin-order-service,user,EvoMaster_ts-admin-order-service_user_faults.java,EvoMaster_ts_admin_order_service_user_faults,test_1_putOnAdminorderReturnsMismatchResponseWithSchema,False,1,403,/api/v1/adminorderservice/adminorder,PUT,403,.statusCode(403) .assertThat(),2,".put(baseUrlOfSut + ""/api/v1/adminorderservice/adminorder"")",".body("" { "" + 
                    "" \""id\"" : \""z45GeTkVf3x\"", "" + 
                    "" \""boughtDate\"" : \""2053-02-05\"", "" + 
                    "" \""travelDate\"" : \""2040-01-32\"", "" + 
                    "" \""travelTime\"" : \""2040-05-02T24:27:58Z\"", "" + 
                    "" \""contactsName\"" : \""tO9Rb3y0b\"", "" + 
                    "" \""trainNumber\"" : \""sKD3OTue\"", "" + 
                    "" \""seatNumber\"" : \""yjQgzGR3a1\"", "" + 
                    "" \""from\"" : \""8Gld\"", "" + 
                    "" \""status\"" : 897 "" + 
                    "" } "")",".header(""Authorization"", ""Bearer eyJhbGciOiJIUzI1NiJ9.eyJzdWIiOiJmZHNlX21pY3Jvc2VydmljZSIsInJvbGVzIjpbIlJPTEVfVVNFUiJdLCJpZCI6IjRkMmE0NmM3LTcxY2ItNGNmMS1iNWJiLWI2ODQwNmQ5ZGE2ZiIsImlhdCI6MTc3ODQ0NDI4NSwiZXhwIjoxNzc4NDQ3ODg1fQ.mNH7GZ4mKP6oRWC5YxdRfPA9MfPe-sJ3XCo5Y3xYFLA"")",faults,/mnt/train-ticket-aitest/evomaster/evomaster-config/generated-tests/blackbox/ts-admin-order-service/user/EvoMaster_ts-admin-order-service_user_faults.java,23,6,True,0,,0,0,,100.0,0,0,0,0,0,0,False,,/mnt/train-ticket-aitest/evomaster/evomaster-config/runtime-logs/classes/ts-admin-order-service/user/EvoMaster_ts_admin_order_service_user_faults,/mnt/train-ticket-aitest/evomaster/evomaster-config/runtime-logs/classes/ts-admin-order-service/user/EvoMaster_ts_admin_order_service_user_faults/compile.log,/mnt/train-ticket-aitest/evomaster/evomaster-config/runtime-logs/classes/ts-admin-order-service/user/EvoMaster_ts_admin_order_service_user_faults/compile_stdout.log,/mnt/train-ticket-aitest/evomaster/evomaster-config/runtime-logs/classes/ts-admin-order-service/user/EvoMaster_ts_admin_order_service_user_faults/compile_stderr.log,True,True,0,,0,False,11.57,9.04,161.98,Test passed (detected via Surefire XML),/mnt/train-ticket-aitest/evomaster/evomaster-config/runtime-logs/methods/ts-admin-order-service/user/EvoMaster_ts_admin_order_service_user_faults/test_1_putOnAdminorderReturnsMismatchResponseWithSchema,/mnt/train-ticket-aitest/evomaster/evomaster-config/runtime-logs/methods/ts-admin-order-service/user/EvoMaster_ts_admin_order_service_user_faults/test_1_putOnAdminorderReturnsMismatchResponseWithSchema/run.log,/mnt/train-ticket-aitest/evomaster/evomaster-config/runtime-logs/methods/ts-admin-order-service/user/EvoMaster_ts_admin_order_service_user_faults/test_1_putOnAdminorderReturnsMismatchResponseWithSchema/run_stdout.log,/mnt/train-ticket-aitest/evomaster/evomaster-config/runtime-logs/methods/ts-admin-order-service/user/EvoMaster_ts_admin_order_service_user_faults/test_1_putOnAdminorderReturnsMismatchResponseWithSchema/run_stderr.log
ts-admin-order-service,user,EvoMaster_ts-admin-order-service_user_faults.java,EvoMaster_ts_admin_order_service_user_faults,test_2_deleteOnAdminordShowsFaults_100_101,False,1,500,/api/v1/adminorderservice/adminorder/{orderId}/{trainNumber},DELETE,500,.statusCode(500) .assertThat(),6,".delete(baseUrlOfSut + ""/api/v1/adminorderservice/adminorder/IJ7HcNj0INT/NFTa"")",,".header(""Authorization"", ""Bearer eyJhbGciOiJIUzI1NiJ9.eyJzdWIiOiJmZHNlX21pY3Jvc2VydmljZSIsInJvbGVzIjpbIlJPTEVfVVNFUiJdLCJpZCI6IjRkMmE0NmM3LTcxY2ItNGNmMS1iNWJiLWI2ODQwNmQ5ZGE2ZiIsImlhdCI6MTc3ODQ0NDI4NSwiZXhwIjoxNzc4NDQ3ODg1fQ.mNH7GZ4mKP6oRWC5YxdRfPA9MfPe-sJ3XCo5Y3xYFLA"")",faults,/mnt/train-ticket-aitest/evomaster/evomaster-config/generated-tests/blackbox/ts-admin-order-service/user/EvoMaster_ts-admin-order-service_user_faults.java,23,6,True,0,,0,0,,100.0,0,0,0,0,0,0,False,,/mnt/train-ticket-aitest/evomaster/evomaster-config/runtime-logs/classes/ts-admin-order-service/user/EvoMaster_ts_admin_order_service_user_faults,/mnt/train-ticket-aitest/evomaster/evomaster-config/runtime-logs/classes/ts-admin-order-service/user/EvoMaster_ts_admin_order_service_user_faults/compile.log,/mnt/train-ticket-aitest/evomaster/evomaster-config/runtime-logs/classes/ts-admin-order-service/user/EvoMaster_ts_admin_order_service_user_faults/compile_stdout.log,/mnt/train-ticket-aitest/evomaster/evomaster-config/runtime-logs/classes/ts-admin-order-service/user/EvoMaster_ts_admin_order_service_user_faults/compile_stderr.log,False,True,1,java.lang.AssertionError;test_failure,1,False,11.61,9.17,155.9,"Tests run: 1, Failures: 1, Errors: 0, Skipped: 0",/mnt/train-ticket-aitest/evomaster/evomaster-config/runtime-logs/methods/ts-admin-order-service/user/EvoMaster_ts_admin_order_service_user_faults/test_2_deleteOnAdminordShowsFaults_100_101,/mnt/train-ticket-aitest/evomaster/evomaster-config/runtime-logs/methods/ts-admin-order-service/user/EvoMaster_ts_admin_order_service_user_faults/test_2_deleteOnAdminordShowsFaults_100_101/run.log,/mnt/train-ticket-aitest/evomaster/evomaster-config/runtime-logs/methods/ts-admin-order-service/user/EvoMaster_ts_admin_order_service_user_faults/test_2_deleteOnAdminordShowsFaults_100_101/run_stdout.log,/mnt/train-ticket-aitest/evomaster/evomaster-config/runtime-logs/methods/ts-admin-order-service/user/EvoMaster_ts_admin_order_service_user_faults/test_2_deleteOnAdminordShowsFaults_100_101/run_stderr.log
ts-admin-order-service,user,EvoMaster_ts-admin-order-service_user_faults.java,EvoMaster_ts_admin_order_service_user_faults,test_3_deleteOnAdminordReturnsMismatchResponseWithSchema,False,1,403,/api/v1/adminorderservice/adminorder/{orderId}/{trainNumber},DELETE,403,.statusCode(403) .assertThat(),2,".delete(baseUrlOfSut + ""/api/v1/adminorderservice/adminorder/mBDsPnmanpfM/kGyCH5_Ca2"")",,".header(""Authorization"", ""Bearer eyJhbGciOiJIUzI1NiJ9.eyJzdWIiOiJmZHNlX21pY3Jvc2VydmljZSIsInJvbGVzIjpbIlJPTEVfVVNFUiJdLCJpZCI6IjRkMmE0NmM3LTcxY2ItNGNmMS1iNWJiLWI2ODQwNmQ5ZGE2ZiIsImlhdCI6MTc3ODQ0NDI4NSwiZXhwIjoxNzc4NDQ3ODg1fQ.mNH7GZ4mKP6oRWC5YxdRfPA9MfPe-sJ3XCo5Y3xYFLA"")",faults,/mnt/train-ticket-aitest/evomaster/evomaster-config/generated-tests/blackbox/ts-admin-order-service/user/EvoMaster_ts-admin-order-service_user_faults.java,23,6,True,0,,0,0,,100.0,0,0,0,0,0,0,False,,/mnt/train-ticket-aitest/evomaster/evomaster-config/runtime-logs/classes/ts-admin-order-service/user/EvoMaster_ts_admin_order_service_user_faults,/mnt/train-ticket-aitest/evomaster/evomaster-config/runtime-logs/classes/ts-admin-order-service/user/EvoMaster_ts_admin_order_service_user_faults/compile.log,/mnt/train-ticket-aitest/evomaster/evomaster-config/runtime-logs/classes/ts-admin-order-service/user/EvoMaster_ts_admin_order_service_user_faults/compile_stdout.log,/mnt/train-ticket-aitest/evomaster/evomaster-config/runtime-logs/classes/ts-admin-order-service/user/EvoMaster_ts_admin_order_service_user_faults/compile_stderr.log,True,True,0,,0,False,11.07,9.15,172.55,Test passed (detected via Surefire XML),/mnt/train-ticket-aitest/evomaster/evomaster-config/runtime-logs/methods/ts-admin-order-service/user/EvoMaster_ts_admin_order_service_user_faults/test_3_deleteOnAdminordReturnsMismatchResponseWithSchema,/mnt/train-ticket-aitest/evomaster/evomaster-config/runtime-logs/methods/ts-admin-order-service/user/EvoMaster_ts_admin_order_service_user_faults/test_3_deleteOnAdminordReturnsMismatchResponseWithSchema/run.log,/mnt/train-ticket-aitest/evomaster/evomaster-config/runtime-logs/methods/ts-admin-order-service/user/EvoMaster_ts_admin_order_service_user_faults/test_3_deleteOnAdminordReturnsMismatchResponseWithSchema/run_stdout.log,/mnt/train-ticket-aitest/evomaster/evomaster-config/runtime-logs/methods/ts-admin-order-service/user/EvoMaster_ts_admin_order_service_user_faults/test_3_deleteOnAdminordReturnsMismatchResponseWithSchema/run_stderr.log
ts-admin-user-service,admin,EvoMaster_ts-admin-user-service_admin_faults.java,EvoMaster_ts_admin_user_service_admin_faults,test_0_putOnUsersShowsFaults_100_101,False,1,500,/api/v1/adminuserservice/users,PUT,500,.statusCode(500) .assertThat(),6,".put(baseUrlOfSut + ""/api/v1/adminuserservice/users"")",".body("" { "" + 
                    "" \""userId\"" : \""Xpx7v6LLdxNbl\"", "" + 
                    "" \""password\"" : \""61fiXM977qzDwO\"", "" + 
                    "" \""documentType\"" : 888, "" + 
                    "" \""documentNum\"" : \""BWBo1gdiUU05H8\"" "" + 
                    "" } "")",".header(""Authorization"", ""Bearer eyJhbGciOiJIUzI1NiJ9.eyJzdWIiOiJhZG1pbiIsInJvbGVzIjpbIlJPTEVfQURNSU4iXSwiaWQiOiI0NjgwZDY4ZS0zNWMyLTQzOTgtOGQyMS00Mzk2MzNlNWViZWEiLCJpYXQiOjE3Nzg0NDQyODQsImV4cCI6MTc3ODQ0Nzg4NH0.gCgFBxwAM_LbzhIJRfPfrQgqAWiv1ZRqWKDJeavqQfg"")",faults,/mnt/train-ticket-aitest/evomaster/evomaster-config/generated-tests/blackbox/ts-admin-user-service/admin/EvoMaster_ts-admin-user-service_admin_faults.java,23,6,True,0,,0,0,,100.0,0,0,0,0,0,0,False,,/mnt/train-ticket-aitest/evomaster/evomaster-config/runtime-logs/classes/ts-admin-user-service/admin/EvoMaster_ts_admin_user_service_admin_faults,/mnt/train-ticket-aitest/evomaster/evomaster-config/runtime-logs/classes/ts-admin-user-service/admin/EvoMaster_ts_admin_user_service_admin_faults/compile.log,/mnt/train-ticket-aitest/evomaster/evomaster-config/runtime-logs/classes/ts-admin-user-service/admin/EvoMaster_ts_admin_user_service_admin_faults/compile_stdout.log,/mnt/train-ticket-aitest/evomaster/evomaster-config/runtime-logs/classes/ts-admin-user-service/admin/EvoMaster_ts_admin_user_service_admin_faults/compile_stderr.log,False,True,1,java.lang.AssertionError;test_failure,1,False,15.63,9.33,158.61,"Tests run: 1, Failures: 1, Errors: 0, Skipped: 0",/mnt/train-ticket-aitest/evomaster/evomaster-config/runtime-logs/methods/ts-admin-user-service/admin/EvoMaster_ts_admin_user_service_admin_faults/test_0_putOnUsersShowsFaults_100_101,/mnt/train-ticket-aitest/evomaster/evomaster-config/runtime-logs/methods/ts-admin-user-service/admin/EvoMaster_ts_admin_user_service_admin_faults/test_0_putOnUsersShowsFaults_100_101/run.log,/mnt/train-ticket-aitest/evomaster/evomaster-config/runtime-logs/methods/ts-admin-user-service/admin/EvoMaster_ts_admin_user_service_admin_faults/test_0_putOnUsersShowsFaults_100_101/run_stdout.log,/mnt/train-ticket-aitest/evomaster/evomaster-config/runtime-logs/methods/ts-admin-user-service/admin/EvoMaster_ts_admin_user_service_admin_faults/test_0_putOnUsersShowsFaults_100_101/run_stderr.log
ts-admin-user-service,admin,EvoMaster_ts-admin-user-service_admin_faults.java,EvoMaster_ts_admin_user_service_admin_faults,test_1_putOnUsersReturnsMismatchResponseWithSchema,False,1,403,/api/v1/adminuserservice/users,PUT,403,.statusCode(403) .assertThat(),2,".put(baseUrlOfSut + ""/api/v1/adminuserservice/users"")",".body("" { "" + 
                    "" \""gender\"" : 590 "" + 
                    "" } "")",".header(""Authorization"", ""Bearer eyJhbGciOiJIUzI1NiJ9.eyJzdWIiOiJhZG1pbiIsInJvbGVzIjpbIlJPTEVfQURNSU4iXSwiaWQiOiI0NjgwZDY4ZS0zNWMyLTQzOTgtOGQyMS00Mzk2MzNlNWViZWEiLCJpYXQiOjE3Nzg0NDQyODQsImV4cCI6MTc3ODQ0Nzg4NH0.gCgFBxwAM_LbzhIJRfPfrQgqAWiv1ZRqWKDJeavqQfg"")",faults,/mnt/train-ticket-aitest/evomaster/evomaster-config/generated-tests/blackbox/ts-admin-user-service/admin/EvoMaster_ts-admin-user-service_admin_faults.java,23,6,True,0,,0,0,,100.0,0,0,0,0,0,0,False,,/mnt/train-ticket-aitest/evomaster/evomaster-config/runtime-logs/classes/ts-admin-user-service/admin/EvoMaster_ts_admin_user_service_admin_faults,/mnt/train-ticket-aitest/evomaster/evomaster-config/runtime-logs/classes/ts-admin-user-service/admin/EvoMaster_ts_admin_user_service_admin_faults/compile.log,/mnt/train-ticket-aitest/evomaster/evomaster-config/runtime-logs/classes/ts-admin-user-service/admin/EvoMaster_ts_admin_user_service_admin_faults/compile_stdout.log,/mnt/train-ticket-aitest/evomaster/evomaster-config/runtime-logs/classes/ts-admin-user-service/admin/EvoMaster_ts_admin_user_service_admin_faults/compile_stderr.log,False,True,1,java.lang.AssertionError;test_failure,1,False,11.54,8.95,161.01,"Tests run: 1, Failures: 1, Errors: 0, Skipped: 0",/mnt/train-ticket-aitest/evomaster/evomaster-config/runtime-logs/methods/ts-admin-user-service/admin/EvoMaster_ts_admin_user_service_admin_faults/test_1_putOnUsersReturnsMismatchResponseWithSchema,/mnt/train-ticket-aitest/evomaster/evomaster-config/runtime-logs/methods/ts-admin-user-service/admin/EvoMaster_ts_admin_user_service_admin_faults/test_1_putOnUsersReturnsMismatchResponseWithSchema/run.log,/mnt/train-ticket-aitest/evomaster/evomaster-config/runtime-logs/methods/ts-admin-user-service/admin/EvoMaster_ts_admin_user_service_admin_faults/test_1_putOnUsersReturnsMismatchResponseWithSchema/run_stdout.log,/mnt/train-ticket-aitest/evomaster/evomaster-config/runtime-logs/methods/ts-admin-user-service/admin/EvoMaster_ts_admin_user_service_admin_faults/test_1_putOnUsersReturnsMismatchResponseWithSchema/run_stderr.log
ts-admin-user-service,none,EvoMaster_ts-admin-user-service_none_faults.java,EvoMaster_ts_admin_user_service_none_faults,test_0_putOnUsersShowsFaults_100_101,False,1,500,/api/v1/adminuserservice/users,PUT,500,.statusCode(500) .assertThat(),6,".put(baseUrlOfSut + ""/api/v1/adminuserservice/users"")",".body("" { "" + 
                    "" \""userId\"" : \""uY3N0YsuLZB\"" "" + 
                    "" } "")",,faults,/mnt/train-ticket-aitest/evomaster/evomaster-config/generated-tests/blackbox/ts-admin-user-service/none/EvoMaster_ts-admin-user-service_none_faults.java,23,6,True,0,,0,0,,100.0,0,0,0,0,0,0,False,,/mnt/train-ticket-aitest/evomaster/evomaster-config/runtime-logs/classes/ts-admin-user-service/none/EvoMaster_ts_admin_user_service_none_faults,/mnt/train-ticket-aitest/evomaster/evomaster-config/runtime-logs/classes/ts-admin-user-service/none/EvoMaster_ts_admin_user_service_none_faults/compile.log,/mnt/train-ticket-aitest/evomaster/evomaster-config/runtime-logs/classes/ts-admin-user-service/none/EvoMaster_ts_admin_user_service_none_faults/compile_stdout.log,/mnt/train-ticket-aitest/evomaster/evomaster-config/runtime-logs/classes/ts-admin-user-service/none/EvoMaster_ts_admin_user_service_none_faults/compile_stderr.log,False,True,1,java.lang.AssertionError;test_failure,1,False,11.54,9.23,170.99,"Tests run: 1, Failures: 1, Errors: 0, Skipped: 0",/mnt/train-ticket-aitest/evomaster/evomaster-config/runtime-logs/methods/ts-admin-user-service/none/EvoMaster_ts_admin_user_service_none_faults/test_0_putOnUsersShowsFaults_100_101,/mnt/train-ticket-aitest/evomaster/evomaster-config/runtime-logs/methods/ts-admin-user-service/none/EvoMaster_ts_admin_user_service_none_faults/test_0_putOnUsersShowsFaults_100_101/run.log,/mnt/train-ticket-aitest/evomaster/evomaster-config/runtime-logs/methods/ts-admin-user-service/none/EvoMaster_ts_admin_user_service_none_faults/test_0_putOnUsersShowsFaults_100_101/run_stdout.log,/mnt/train-ticket-aitest/evomaster/evomaster-config/runtime-logs/methods/ts-admin-user-service/none/EvoMaster_ts_admin_user_service_none_faults/test_0_putOnUsersShowsFaults_100_101/run_stderr.log
ts-admin-user-service,none,EvoMaster_ts-admin-user-service_none_faults.java,EvoMaster_ts_admin_user_service_none_faults,test_1_putOnUsersReturnsMismatchResponseWithSchema,False,1,403,/api/v1/adminuserservice/users,PUT,403,.statusCode(403) .assertThat(),2,".put(baseUrlOfSut + ""/api/v1/adminuserservice/users"")",".body("" { "" + 
                    "" \""gender\"" : 712, "" + 
                    "" \""email\"" : \""j_spGRURTp\"" "" + 
                    "" } "")",,faults,/mnt/train-ticket-aitest/evomaster/evomaster-config/generated-tests/blackbox/ts-admin-user-service/none/EvoMaster_ts-admin-user-service_none_faults.java,23,6,True,0,,0,0,,100.0,0,0,0,0,0,0,False,,/mnt/train-ticket-aitest/evomaster/evomaster-config/runtime-logs/classes/ts-admin-user-service/none/EvoMaster_ts_admin_user_service_none_faults,/mnt/train-ticket-aitest/evomaster/evomaster-config/runtime-logs/classes/ts-admin-user-service/none/EvoMaster_ts_admin_user_service_none_faults/compile.log,/mnt/train-ticket-aitest/evomaster/evomaster-config/runtime-logs/classes/ts-admin-user-service/none/EvoMaster_ts_admin_user_service_none_faults/compile_stdout.log,/mnt/train-ticket-aitest/evomaster/evomaster-config/runtime-logs/classes/ts-admin-user-service/none/EvoMaster_ts_admin_user_service_none_faults/compile_stderr.log,True,True,0,,0,False,11.58,9.45,161.27,Test passed (detected via Surefire XML),/mnt/train-ticket-aitest/evomaster/evomaster-config/runtime-logs/methods/ts-admin-user-service/none/EvoMaster_ts_admin_user_service_none_faults/test_1_putOnUsersReturnsMismatchResponseWithSchema,/mnt/train-ticket-aitest/evomaster/evomaster-config/runtime-logs/methods/ts-admin-user-service/none/EvoMaster_ts_admin_user_service_none_faults/test_1_putOnUsersReturnsMismatchResponseWithSchema/run.log,/mnt/train-ticket-aitest/evomaster/evomaster-config/runtime-logs/methods/ts-admin-user-service/none/EvoMaster_ts_admin_user_service_none_faults/test_1_putOnUsersReturnsMismatchResponseWithSchema/run_stdout.log,/mnt/train-ticket-aitest/evomaster/evomaster-config/runtime-logs/methods/ts-admin-user-service/none/EvoMaster_ts_admin_user_service_none_faults/test_1_putOnUsersReturnsMismatchResponseWithSchema/run_stderr.log
ts-admin-user-service,user,EvoMaster_ts-admin-user-service_user_faults.java,EvoMaster_ts_admin_user_service_user_faults,test_0_putOnUsersShowsFaults_100_101,False,1,500,/api/v1/adminuserservice/users,PUT,500,.statusCode(500) .assertThat(),6,".put(baseUrlOfSut + ""/api/v1/adminuserservice/users"")",".body("" { "" + 
                    "" \""userId\"" : \""\"", "" + 
                    "" \""userName\"" : \""4YRopWW7fzN0\"", "" + 
                    "" \""password\"" : \""B\"", "" + 
                    "" \""documentNum\"" : \""pyYsg1byjD\"" "" + 
                    "" } "")",".header(""Authorization"", ""Bearer eyJhbGciOiJIUzI1NiJ9.eyJzdWIiOiJmZHNlX21pY3Jvc2VydmljZSIsInJvbGVzIjpbIlJPTEVfVVNFUiJdLCJpZCI6IjRkMmE0NmM3LTcxY2ItNGNmMS1iNWJiLWI2ODQwNmQ5ZGE2ZiIsImlhdCI6MTc3ODQ0NDI4NSwiZXhwIjoxNzc4NDQ3ODg1fQ.mNH7GZ4mKP6oRWC5YxdRfPA9MfPe-sJ3XCo5Y3xYFLA"")",faults,/mnt/train-ticket-aitest/evomaster/evomaster-config/generated-tests/blackbox/ts-admin-user-service/user/EvoMaster_ts-admin-user-service_user_faults.java,23,6,True,0,,0,0,,100.0,0,0,0,0,0,0,False,,/mnt/train-ticket-aitest/evomaster/evomaster-config/runtime-logs/classes/ts-admin-user-service/user/EvoMaster_ts_admin_user_service_user_faults,/mnt/train-ticket-aitest/evomaster/evomaster-config/runtime-logs/classes/ts-admin-user-service/user/EvoMaster_ts_admin_user_service_user_faults/compile.log,/mnt/train-ticket-aitest/evomaster/evomaster-config/runtime-logs/classes/ts-admin-user-service/user/EvoMaster_ts_admin_user_service_user_faults/compile_stdout.log,/mnt/train-ticket-aitest/evomaster/evomaster-config/runtime-logs/classes/ts-admin-user-service/user/EvoMaster_ts_admin_user_service_user_faults/compile_stderr.log,False,True,1,java.lang.AssertionError;test_failure,1,False,11.54,8.82,160.99,"Tests run: 1, Failures: 1, Errors: 0, Skipped: 0",/mnt/train-ticket-aitest/evomaster/evomaster-config/runtime-logs/methods/ts-admin-user-service/user/EvoMaster_ts_admin_user_service_user_faults/test_0_putOnUsersShowsFaults_100_101,/mnt/train-ticket-aitest/evomaster/evomaster-config/runtime-logs/methods/ts-admin-user-service/user/EvoMaster_ts_admin_user_service_user_faults/test_0_putOnUsersShowsFaults_100_101/run.log,/mnt/train-ticket-aitest/evomaster/evomaster-config/runtime-logs/methods/ts-admin-user-service/user/EvoMaster_ts_admin_user_service_user_faults/test_0_putOnUsersShowsFaults_100_101/run_stdout.log,/mnt/train-ticket-aitest/evomaster/evomaster-config/runtime-logs/methods/ts-admin-user-service/user/EvoMaster_ts_admin_user_service_user_faults/test_0_putOnUsersShowsFaults_100_101/run_stderr.log
ts-admin-user-service,user,EvoMaster_ts-admin-user-service_user_faults.java,EvoMaster_ts_admin_user_service_user_faults,test_1_putOnUsersReturnsMismatchResponseWithSchema,False,1,403,/api/v1/adminuserservice/users,PUT,403,.statusCode(403) .assertThat(),2,".put(baseUrlOfSut + ""/api/v1/adminuserservice/users"")",".body("" { "" + 
                    "" \""userName\"" : \""UBsg1O\"", "" + 
                    "" \""password\"" : \""EWUa97bJ4T2QyN\"", "" + 
                    "" \""documentType\"" : 533, "" + 
                    "" \""documentNum\"" : \""SetWT_oU\"" "" + 
                    "" } "")",".header(""Authorization"", ""Bearer eyJhbGciOiJIUzI1NiJ9.eyJzdWIiOiJmZHNlX21pY3Jvc2VydmljZSIsInJvbGVzIjpbIlJPTEVfVVNFUiJdLCJpZCI6IjRkMmE0NmM3LTcxY2ItNGNmMS1iNWJiLWI2ODQwNmQ5ZGE2ZiIsImlhdCI6MTc3ODQ0NDI4NSwiZXhwIjoxNzc4NDQ3ODg1fQ.mNH7GZ4mKP6oRWC5YxdRfPA9MfPe-sJ3XCo5Y3xYFLA"")",faults,/mnt/train-ticket-aitest/evomaster/evomaster-config/generated-tests/blackbox/ts-admin-user-service/user/EvoMaster_ts-admin-user-service_user_faults.java,23,6,True,0,,0,0,,100.0,0,0,0,0,0,0,False,,/mnt/train-ticket-aitest/evomaster/evomaster-config/runtime-logs/classes/ts-admin-user-service/user/EvoMaster_ts_admin_user_service_user_faults,/mnt/train-ticket-aitest/evomaster/evomaster-config/runtime-logs/classes/ts-admin-user-service/user/EvoMaster_ts_admin_user_service_user_faults/compile.log,/mnt/train-ticket-aitest/evomaster/evomaster-config/runtime-logs/classes/ts-admin-user-service/user/EvoMaster_ts_admin_user_service_user_faults/compile_stdout.log,/mnt/train-ticket-aitest/evomaster/evomaster-config/runtime-logs/classes/ts-admin-user-service/user/EvoMaster_ts_admin_user_service_user_faults/compile_stderr.log,True,True,0,,0,False,11.03,8.88,155.14,Test passed (detected via Surefire XML),/mnt/train-ticket-aitest/evomaster/evomaster-config/runtime-logs/methods/ts-admin-user-service/user/EvoMaster_ts_admin_user_service_user_faults/test_1_putOnUsersReturnsMismatchResponseWithSchema,/mnt/train-ticket-aitest/evomaster/evomaster-config/runtime-logs/methods/ts-admin-user-service/user/EvoMaster_ts_admin_user_service_user_faults/test_1_putOnUsersReturnsMismatchResponseWithSchema/run.log,/mnt/train-ticket-aitest/evomaster/evomaster-config/runtime-logs/methods/ts-admin-user-service/user/EvoMaster_ts_admin_user_service_user_faults/test_1_putOnUsersReturnsMismatchResponseWithSchema/run_stdout.log,/mnt/train-ticket-aitest/evomaster/evomaster-config/runtime-logs/methods/ts-admin-user-service/user/EvoMaster_ts_admin_user_service_user_faults/test_1_putOnUsersReturnsMismatchResponseWithSchema/run_stderr.log
ts-assurance-service,admin,EvoMaster_ts-assurance-service_admin_faults.java,EvoMaster_ts_assurance_service_admin_faults,test_0_patchOnAssurReturnsMismatchResponseWithSchema,False,1,503,/api/v1/assuranceservice/assurances/{assuranceId}/{orderId}/{typeIndex},PATCH,503,.statusCode(503) .assertThat(),6,".patch(baseUrlOfSut + ""/api/v1/assuranceservice/assurances/2DmEQ8D8Tu7Er/ua/225"")",,".header(""Authorization"", ""Bearer eyJhbGciOiJIUzI1NiJ9.eyJzdWIiOiJhZG1pbiIsInJvbGVzIjpbIlJPTEVfQURNSU4iXSwiaWQiOiI0NjgwZDY4ZS0zNWMyLTQzOTgtOGQyMS00Mzk2MzNlNWViZWEiLCJpYXQiOjE3Nzg0NDQyODQsImV4cCI6MTc3ODQ0Nzg4NH0.gCgFBxwAM_LbzhIJRfPfrQgqAWiv1ZRqWKDJeavqQfg"")",faults,/mnt/train-ticket-aitest/evomaster/evomaster-config/generated-tests/blackbox/ts-assurance-service/admin/EvoMaster_ts-assurance-service_admin_faults.java,23,6,True,0,,0,0,,100.0,0,0,0,0,0,0,False,,/mnt/train-ticket-aitest/evomaster/evomaster-config/runtime-logs/classes/ts-assurance-service/admin/EvoMaster_ts_assurance_service_admin_faults,/mnt/train-ticket-aitest/evomaster/evomaster-config/runtime-logs/classes/ts-assurance-service/admin/EvoMaster_ts_assurance_service_admin_faults/compile.log,/mnt/train-ticket-aitest/evomaster/evomaster-config/runtime-logs/classes/ts-assurance-service/admin/EvoMaster_ts_assurance_service_admin_faults/compile_stdout.log,/mnt/train-ticket-aitest/evomaster/evomaster-config/runtime-logs/classes/ts-assurance-service/admin/EvoMaster_ts_assurance_service_admin_faults/compile_stderr.log,False,True,1,java.lang.AssertionError;test_failure,1,False,14.67,9.1,154.99,"Tests run: 1, Failures: 1, Errors: 0, Skipped: 0",/mnt/train-ticket-aitest/evomaster/evomaster-config/runtime-logs/methods/ts-assurance-service/admin/EvoMaster_ts_assurance_service_admin_faults/test_0_patchOnAssurReturnsMismatchResponseWithSchema,/mnt/train-ticket-aitest/evomaster/evomaster-config/runtime-logs/methods/ts-assurance-service/admin/EvoMaster_ts_assurance_service_admin_faults/test_0_patchOnAssurReturnsMismatchResponseWithSchema/run.log,/mnt/train-ticket-aitest/evomaster/evomaster-config/runtime-logs/methods/ts-assurance-service/admin/EvoMaster_ts_assurance_service_admin_faults/test_0_patchOnAssurReturnsMismatchResponseWithSchema/run_stdout.log,/mnt/train-ticket-aitest/evomaster/evomaster-config/runtime-logs/methods/ts-assurance-service/admin/EvoMaster_ts_assurance_service_admin_faults/test_0_patchOnAssurReturnsMismatchResponseWithSchema/run_stderr.log
ts-assurance-service,admin,EvoMaster_ts-assurance-service_admin_faults.java,EvoMaster_ts_assurance_service_admin_faults,test_1_patchOnAssurReturnsMismatchResponseWithSchema,False,1,503,/api/v1/assuranceservice/assurances/{assuranceId}/{orderId}/{typeIndex},PATCH,503,.statusCode(503) .assertThat(),6,".patch(baseUrlOfSut + ""/api/v1/assuranceservice/assurances/FfmcjJ/wti8RI/-1465967478"")",,,faults,/mnt/train-ticket-aitest/evomaster/evomaster-config/generated-tests/blackbox/ts-assurance-service/admin/EvoMaster_ts-assurance-service_admin_faults.java,23,6,True,0,,0,0,,100.0,0,0,0,0,0,0,False,,/mnt/train-ticket-aitest/evomaster/evomaster-config/runtime-logs/classes/ts-assurance-service/admin/EvoMaster_ts_assurance_service_admin_faults,/mnt/train-ticket-aitest/evomaster/evomaster-config/runtime-logs/classes/ts-assurance-service/admin/EvoMaster_ts_assurance_service_admin_faults/compile.log,/mnt/train-ticket-aitest/evomaster/evomaster-config/runtime-logs/classes/ts-assurance-service/admin/EvoMaster_ts_assurance_service_admin_faults/compile_stdout.log,/mnt/train-ticket-aitest/evomaster/evomaster-config/runtime-logs/classes/ts-assurance-service/admin/EvoMaster_ts_assurance_service_admin_faults/compile_stderr.log,False,True,1,java.lang.AssertionError;test_failure,1,False,13.05,9.12,155.0,"Tests run: 1, Failures: 1, Errors: 0, Skipped: 0",/mnt/train-ticket-aitest/evomaster/evomaster-config/runtime-logs/methods/ts-assurance-service/admin/EvoMaster_ts_assurance_service_admin_faults/test_1_patchOnAssurReturnsMismatchResponseWithSchema,/mnt/train-ticket-aitest/evomaster/evomaster-config/runtime-logs/methods/ts-assurance-service/admin/EvoMaster_ts_assurance_service_admin_faults/test_1_patchOnAssurReturnsMismatchResponseWithSchema/run.log,/mnt/train-ticket-aitest/evomaster/evomaster-config/runtime-logs/methods/ts-assurance-service/admin/EvoMaster_ts_assurance_service_admin_faults/test_1_patchOnAssurReturnsMismatchResponseWithSchema/run_stdout.log,/mnt/train-ticket-aitest/evomaster/evomaster-config/runtime-logs/methods/ts-assurance-service/admin/EvoMaster_ts_assurance_service_admin_faults/test_1_patchOnAssurReturnsMismatchResponseWithSchema/run_stderr.log
ts-assurance-service,none,EvoMaster_ts-assurance-service_none_faults.java,EvoMaster_ts_assurance_service_none_faults,test_0_patchOnAssurReturnsMismatchResponseWithSchema,False,1,503,/api/v1/assuranceservice/assurances/{assuranceId}/{orderId}/{typeIndex},PATCH,503,.statusCode(503) .assertThat(),6,".patch(baseUrlOfSut + ""/api/v1/assuranceservice/assurances/ET_qvRww1A6/8jmjR43EGd/112"")",,,faults,/mnt/train-ticket-aitest/evomaster/evomaster-config/generated-tests/blackbox/ts-assurance-service/none/EvoMaster_ts-assurance-service_none_faults.java,23,6,True,0,,0,0,,100.0,0,0,0,0,0,0,False,,/mnt/train-ticket-aitest/evomaster/evomaster-config/runtime-logs/classes/ts-assurance-service/none/EvoMaster_ts_assurance_service_none_faults,/mnt/train-ticket-aitest/evomaster/evomaster-config/runtime-logs/classes/ts-assurance-service/none/EvoMaster_ts_assurance_service_none_faults/compile.log,/mnt/train-ticket-aitest/evomaster/evomaster-config/runtime-logs/classes/ts-assurance-service/none/EvoMaster_ts_assurance_service_none_faults/compile_stdout.log,/mnt/train-ticket-aitest/evomaster/evomaster-config/runtime-logs/classes/ts-assurance-service/none/EvoMaster_ts_assurance_service_none_faults/compile_stderr.log,False,True,1,java.lang.AssertionError;test_failure,1,False,12.55,9.0,155.61,"Tests run: 1, Failures: 1, Errors: 0, Skipped: 0",/mnt/train-ticket-aitest/evomaster/evomaster-config/runtime-logs/methods/ts-assurance-service/none/EvoMaster_ts_assurance_service_none_faults/test_0_patchOnAssurReturnsMismatchResponseWithSchema,/mnt/train-ticket-aitest/evomaster/evomaster-config/runtime-logs/methods/ts-assurance-service/none/EvoMaster_ts_assurance_service_none_faults/test_0_patchOnAssurReturnsMismatchResponseWithSchema/run.log,/mnt/train-ticket-aitest/evomaster/evomaster-config/runtime-logs/methods/ts-assurance-service/none/EvoMaster_ts_assurance_service_none_faults/test_0_patchOnAssurReturnsMismatchResponseWithSchema/run_stdout.log,/mnt/train-ticket-aitest/evomaster/evomaster-config/runtime-logs/methods/ts-assurance-service/none/EvoMaster_ts_assurance_service_none_faults/test_0_patchOnAssurReturnsMismatchResponseWithSchema/run_stderr.log
ts-assurance-service,user,EvoMaster_ts-assurance-service_user_faults.java,EvoMaster_ts_assurance_service_user_faults,test_0_patchOnAssurReturnsMismatchResponseWithSchema,False,1,503,/api/v1/assuranceservice/assurances/{assuranceId}/{orderId}/{typeIndex},PATCH,503,.statusCode(503) .assertThat(),6,".patch(baseUrlOfSut + ""/api/v1/assuranceservice/assurances/Bmj/AQ/9"")",,".header(""Authorization"", ""Bearer eyJhbGciOiJIUzI1NiJ9.eyJzdWIiOiJmZHNlX21pY3Jvc2VydmljZSIsInJvbGVzIjpbIlJPTEVfVVNFUiJdLCJpZCI6IjRkMmE0NmM3LTcxY2ItNGNmMS1iNWJiLWI2ODQwNmQ5ZGE2ZiIsImlhdCI6MTc3ODQ0NDI4NSwiZXhwIjoxNzc4NDQ3ODg1fQ.mNH7GZ4mKP6oRWC5YxdRfPA9MfPe-sJ3XCo5Y3xYFLA"")",faults,/mnt/train-ticket-aitest/evomaster/evomaster-config/generated-tests/blackbox/ts-assurance-service/user/EvoMaster_ts-assurance-service_user_faults.java,23,6,True,0,,0,0,,100.0,0,0,0,0,0,0,False,,/mnt/train-ticket-aitest/evomaster/evomaster-config/runtime-logs/classes/ts-assurance-service/user/EvoMaster_ts_assurance_service_user_faults,/mnt/train-ticket-aitest/evomaster/evomaster-config/runtime-logs/classes/ts-assurance-service/user/EvoMaster_ts_assurance_service_user_faults/compile.log,/mnt/train-ticket-aitest/evomaster/evomaster-config/runtime-logs/classes/ts-assurance-service/user/EvoMaster_ts_assurance_service_user_faults/compile_stdout.log,/mnt/train-ticket-aitest/evomaster/evomaster-config/runtime-logs/classes/ts-assurance-service/user/EvoMaster_ts_assurance_service_user_faults/compile_stderr.log,False,True,1,java.lang.AssertionError;test_failure,1,False,12.54,9.42,161.24,"Tests run: 1, Failures: 1, Errors: 0, Skipped: 0",/mnt/train-ticket-aitest/evomaster/evomaster-config/runtime-logs/methods/ts-assurance-service/user/EvoMaster_ts_assurance_service_user_faults/test_0_patchOnAssurReturnsMismatchResponseWithSchema,/mnt/train-ticket-aitest/evomaster/evomaster-config/runtime-logs/methods/ts-assurance-service/user/EvoMaster_ts_assurance_service_user_faults/test_0_patchOnAssurReturnsMismatchResponseWithSchema/run.log,/mnt/train-ticket-aitest/evomaster/evomaster-config/runtime-logs/methods/ts-assurance-service/user/EvoMaster_ts_assurance_service_user_faults/test_0_patchOnAssurReturnsMismatchResponseWithSchema/run_stdout.log,/mnt/train-ticket-aitest/evomaster/evomaster-config/runtime-logs/methods/ts-assurance-service/user/EvoMaster_ts_assurance_service_user_faults/test_0_patchOnAssurReturnsMismatchResponseWithSchema/run_stderr.log
ts-assurance-service,user,EvoMaster_ts-assurance-service_user_faults.java,EvoMaster_ts_assurance_service_user_faults,test_1_patchOnAssurReturnsMismatchResponseWithSchema,False,1,503,/api/v1/assuranceservice/assurances/{assuranceId}/{orderId}/{typeIndex},PATCH,503,.statusCode(503) .assertThat(),6,".patch(baseUrlOfSut + ""/api/v1/assuranceservice/assurances/O_QEsNSH/tG/-332392631"")",,".header(""Authorization"", ""Bearer eyJhbGciOiJIUzI1NiJ9.eyJzdWIiOiJmZHNlX21pY3Jvc2VydmljZSIsInJvbGVzIjpbIlJPTEVfVVNFUiJdLCJpZCI6IjRkMmE0NmM3LTcxY2ItNGNmMS1iNWJiLWI2ODQwNmQ5ZGE2ZiIsImlhdCI6MTc3ODQ0NDI4NSwiZXhwIjoxNzc4NDQ3ODg1fQ.mNH7GZ4mKP6oRWC5YxdRfPA9MfPe-sJ3XCo5Y3xYFLA"")",faults,/mnt/train-ticket-aitest/evomaster/evomaster-config/generated-tests/blackbox/ts-assurance-service/user/EvoMaster_ts-assurance-service_user_faults.java,23,6,True,0,,0,0,,100.0,0,0,0,0,0,0,False,,/mnt/train-ticket-aitest/evomaster/evomaster-config/runtime-logs/classes/ts-assurance-service/user/EvoMaster_ts_assurance_service_user_faults,/mnt/train-ticket-aitest/evomaster/evomaster-config/runtime-logs/classes/ts-assurance-service/user/EvoMaster_ts_assurance_service_user_faults/compile.log,/mnt/train-ticket-aitest/evomaster/evomaster-config/runtime-logs/classes/ts-assurance-service/user/EvoMaster_ts_assurance_service_user_faults/compile_stdout.log,/mnt/train-ticket-aitest/evomaster/evomaster-config/runtime-logs/classes/ts-assurance-service/user/EvoMaster_ts_assurance_service_user_faults/compile_stderr.log,False,True,1,java.lang.AssertionError;test_failure,1,False,13.05,9.0,154.36,"Tests run: 1, Failures: 1, Errors: 0, Skipped: 0",/mnt/train-ticket-aitest/evomaster/evomaster-config/runtime-logs/methods/ts-assurance-service/user/EvoMaster_ts_assurance_service_user_faults/test_1_patchOnAssurReturnsMismatchResponseWithSchema,/mnt/train-ticket-aitest/evomaster/evomaster-config/runtime-logs/methods/ts-assurance-service/user/EvoMaster_ts_assurance_service_user_faults/test_1_patchOnAssurReturnsMismatchResponseWithSchema/run.log,/mnt/train-ticket-aitest/evomaster/evomaster-config/runtime-logs/methods/ts-assurance-service/user/EvoMaster_ts_assurance_service_user_faults/test_1_patchOnAssurReturnsMismatchResponseWithSchema/run_stdout.log,/mnt/train-ticket-aitest/evomaster/evomaster-config/runtime-logs/methods/ts-assurance-service/user/EvoMaster_ts_assurance_service_user_faults/test_1_patchOnAssurReturnsMismatchResponseWithSchema/run_stderr.log
ts-cancel-service,admin,EvoMaster_ts-cancel-service_admin_faults.java,EvoMaster_ts_cancel_service_admin_faults,test_0_getOnCancelShowsFaults_100_101,False,1,500,/api/v1/cancelservice/cancel/{orderId}/{loginId},GET,500,.statusCode(500) .assertThat(),6,".get(baseUrlOfSut + ""/api/v1/cancelservice/cancel/eBS/X10ZoqlHDuqtHlkl"")",,".header(""Authorization"", ""Bearer eyJhbGciOiJIUzI1NiJ9.eyJzdWIiOiJhZG1pbiIsInJvbGVzIjpbIlJPTEVfQURNSU4iXSwiaWQiOiI0NjgwZDY4ZS0zNWMyLTQzOTgtOGQyMS00Mzk2MzNlNWViZWEiLCJpYXQiOjE3Nzg0NDQyODQsImV4cCI6MTc3ODQ0Nzg4NH0.gCgFBxwAM_LbzhIJRfPfrQgqAWiv1ZRqWKDJeavqQfg"")",faults,/mnt/train-ticket-aitest/evomaster/evomaster-config/generated-tests/blackbox/ts-cancel-service/admin/EvoMaster_ts-cancel-service_admin_faults.java,23,6,True,0,,0,0,,100.0,0,0,0,0,0,0,False,,/mnt/train-ticket-aitest/evomaster/evomaster-config/runtime-logs/classes/ts-cancel-service/admin/EvoMaster_ts_cancel_service_admin_faults,/mnt/train-ticket-aitest/evomaster/evomaster-config/runtime-logs/classes/ts-cancel-service/admin/EvoMaster_ts_cancel_service_admin_faults/compile.log,/mnt/train-ticket-aitest/evomaster/evomaster-config/runtime-logs/classes/ts-cancel-service/admin/EvoMaster_ts_cancel_service_admin_faults/compile_stdout.log,/mnt/train-ticket-aitest/evomaster/evomaster-config/runtime-logs/classes/ts-cancel-service/admin/EvoMaster_ts_cancel_service_admin_faults/compile_stderr.log,False,True,1,java.lang.AssertionError;test_failure,1,False,14.65,8.97,160.45,"Tests run: 1, Failures: 1, Errors: 0, Skipped: 0",/mnt/train-ticket-aitest/evomaster/evomaster-config/runtime-logs/methods/ts-cancel-service/admin/EvoMaster_ts_cancel_service_admin_faults/test_0_getOnCancelShowsFaults_100_101,/mnt/train-ticket-aitest/evomaster/evomaster-config/runtime-logs/methods/ts-cancel-service/admin/EvoMaster_ts_cancel_service_admin_faults/test_0_getOnCancelShowsFaults_100_101/run.log,/mnt/train-ticket-aitest/evomaster/evomaster-config/runtime-logs/methods/ts-cancel-service/admin/EvoMaster_ts_cancel_service_admin_faults/test_0_getOnCancelShowsFaults_100_101/run_stdout.log,/mnt/train-ticket-aitest/evomaster/evomaster-config/runtime-logs/methods/ts-cancel-service/admin/EvoMaster_ts_cancel_service_admin_faults/test_0_getOnCancelShowsFaults_100_101/run_stderr.log
ts-cancel-service,none,EvoMaster_ts-cancel-service_none_faults.java,EvoMaster_ts_cancel_service_none_faults,test_0_getOnCancelShowsFaults_100_101,False,1,500,/api/v1/cancelservice/cancel/{orderId}/{loginId},GET,500,.statusCode(500) .assertThat(),6,".get(baseUrlOfSut + ""/api/v1/cancelservice/cancel/oqfBZ976Ma/G5upzq7C9IwA0FU8"")",,,faults,/mnt/train-ticket-aitest/evomaster/evomaster-config/generated-tests/blackbox/ts-cancel-service/none/EvoMaster_ts-cancel-service_none_faults.java,23,6,True,0,,0,0,,100.0,0,0,0,0,0,0,False,,/mnt/train-ticket-aitest/evomaster/evomaster-config/runtime-logs/classes/ts-cancel-service/none/EvoMaster_ts_cancel_service_none_faults,/mnt/train-ticket-aitest/evomaster/evomaster-config/runtime-logs/classes/ts-cancel-service/none/EvoMaster_ts_cancel_service_none_faults/compile.log,/mnt/train-ticket-aitest/evomaster/evomaster-config/runtime-logs/classes/ts-cancel-service/none/EvoMaster_ts_cancel_service_none_faults/compile_stdout.log,/mnt/train-ticket-aitest/evomaster/evomaster-config/runtime-logs/classes/ts-cancel-service/none/EvoMaster_ts_cancel_service_none_faults/compile_stderr.log,False,True,1,java.lang.AssertionError;test_failure,1,False,11.06,8.83,146.07,"Tests run: 1, Failures: 1, Errors: 0, Skipped: 0",/mnt/train-ticket-aitest/evomaster/evomaster-config/runtime-logs/methods/ts-cancel-service/none/EvoMaster_ts_cancel_service_none_faults/test_0_getOnCancelShowsFaults_100_101,/mnt/train-ticket-aitest/evomaster/evomaster-config/runtime-logs/methods/ts-cancel-service/none/EvoMaster_ts_cancel_service_none_faults/test_0_getOnCancelShowsFaults_100_101/run.log,/mnt/train-ticket-aitest/evomaster/evomaster-config/runtime-logs/methods/ts-cancel-service/none/EvoMaster_ts_cancel_service_none_faults/test_0_getOnCancelShowsFaults_100_101/run_stdout.log,/mnt/train-ticket-aitest/evomaster/evomaster-config/runtime-logs/methods/ts-cancel-service/none/EvoMaster_ts_cancel_service_none_faults/test_0_getOnCancelShowsFaults_100_101/run_stderr.log
ts-cancel-service,user,EvoMaster_ts-cancel-service_user_faults.java,EvoMaster_ts_cancel_service_user_faults,test_0_getOnCancelShowsFaults_100_101,False,1,500,/api/v1/cancelservice/cancel/{orderId}/{loginId},GET,500,.statusCode(500) .assertThat(),6,".get(baseUrlOfSut + ""/api/v1/cancelservice/cancel/pZP55YXeH/XIdGY6Gp"")",,".header(""Authorization"", ""Bearer eyJhbGciOiJIUzI1NiJ9.eyJzdWIiOiJmZHNlX21pY3Jvc2VydmljZSIsInJvbGVzIjpbIlJPTEVfVVNFUiJdLCJpZCI6IjRkMmE0NmM3LTcxY2ItNGNmMS1iNWJiLWI2ODQwNmQ5ZGE2ZiIsImlhdCI6MTc3ODQ0NDI4NSwiZXhwIjoxNzc4NDQ3ODg1fQ.mNH7GZ4mKP6oRWC5YxdRfPA9MfPe-sJ3XCo5Y3xYFLA"")",faults,/mnt/train-ticket-aitest/evomaster/evomaster-config/generated-tests/blackbox/ts-cancel-service/user/EvoMaster_ts-cancel-service_user_faults.java,23,6,True,0,,0,0,,100.0,0,0,0,0,0,0,False,,/mnt/train-ticket-aitest/evomaster/evomaster-config/runtime-logs/classes/ts-cancel-service/user/EvoMaster_ts_cancel_service_user_faults,/mnt/train-ticket-aitest/evomaster/evomaster-config/runtime-logs/classes/ts-cancel-service/user/EvoMaster_ts_cancel_service_user_faults/compile.log,/mnt/train-ticket-aitest/evomaster/evomaster-config/runtime-logs/classes/ts-cancel-service/user/EvoMaster_ts_cancel_service_user_faults/compile_stdout.log,/mnt/train-ticket-aitest/evomaster/evomaster-config/runtime-logs/classes/ts-cancel-service/user/EvoMaster_ts_cancel_service_user_faults/compile_stderr.log,False,True,1,java.lang.AssertionError;test_failure,1,False,12.72,9.55,168.05,"Tests run: 1, Failures: 1, Errors: 0, Skipped: 0",/mnt/train-ticket-aitest/evomaster/evomaster-config/runtime-logs/methods/ts-cancel-service/user/EvoMaster_ts_cancel_service_user_faults/test_0_getOnCancelShowsFaults_100_101,/mnt/train-ticket-aitest/evomaster/evomaster-config/runtime-logs/methods/ts-cancel-service/user/EvoMaster_ts_cancel_service_user_faults/test_0_getOnCancelShowsFaults_100_101/run.log,/mnt/train-ticket-aitest/evomaster/evomaster-config/runtime-logs/methods/ts-cancel-service/user/EvoMaster_ts_cancel_service_user_faults/test_0_getOnCancelShowsFaults_100_101/run_stdout.log,/mnt/train-ticket-aitest/evomaster/evomaster-config/runtime-logs/methods/ts-cancel-service/user/EvoMaster_ts_cancel_service_user_faults/test_0_getOnCancelShowsFaults_100_101/run_stderr.log
ts-contacts-service,admin,EvoMaster_ts-contacts-service_admin_faults.java,EvoMaster_ts_contacts_service_admin_faults,test_0_getOnContactsShowsFaults_100_101,False,1,500,/api/v1/contactservice/contacts,GET,500,.statusCode(500) .assertThat(),6,".get(baseUrlOfSut + ""/api/v1/contactservice/contacts"")",,".header(""Authorization"", ""Bearer eyJhbGciOiJIUzI1NiJ9.eyJzdWIiOiJhZG1pbiIsInJvbGVzIjpbIlJPTEVfQURNSU4iXSwiaWQiOiI0NjgwZDY4ZS0zNWMyLTQzOTgtOGQyMS00Mzk2MzNlNWViZWEiLCJpYXQiOjE3Nzg0NDQyODQsImV4cCI6MTc3ODQ0Nzg4NH0.gCgFBxwAM_LbzhIJRfPfrQgqAWiv1ZRqWKDJeavqQfg"")",faults,/mnt/train-ticket-aitest/evomaster/evomaster-config/generated-tests/blackbox/ts-contacts-service/admin/EvoMaster_ts-contacts-service_admin_faults.java,23,6,True,0,,0,0,,100.0,0,0,0,0,0,0,False,,/mnt/train-ticket-aitest/evomaster/evomaster-config/runtime-logs/classes/ts-contacts-service/admin/EvoMaster_ts_contacts_service_admin_faults,/mnt/train-ticket-aitest/evomaster/evomaster-config/runtime-logs/classes/ts-contacts-service/admin/EvoMaster_ts_contacts_service_admin_faults/compile.log,/mnt/train-ticket-aitest/evomaster/evomaster-config/runtime-logs/classes/ts-contacts-service/admin/EvoMaster_ts_contacts_service_admin_faults/compile_stdout.log,/mnt/train-ticket-aitest/evomaster/evomaster-config/runtime-logs/classes/ts-contacts-service/admin/EvoMaster_ts_contacts_service_admin_faults/compile_stderr.log,False,True,1,java.lang.AssertionError;test_failure,1,False,12.22,9.57,160.39,"Tests run: 1, Failures: 1, Errors: 0, Skipped: 0",/mnt/train-ticket-aitest/evomaster/evomaster-config/runtime-logs/methods/ts-contacts-service/admin/EvoMaster_ts_contacts_service_admin_faults/test_0_getOnContactsShowsFaults_100_101,/mnt/train-ticket-aitest/evomaster/evomaster-config/runtime-logs/methods/ts-contacts-service/admin/EvoMaster_ts_contacts_service_admin_faults/test_0_getOnContactsShowsFaults_100_101/run.log,/mnt/train-ticket-aitest/evomaster/evomaster-config/runtime-logs/methods/ts-contacts-service/admin/EvoMaster_ts_contacts_service_admin_faults/test_0_getOnContactsShowsFaults_100_101/run_stdout.log,/mnt/train-ticket-aitest/evomaster/evomaster-config/runtime-logs/methods/ts-contacts-service/admin/EvoMaster_ts_contacts_service_admin_faults/test_0_getOnContactsShowsFaults_100_101/run_stderr.log
ts-contacts-service,admin,EvoMaster_ts-contacts-service_admin_faults.java,EvoMaster_ts_contacts_service_admin_faults,test_1_getOnContactsReturnsMismatchResponseWithSchema,False,1,200,/api/v1/contactservice/contacts,GET,200,.statusCode(200) .assertThat(),20,".get(baseUrlOfSut + ""/api/v1/contactservice/contacts"")",,".header(""Authorization"", ""Bearer eyJhbGciOiJIUzI1NiJ9.eyJzdWIiOiJhZG1pbiIsInJvbGVzIjpbIlJPTEVfQURNSU4iXSwiaWQiOiI0NjgwZDY4ZS0zNWMyLTQzOTgtOGQyMS00Mzk2MzNlNWViZWEiLCJpYXQiOjE3Nzg0NDQyODQsImV4cCI6MTc3ODQ0Nzg4NH0.gCgFBxwAM_LbzhIJRfPfrQgqAWiv1ZRqWKDJeavqQfg"")",faults,/mnt/train-ticket-aitest/evomaster/evomaster-config/generated-tests/blackbox/ts-contacts-service/admin/EvoMaster_ts-contacts-service_admin_faults.java,23,6,True,0,,0,0,,100.0,0,0,0,0,0,0,False,,/mnt/train-ticket-aitest/evomaster/evomaster-config/runtime-logs/classes/ts-contacts-service/admin/EvoMaster_ts_contacts_service_admin_faults,/mnt/train-ticket-aitest/evomaster/evomaster-config/runtime-logs/classes/ts-contacts-service/admin/EvoMaster_ts_contacts_service_admin_faults/compile.log,/mnt/train-ticket-aitest/evomaster/evomaster-config/runtime-logs/classes/ts-contacts-service/admin/EvoMaster_ts_contacts_service_admin_faults/compile_stdout.log,/mnt/train-ticket-aitest/evomaster/evomaster-config/runtime-logs/classes/ts-contacts-service/admin/EvoMaster_ts_contacts_service_admin_faults/compile_stderr.log,False,True,1,java.lang.AssertionError;test_failure,1,False,12.54,9.01,162.46,"Tests run: 1, Failures: 1, Errors: 0, Skipped: 0",/mnt/train-ticket-aitest/evomaster/evomaster-config/runtime-logs/methods/ts-contacts-service/admin/EvoMaster_ts_contacts_service_admin_faults/test_1_getOnContactsReturnsMismatchResponseWithSchema,/mnt/train-ticket-aitest/evomaster/evomaster-config/runtime-logs/methods/ts-contacts-service/admin/EvoMaster_ts_contacts_service_admin_faults/test_1_getOnContactsReturnsMismatchResponseWithSchema/run.log,/mnt/train-ticket-aitest/evomaster/evomaster-config/runtime-logs/methods/ts-contacts-service/admin/EvoMaster_ts_contacts_service_admin_faults/test_1_getOnContactsReturnsMismatchResponseWithSchema/run_stdout.log,/mnt/train-ticket-aitest/evomaster/evomaster-config/runtime-logs/methods/ts-contacts-service/admin/EvoMaster_ts_contacts_service_admin_faults/test_1_getOnContactsReturnsMismatchResponseWithSchema/run_stderr.log
ts-contacts-service,admin,EvoMaster_ts-contacts-service_admin_faults.java,EvoMaster_ts_contacts_service_admin_faults,test_2_deleteOnContactShowsFaults_100_101,False,1,500,/api/v1/contactservice/contacts/{contactsId},DELETE,500,.statusCode(500) .assertThat(),6,".delete(baseUrlOfSut + ""/api/v1/contactservice/contacts/TsAZvwj4BpF"")",,".header(""Authorization"", ""Bearer eyJhbGciOiJIUzI1NiJ9.eyJzdWIiOiJhZG1pbiIsInJvbGVzIjpbIlJPTEVfQURNSU4iXSwiaWQiOiI0NjgwZDY4ZS0zNWMyLTQzOTgtOGQyMS00Mzk2MzNlNWViZWEiLCJpYXQiOjE3Nzg0NDQyODQsImV4cCI6MTc3ODQ0Nzg4NH0.gCgFBxwAM_LbzhIJRfPfrQgqAWiv1ZRqWKDJeavqQfg"")",faults,/mnt/train-ticket-aitest/evomaster/evomaster-config/generated-tests/blackbox/ts-contacts-service/admin/EvoMaster_ts-contacts-service_admin_faults.java,23,6,True,0,,0,0,,100.0,0,0,0,0,0,0,False,,/mnt/train-ticket-aitest/evomaster/evomaster-config/runtime-logs/classes/ts-contacts-service/admin/EvoMaster_ts_contacts_service_admin_faults,/mnt/train-ticket-aitest/evomaster/evomaster-config/runtime-logs/classes/ts-contacts-service/admin/EvoMaster_ts_contacts_service_admin_faults/compile.log,/mnt/train-ticket-aitest/evomaster/evomaster-config/runtime-logs/classes/ts-contacts-service/admin/EvoMaster_ts_contacts_service_admin_faults/compile_stdout.log,/mnt/train-ticket-aitest/evomaster/evomaster-config/runtime-logs/classes/ts-contacts-service/admin/EvoMaster_ts_contacts_service_admin_faults/compile_stderr.log,False,True,1,java.lang.AssertionError;test_failure,1,False,11.55,9.28,161.84,"Tests run: 1, Failures: 1, Errors: 0, Skipped: 0",/mnt/train-ticket-aitest/evomaster/evomaster-config/runtime-logs/methods/ts-contacts-service/admin/EvoMaster_ts_contacts_service_admin_faults/test_2_deleteOnContactShowsFaults_100_101,/mnt/train-ticket-aitest/evomaster/evomaster-config/runtime-logs/methods/ts-contacts-service/admin/EvoMaster_ts_contacts_service_admin_faults/test_2_deleteOnContactShowsFaults_100_101/run.log,/mnt/train-ticket-aitest/evomaster/evomaster-config/runtime-logs/methods/ts-contacts-service/admin/EvoMaster_ts_contacts_service_admin_faults/test_2_deleteOnContactShowsFaults_100_101/run_stdout.log,/mnt/train-ticket-aitest/evomaster/evomaster-config/runtime-logs/methods/ts-contacts-service/admin/EvoMaster_ts_contacts_service_admin_faults/test_2_deleteOnContactShowsFaults_100_101/run_stderr.log
ts-contacts-service,none,EvoMaster_ts-contacts-service_none_faults.java,EvoMaster_ts_contacts_service_none_faults,test_0_getOnContactsShowsFaults_100_101,False,1,500,/api/v1/contactservice/contacts,GET,500,.statusCode(500) .assertThat(),6,".get(baseUrlOfSut + ""/api/v1/contactservice/contacts"")",,,faults,/mnt/train-ticket-aitest/evomaster/evomaster-config/generated-tests/blackbox/ts-contacts-service/none/EvoMaster_ts-contacts-service_none_faults.java,23,6,True,0,,0,0,,100.0,0,0,0,0,0,0,False,,/mnt/train-ticket-aitest/evomaster/evomaster-config/runtime-logs/classes/ts-contacts-service/none/EvoMaster_ts_contacts_service_none_faults,/mnt/train-ticket-aitest/evomaster/evomaster-config/runtime-logs/classes/ts-contacts-service/none/EvoMaster_ts_contacts_service_none_faults/compile.log,/mnt/train-ticket-aitest/evomaster/evomaster-config/runtime-logs/classes/ts-contacts-service/none/EvoMaster_ts_contacts_service_none_faults/compile_stdout.log,/mnt/train-ticket-aitest/evomaster/evomaster-config/runtime-logs/classes/ts-contacts-service/none/EvoMaster_ts_contacts_service_none_faults/compile_stderr.log,False,True,1,java.lang.AssertionError;test_failure,1,False,11.05,9.0,161.57,"Tests run: 1, Failures: 1, Errors: 0, Skipped: 0",/mnt/train-ticket-aitest/evomaster/evomaster-config/runtime-logs/methods/ts-contacts-service/none/EvoMaster_ts_contacts_service_none_faults/test_0_getOnContactsShowsFaults_100_101,/mnt/train-ticket-aitest/evomaster/evomaster-config/runtime-logs/methods/ts-contacts-service/none/EvoMaster_ts_contacts_service_none_faults/test_0_getOnContactsShowsFaults_100_101/run.log,/mnt/train-ticket-aitest/evomaster/evomaster-config/runtime-logs/methods/ts-contacts-service/none/EvoMaster_ts_contacts_service_none_faults/test_0_getOnContactsShowsFaults_100_101/run_stdout.log,/mnt/train-ticket-aitest/evomaster/evomaster-config/runtime-logs/methods/ts-contacts-service/none/EvoMaster_ts_contacts_service_none_faults/test_0_getOnContactsShowsFaults_100_101/run_stderr.log
ts-contacts-service,none,EvoMaster_ts-contacts-service_none_faults.java,EvoMaster_ts_contacts_service_none_faults,test_1_deleteOnContactShowsFaults_100_101,False,1,500,/api/v1/contactservice/contacts/{contactsId},DELETE,500,.statusCode(500) .assertThat(),6,".delete(baseUrlOfSut + ""/api/v1/contactservice/contacts/lf"")",,,faults,/mnt/train-ticket-aitest/evomaster/evomaster-config/generated-tests/blackbox/ts-contacts-service/none/EvoMaster_ts-contacts-service_none_faults.java,23,6,True,0,,0,0,,100.0,0,0,0,0,0,0,False,,/mnt/train-ticket-aitest/evomaster/evomaster-config/runtime-logs/classes/ts-contacts-service/none/EvoMaster_ts_contacts_service_none_faults,/mnt/train-ticket-aitest/evomaster/evomaster-config/runtime-logs/classes/ts-contacts-service/none/EvoMaster_ts_contacts_service_none_faults/compile.log,/mnt/train-ticket-aitest/evomaster/evomaster-config/runtime-logs/classes/ts-contacts-service/none/EvoMaster_ts_contacts_service_none_faults/compile_stdout.log,/mnt/train-ticket-aitest/evomaster/evomaster-config/runtime-logs/classes/ts-contacts-service/none/EvoMaster_ts_contacts_service_none_faults/compile_stderr.log,False,True,1,java.lang.AssertionError;test_failure,1,False,11.03,9.22,163.54,"Tests run: 1, Failures: 1, Errors: 0, Skipped: 0",/mnt/train-ticket-aitest/evomaster/evomaster-config/runtime-logs/methods/ts-contacts-service/none/EvoMaster_ts_contacts_service_none_faults/test_1_deleteOnContactShowsFaults_100_101,/mnt/train-ticket-aitest/evomaster/evomaster-config/runtime-logs/methods/ts-contacts-service/none/EvoMaster_ts_contacts_service_none_faults/test_1_deleteOnContactShowsFaults_100_101/run.log,/mnt/train-ticket-aitest/evomaster/evomaster-config/runtime-logs/methods/ts-contacts-service/none/EvoMaster_ts_contacts_service_none_faults/test_1_deleteOnContactShowsFaults_100_101/run_stdout.log,/mnt/train-ticket-aitest/evomaster/evomaster-config/runtime-logs/methods/ts-contacts-service/none/EvoMaster_ts_contacts_service_none_faults/test_1_deleteOnContactShowsFaults_100_101/run_stderr.log
ts-contacts-service,none,EvoMaster_ts-contacts-service_none_faults.java,EvoMaster_ts_contacts_service_none_faults,test_2_deleteOnContactReturnsMismatchResponseWithSchema,False,1,403,/api/v1/contactservice/contacts/{contactsId},DELETE,403,.statusCode(403) .assertThat(),2,".delete(baseUrlOfSut + ""/api/v1/contactservice/contacts/ExYB"")",,,faults,/mnt/train-ticket-aitest/evomaster/evomaster-config/generated-tests/blackbox/ts-contacts-service/none/EvoMaster_ts-contacts-service_none_faults.java,23,6,True,0,,0,0,,100.0,0,0,0,0,0,0,False,,/mnt/train-ticket-aitest/evomaster/evomaster-config/runtime-logs/classes/ts-contacts-service/none/EvoMaster_ts_contacts_service_none_faults,/mnt/train-ticket-aitest/evomaster/evomaster-config/runtime-logs/classes/ts-contacts-service/none/EvoMaster_ts_contacts_service_none_faults/compile.log,/mnt/train-ticket-aitest/evomaster/evomaster-config/runtime-logs/classes/ts-contacts-service/none/EvoMaster_ts_contacts_service_none_faults/compile_stdout.log,/mnt/train-ticket-aitest/evomaster/evomaster-config/runtime-logs/classes/ts-contacts-service/none/EvoMaster_ts_contacts_service_none_faults/compile_stderr.log,True,True,0,,0,False,11.06,8.86,160.27,Test passed (detected via Surefire XML),/mnt/train-ticket-aitest/evomaster/evomaster-config/runtime-logs/methods/ts-contacts-service/none/EvoMaster_ts_contacts_service_none_faults/test_2_deleteOnContactReturnsMismatchResponseWithSchema,/mnt/train-ticket-aitest/evomaster/evomaster-config/runtime-logs/methods/ts-contacts-service/none/EvoMaster_ts_contacts_service_none_faults/test_2_deleteOnContactReturnsMismatchResponseWithSchema/run.log,/mnt/train-ticket-aitest/evomaster/evomaster-config/runtime-logs/methods/ts-contacts-service/none/EvoMaster_ts_contacts_service_none_faults/test_2_deleteOnContactReturnsMismatchResponseWithSchema/run_stdout.log,/mnt/train-ticket-aitest/evomaster/evomaster-config/runtime-logs/methods/ts-contacts-service/none/EvoMaster_ts_contacts_service_none_faults/test_2_deleteOnContactReturnsMismatchResponseWithSchema/run_stderr.log
ts-contacts-service,user,EvoMaster_ts-contacts-service_user_faults.java,EvoMaster_ts_contacts_service_user_faults,test_0_getOnContactsShowsFaults_100_101,False,1,500,/api/v1/contactservice/contacts,GET,500,.statusCode(500) .assertThat(),6,".get(baseUrlOfSut + ""/api/v1/contactservice/contacts"")",,".header(""Authorization"", ""Bearer eyJhbGciOiJIUzI1NiJ9.eyJzdWIiOiJmZHNlX21pY3Jvc2VydmljZSIsInJvbGVzIjpbIlJPTEVfVVNFUiJdLCJpZCI6IjRkMmE0NmM3LTcxY2ItNGNmMS1iNWJiLWI2ODQwNmQ5ZGE2ZiIsImlhdCI6MTc3ODQ0NDI4NSwiZXhwIjoxNzc4NDQ3ODg1fQ.mNH7GZ4mKP6oRWC5YxdRfPA9MfPe-sJ3XCo5Y3xYFLA"")",faults,/mnt/train-ticket-aitest/evomaster/evomaster-config/generated-tests/blackbox/ts-contacts-service/user/EvoMaster_ts-contacts-service_user_faults.java,23,6,True,0,,0,0,,100.0,0,0,0,0,0,0,False,,/mnt/train-ticket-aitest/evomaster/evomaster-config/runtime-logs/classes/ts-contacts-service/user/EvoMaster_ts_contacts_service_user_faults,/mnt/train-ticket-aitest/evomaster/evomaster-config/runtime-logs/classes/ts-contacts-service/user/EvoMaster_ts_contacts_service_user_faults/compile.log,/mnt/train-ticket-aitest/evomaster/evomaster-config/runtime-logs/classes/ts-contacts-service/user/EvoMaster_ts_contacts_service_user_faults/compile_stdout.log,/mnt/train-ticket-aitest/evomaster/evomaster-config/runtime-logs/classes/ts-contacts-service/user/EvoMaster_ts_contacts_service_user_faults/compile_stderr.log,False,True,1,java.lang.AssertionError;test_failure,1,False,11.58,9.16,164.74,"Tests run: 1, Failures: 1, Errors: 0, Skipped: 0",/mnt/train-ticket-aitest/evomaster/evomaster-config/runtime-logs/methods/ts-contacts-service/user/EvoMaster_ts_contacts_service_user_faults/test_0_getOnContactsShowsFaults_100_101,/mnt/train-ticket-aitest/evomaster/evomaster-config/runtime-logs/methods/ts-contacts-service/user/EvoMaster_ts_contacts_service_user_faults/test_0_getOnContactsShowsFaults_100_101/run.log,/mnt/train-ticket-aitest/evomaster/evomaster-config/runtime-logs/methods/ts-contacts-service/user/EvoMaster_ts_contacts_service_user_faults/test_0_getOnContactsShowsFaults_100_101/run_stdout.log,/mnt/train-ticket-aitest/evomaster/evomaster-config/runtime-logs/methods/ts-contacts-service/user/EvoMaster_ts_contacts_service_user_faults/test_0_getOnContactsShowsFaults_100_101/run_stderr.log
ts-contacts-service,user,EvoMaster_ts-contacts-service_user_faults.java,EvoMaster_ts_contacts_service_user_faults,test_1_getOnContactsReturnsMismatchResponseWithSchema,False,1,200,/api/v1/contactservice/contacts,GET,200,.statusCode(200) .assertThat(),20,".get(baseUrlOfSut + ""/api/v1/contactservice/contacts"")",,".header(""Authorization"", ""Bearer eyJhbGciOiJIUzI1NiJ9.eyJzdWIiOiJmZHNlX21pY3Jvc2VydmljZSIsInJvbGVzIjpbIlJPTEVfVVNFUiJdLCJpZCI6IjRkMmE0NmM3LTcxY2ItNGNmMS1iNWJiLWI2ODQwNmQ5ZGE2ZiIsImlhdCI6MTc3ODQ0NDI4NSwiZXhwIjoxNzc4NDQ3ODg1fQ.mNH7GZ4mKP6oRWC5YxdRfPA9MfPe-sJ3XCo5Y3xYFLA"")",faults,/mnt/train-ticket-aitest/evomaster/evomaster-config/generated-tests/blackbox/ts-contacts-service/user/EvoMaster_ts-contacts-service_user_faults.java,23,6,True,0,,0,0,,100.0,0,0,0,0,0,0,False,,/mnt/train-ticket-aitest/evomaster/evomaster-config/runtime-logs/classes/ts-contacts-service/user/EvoMaster_ts_contacts_service_user_faults,/mnt/train-ticket-aitest/evomaster/evomaster-config/runtime-logs/classes/ts-contacts-service/user/EvoMaster_ts_contacts_service_user_faults/compile.log,/mnt/train-ticket-aitest/evomaster/evomaster-config/runtime-logs/classes/ts-contacts-service/user/EvoMaster_ts_contacts_service_user_faults/compile_stdout.log,/mnt/train-ticket-aitest/evomaster/evomaster-config/runtime-logs/classes/ts-contacts-service/user/EvoMaster_ts_contacts_service_user_faults/compile_stderr.log,False,True,1,java.lang.AssertionError;test_failure,1,False,12.64,8.79,158.59,"Tests run: 1, Failures: 1, Errors: 0, Skipped: 0",/mnt/train-ticket-aitest/evomaster/evomaster-config/runtime-logs/methods/ts-contacts-service/user/EvoMaster_ts_contacts_service_user_faults/test_1_getOnContactsReturnsMismatchResponseWithSchema,/mnt/train-ticket-aitest/evomaster/evomaster-config/runtime-logs/methods/ts-contacts-service/user/EvoMaster_ts_contacts_service_user_faults/test_1_getOnContactsReturnsMismatchResponseWithSchema/run.log,/mnt/train-ticket-aitest/evomaster/evomaster-config/runtime-logs/methods/ts-contacts-service/user/EvoMaster_ts_contacts_service_user_faults/test_1_getOnContactsReturnsMismatchResponseWithSchema/run_stdout.log,/mnt/train-ticket-aitest/evomaster/evomaster-config/runtime-logs/methods/ts-contacts-service/user/EvoMaster_ts_contacts_service_user_faults/test_1_getOnContactsReturnsMismatchResponseWithSchema/run_stderr.log
ts-contacts-service,user,EvoMaster_ts-contacts-service_user_faults.java,EvoMaster_ts_contacts_service_user_faults,test_2_deleteOnContactShowsFaults_100_101,False,1,500,/api/v1/contactservice/contacts/{contactsId},DELETE,500,.statusCode(500) .assertThat(),6,".delete(baseUrlOfSut + ""/api/v1/contactservice/contacts/r"")",,".header(""Authorization"", ""Bearer eyJhbGciOiJIUzI1NiJ9.eyJzdWIiOiJmZHNlX21pY3Jvc2VydmljZSIsInJvbGVzIjpbIlJPTEVfVVNFUiJdLCJpZCI6IjRkMmE0NmM3LTcxY2ItNGNmMS1iNWJiLWI2ODQwNmQ5ZGE2ZiIsImlhdCI6MTc3ODQ0NDI4NSwiZXhwIjoxNzc4NDQ3ODg1fQ.mNH7GZ4mKP6oRWC5YxdRfPA9MfPe-sJ3XCo5Y3xYFLA"")",faults,/mnt/train-ticket-aitest/evomaster/evomaster-config/generated-tests/blackbox/ts-contacts-service/user/EvoMaster_ts-contacts-service_user_faults.java,23,6,True,0,,0,0,,100.0,0,0,0,0,0,0,False,,/mnt/train-ticket-aitest/evomaster/evomaster-config/runtime-logs/classes/ts-contacts-service/user/EvoMaster_ts_contacts_service_user_faults,/mnt/train-ticket-aitest/evomaster/evomaster-config/runtime-logs/classes/ts-contacts-service/user/EvoMaster_ts_contacts_service_user_faults/compile.log,/mnt/train-ticket-aitest/evomaster/evomaster-config/runtime-logs/classes/ts-contacts-service/user/EvoMaster_ts_contacts_service_user_faults/compile_stdout.log,/mnt/train-ticket-aitest/evomaster/evomaster-config/runtime-logs/classes/ts-contacts-service/user/EvoMaster_ts_contacts_service_user_faults/compile_stderr.log,False,True,1,java.lang.AssertionError;test_failure,1,False,11.07,9.21,166.07,"Tests run: 1, Failures: 1, Errors: 0, Skipped: 0",/mnt/train-ticket-aitest/evomaster/evomaster-config/runtime-logs/methods/ts-contacts-service/user/EvoMaster_ts_contacts_service_user_faults/test_2_deleteOnContactShowsFaults_100_101,/mnt/train-ticket-aitest/evomaster/evomaster-config/runtime-logs/methods/ts-contacts-service/user/EvoMaster_ts_contacts_service_user_faults/test_2_deleteOnContactShowsFaults_100_101/run.log,/mnt/train-ticket-aitest/evomaster/evomaster-config/runtime-logs/methods/ts-contacts-service/user/EvoMaster_ts_contacts_service_user_faults/test_2_deleteOnContactShowsFaults_100_101/run_stdout.log,/mnt/train-ticket-aitest/evomaster/evomaster-config/runtime-logs/methods/ts-contacts-service/user/EvoMaster_ts_contacts_service_user_faults/test_2_deleteOnContactShowsFaults_100_101/run_stderr.log
ts-contacts-service,user,EvoMaster_ts-contacts-service_user_faults.java,EvoMaster_ts_contacts_service_user_faults,test_3_deleteOnContactReturnsMismatchResponseWithSchema,False,1,200,/api/v1/contactservice/contacts/{contactsId},DELETE,200,.statusCode(200) .assertThat(),5,".delete(baseUrlOfSut + ""/api/v1/contactservice/contacts/wL"")",,".header(""Authorization"", ""Bearer eyJhbGciOiJIUzI1NiJ9.eyJzdWIiOiJmZHNlX21pY3Jvc2VydmljZSIsInJvbGVzIjpbIlJPTEVfVVNFUiJdLCJpZCI6IjRkMmE0NmM3LTcxY2ItNGNmMS1iNWJiLWI2ODQwNmQ5ZGE2ZiIsImlhdCI6MTc3ODQ0NDI4NSwiZXhwIjoxNzc4NDQ3ODg1fQ.mNH7GZ4mKP6oRWC5YxdRfPA9MfPe-sJ3XCo5Y3xYFLA"")",faults,/mnt/train-ticket-aitest/evomaster/evomaster-config/generated-tests/blackbox/ts-contacts-service/user/EvoMaster_ts-contacts-service_user_faults.java,23,6,True,0,,0,0,,100.0,0,0,0,0,0,0,False,,/mnt/train-ticket-aitest/evomaster/evomaster-config/runtime-logs/classes/ts-contacts-service/user/EvoMaster_ts_contacts_service_user_faults,/mnt/train-ticket-aitest/evomaster/evomaster-config/runtime-logs/classes/ts-contacts-service/user/EvoMaster_ts_contacts_service_user_faults/compile.log,/mnt/train-ticket-aitest/evomaster/evomaster-config/runtime-logs/classes/ts-contacts-service/user/EvoMaster_ts_contacts_service_user_faults/compile_stdout.log,/mnt/train-ticket-aitest/evomaster/evomaster-config/runtime-logs/classes/ts-contacts-service/user/EvoMaster_ts_contacts_service_user_faults/compile_stderr.log,True,True,0,,0,False,13.05,9.83,165.13,Test passed (detected via Surefire XML),/mnt/train-ticket-aitest/evomaster/evomaster-config/runtime-logs/methods/ts-contacts-service/user/EvoMaster_ts_contacts_service_user_faults/test_3_deleteOnContactReturnsMismatchResponseWithSchema,/mnt/train-ticket-aitest/evomaster/evomaster-config/runtime-logs/methods/ts-contacts-service/user/EvoMaster_ts_contacts_service_user_faults/test_3_deleteOnContactReturnsMismatchResponseWithSchema/run.log,/mnt/train-ticket-aitest/evomaster/evomaster-config/runtime-logs/methods/ts-contacts-service/user/EvoMaster_ts_contacts_service_user_faults/test_3_deleteOnContactReturnsMismatchResponseWithSchema/run_stdout.log,/mnt/train-ticket-aitest/evomaster/evomaster-config/runtime-logs/methods/ts-contacts-service/user/EvoMaster_ts_contacts_service_user_faults/test_3_deleteOnContactReturnsMismatchResponseWithSchema/run_stderr.log
ts-inside-payment-service,admin,EvoMaster_ts-inside-payment-service_admin_faults.java,EvoMaster_ts_inside_payment_service_admin_faults,test_0_postOnAccountShowsFaults_100_101,False,1,500,/api/v1/inside_pay_service/inside_payment/account,POST,500,.statusCode(500) .assertThat(),6,".post(baseUrlOfSut + ""/api/v1/inside_pay_service/inside_payment/account"")",".body("" { "" + 
                    "" \""userId\"" : \""zj2NwmuZPPQCc\"", "" + 
                    "" \""money\"" : \""y4hzF0xEk0D\"" "" + 
                    "" } "")",".header(""Authorization"", ""Bearer eyJhbGciOiJIUzI1NiJ9.eyJzdWIiOiJhZG1pbiIsInJvbGVzIjpbIlJPTEVfQURNSU4iXSwiaWQiOiI0NjgwZDY4ZS0zNWMyLTQzOTgtOGQyMS00Mzk2MzNlNWViZWEiLCJpYXQiOjE3Nzg0NDQyODQsImV4cCI6MTc3ODQ0Nzg4NH0.gCgFBxwAM_LbzhIJRfPfrQgqAWiv1ZRqWKDJeavqQfg"")",faults,/mnt/train-ticket-aitest/evomaster/evomaster-config/generated-tests/blackbox/ts-inside-payment-service/admin/EvoMaster_ts-inside-payment-service_admin_faults.java,23,6,True,0,,0,0,,100.0,0,0,0,0,0,0,False,,/mnt/train-ticket-aitest/evomaster/evomaster-config/runtime-logs/classes/ts-inside-payment-service/admin/EvoMaster_ts_inside_payment_service_admin_faults,/mnt/train-ticket-aitest/evomaster/evomaster-config/runtime-logs/classes/ts-inside-payment-service/admin/EvoMaster_ts_inside_payment_service_admin_faults/compile.log,/mnt/train-ticket-aitest/evomaster/evomaster-config/runtime-logs/classes/ts-inside-payment-service/admin/EvoMaster_ts_inside_payment_service_admin_faults/compile_stdout.log,/mnt/train-ticket-aitest/evomaster/evomaster-config/runtime-logs/classes/ts-inside-payment-service/admin/EvoMaster_ts_inside_payment_service_admin_faults/compile_stderr.log,False,True,1,java.lang.AssertionError;test_failure,1,False,12.12,9.32,159.99,"Tests run: 1, Failures: 1, Errors: 0, Skipped: 0",/mnt/train-ticket-aitest/evomaster/evomaster-config/runtime-logs/methods/ts-inside-payment-service/admin/EvoMaster_ts_inside_payment_service_admin_faults/test_0_postOnAccountShowsFaults_100_101,/mnt/train-ticket-aitest/evomaster/evomaster-config/runtime-logs/methods/ts-inside-payment-service/admin/EvoMaster_ts_inside_payment_service_admin_faults/test_0_postOnAccountShowsFaults_100_101/run.log,/mnt/train-ticket-aitest/evomaster/evomaster-config/runtime-logs/methods/ts-inside-payment-service/admin/EvoMaster_ts_inside_payment_service_admin_faults/test_0_postOnAccountShowsFaults_100_101/run_stdout.log,/mnt/train-ticket-aitest/evomaster/evomaster-config/runtime-logs/methods/ts-inside-payment-service/admin/EvoMaster_ts_inside_payment_service_admin_faults/test_0_postOnAccountShowsFaults_100_101/run_stderr.log
ts-inside-payment-service,admin,EvoMaster_ts-inside-payment-service_admin_faults.java,EvoMaster_ts_inside_payment_service_admin_faults,test_1_postOnAccountReturnsMismatchResponseWithSchema,False,1,403,/api/v1/inside_pay_service/inside_payment/account,POST,403,.statusCode(403) .assertThat(),2,".post(baseUrlOfSut + ""/api/v1/inside_pay_service/inside_payment/account"")",".body("" { } "")",".header(""Authorization"", ""Bearer eyJhbGciOiJIUzI1NiJ9.eyJzdWIiOiJhZG1pbiIsInJvbGVzIjpbIlJPTEVfQURNSU4iXSwiaWQiOiI0NjgwZDY4ZS0zNWMyLTQzOTgtOGQyMS00Mzk2MzNlNWViZWEiLCJpYXQiOjE3Nzg0NDQyODQsImV4cCI6MTc3ODQ0Nzg4NH0.gCgFBxwAM_LbzhIJRfPfrQgqAWiv1ZRqWKDJeavqQfg"")",faults,/mnt/train-ticket-aitest/evomaster/evomaster-config/generated-tests/blackbox/ts-inside-payment-service/admin/EvoMaster_ts-inside-payment-service_admin_faults.java,23,6,True,0,,0,0,,100.0,0,0,0,0,0,0,False,,/mnt/train-ticket-aitest/evomaster/evomaster-config/runtime-logs/classes/ts-inside-payment-service/admin/EvoMaster_ts_inside_payment_service_admin_faults,/mnt/train-ticket-aitest/evomaster/evomaster-config/runtime-logs/classes/ts-inside-payment-service/admin/EvoMaster_ts_inside_payment_service_admin_faults/compile.log,/mnt/train-ticket-aitest/evomaster/evomaster-config/runtime-logs/classes/ts-inside-payment-service/admin/EvoMaster_ts_inside_payment_service_admin_faults/compile_stdout.log,/mnt/train-ticket-aitest/evomaster/evomaster-config/runtime-logs/classes/ts-inside-payment-service/admin/EvoMaster_ts_inside_payment_service_admin_faults/compile_stderr.log,True,True,0,,0,False,11.64,9.1,155.43,Test passed (detected via Surefire XML),/mnt/train-ticket-aitest/evomaster/evomaster-config/runtime-logs/methods/ts-inside-payment-service/admin/EvoMaster_ts_inside_payment_service_admin_faults/test_1_postOnAccountReturnsMismatchResponseWithSchema,/mnt/train-ticket-aitest/evomaster/evomaster-config/runtime-logs/methods/ts-inside-payment-service/admin/EvoMaster_ts_inside_payment_service_admin_faults/test_1_postOnAccountReturnsMismatchResponseWithSchema/run.log,/mnt/train-ticket-aitest/evomaster/evomaster-config/runtime-logs/methods/ts-inside-payment-service/admin/EvoMaster_ts_inside_payment_service_admin_faults/test_1_postOnAccountReturnsMismatchResponseWithSchema/run_stdout.log,/mnt/train-ticket-aitest/evomaster/evomaster-config/runtime-logs/methods/ts-inside-payment-service/admin/EvoMaster_ts_inside_payment_service_admin_faults/test_1_postOnAccountReturnsMismatchResponseWithSchema/run_stderr.log
ts-inside-payment-service,none,EvoMaster_ts-inside-payment-service_none_faults.java,EvoMaster_ts_inside_payment_service_none_faults,test_0_postOnAccountShowsFaults_100_101,False,1,500,/api/v1/inside_pay_service/inside_payment/account,POST,500,.statusCode(500) .assertThat(),6,".post(baseUrlOfSut + ""/api/v1/inside_pay_service/inside_payment/account"")",".body("" { "" + 
                    "" \""money\"" : \""UQBFLBlnEPxSpt4\"" "" + 
                    "" } "")",,faults,/mnt/train-ticket-aitest/evomaster/evomaster-config/generated-tests/blackbox/ts-inside-payment-service/none/EvoMaster_ts-inside-payment-service_none_faults.java,23,6,True,0,,0,0,,100.0,0,0,0,0,0,0,False,,/mnt/train-ticket-aitest/evomaster/evomaster-config/runtime-logs/classes/ts-inside-payment-service/none/EvoMaster_ts_inside_payment_service_none_faults,/mnt/train-ticket-aitest/evomaster/evomaster-config/runtime-logs/classes/ts-inside-payment-service/none/EvoMaster_ts_inside_payment_service_none_faults/compile.log,/mnt/train-ticket-aitest/evomaster/evomaster-config/runtime-logs/classes/ts-inside-payment-service/none/EvoMaster_ts_inside_payment_service_none_faults/compile_stdout.log,/mnt/train-ticket-aitest/evomaster/evomaster-config/runtime-logs/classes/ts-inside-payment-service/none/EvoMaster_ts_inside_payment_service_none_faults/compile_stderr.log,False,True,1,java.lang.AssertionError;test_failure,1,False,11.03,9.15,159.84,"Tests run: 1, Failures: 1, Errors: 0, Skipped: 0",/mnt/train-ticket-aitest/evomaster/evomaster-config/runtime-logs/methods/ts-inside-payment-service/none/EvoMaster_ts_inside_payment_service_none_faults/test_0_postOnAccountShowsFaults_100_101,/mnt/train-ticket-aitest/evomaster/evomaster-config/runtime-logs/methods/ts-inside-payment-service/none/EvoMaster_ts_inside_payment_service_none_faults/test_0_postOnAccountShowsFaults_100_101/run.log,/mnt/train-ticket-aitest/evomaster/evomaster-config/runtime-logs/methods/ts-inside-payment-service/none/EvoMaster_ts_inside_payment_service_none_faults/test_0_postOnAccountShowsFaults_100_101/run_stdout.log,/mnt/train-ticket-aitest/evomaster/evomaster-config/runtime-logs/methods/ts-inside-payment-service/none/EvoMaster_ts_inside_payment_service_none_faults/test_0_postOnAccountShowsFaults_100_101/run_stderr.log
ts-inside-payment-service,none,EvoMaster_ts-inside-payment-service_none_faults.java,EvoMaster_ts_inside_payment_service_none_faults,test_1_postOnAccountReturnsMismatchResponseWithSchema,False,1,403,/api/v1/inside_pay_service/inside_payment/account,POST,403,.statusCode(403) .assertThat(),2,".post(baseUrlOfSut + ""/api/v1/inside_pay_service/inside_payment/account"")",".body("" { "" + 
                    "" \""userId\"" : \""ScZ\"", "" + 
                    "" \""money\"" : \""\"" "" + 
                    "" } "")",,faults,/mnt/train-ticket-aitest/evomaster/evomaster-config/generated-tests/blackbox/ts-inside-payment-service/none/EvoMaster_ts-inside-payment-service_none_faults.java,23,6,True,0,,0,0,,100.0,0,0,0,0,0,0,False,,/mnt/train-ticket-aitest/evomaster/evomaster-config/runtime-logs/classes/ts-inside-payment-service/none/EvoMaster_ts_inside_payment_service_none_faults,/mnt/train-ticket-aitest/evomaster/evomaster-config/runtime-logs/classes/ts-inside-payment-service/none/EvoMaster_ts_inside_payment_service_none_faults/compile.log,/mnt/train-ticket-aitest/evomaster/evomaster-config/runtime-logs/classes/ts-inside-payment-service/none/EvoMaster_ts_inside_payment_service_none_faults/compile_stdout.log,/mnt/train-ticket-aitest/evomaster/evomaster-config/runtime-logs/classes/ts-inside-payment-service/none/EvoMaster_ts_inside_payment_service_none_faults/compile_stderr.log,True,True,0,,0,False,10.57,8.95,160.46,Test passed (detected via Surefire XML),/mnt/train-ticket-aitest/evomaster/evomaster-config/runtime-logs/methods/ts-inside-payment-service/none/EvoMaster_ts_inside_payment_service_none_faults/test_1_postOnAccountReturnsMismatchResponseWithSchema,/mnt/train-ticket-aitest/evomaster/evomaster-config/runtime-logs/methods/ts-inside-payment-service/none/EvoMaster_ts_inside_payment_service_none_faults/test_1_postOnAccountReturnsMismatchResponseWithSchema/run.log,/mnt/train-ticket-aitest/evomaster/evomaster-config/runtime-logs/methods/ts-inside-payment-service/none/EvoMaster_ts_inside_payment_service_none_faults/test_1_postOnAccountReturnsMismatchResponseWithSchema/run_stdout.log,/mnt/train-ticket-aitest/evomaster/evomaster-config/runtime-logs/methods/ts-inside-payment-service/none/EvoMaster_ts_inside_payment_service_none_faults/test_1_postOnAccountReturnsMismatchResponseWithSchema/run_stderr.log
ts-inside-payment-service,user,EvoMaster_ts-inside-payment-service_user_faults.java,EvoMaster_ts_inside_payment_service_user_faults,test_0_postOnAccountShowsFaults_100_101,False,1,500,/api/v1/inside_pay_service/inside_payment/account,POST,500,.statusCode(500) .assertThat(),6,".post(baseUrlOfSut + ""/api/v1/inside_pay_service/inside_payment/account"")",".body("" { "" + 
                    "" \""userId\"" : \""YfYXL02phgE2\"", "" + 
                    "" \""money\"" : \""rvxlPTUMP5t\"" "" + 
                    "" } "")",".header(""Authorization"", ""Bearer eyJhbGciOiJIUzI1NiJ9.eyJzdWIiOiJmZHNlX21pY3Jvc2VydmljZSIsInJvbGVzIjpbIlJPTEVfVVNFUiJdLCJpZCI6IjRkMmE0NmM3LTcxY2ItNGNmMS1iNWJiLWI2ODQwNmQ5ZGE2ZiIsImlhdCI6MTc3ODQ0NDI4NSwiZXhwIjoxNzc4NDQ3ODg1fQ.mNH7GZ4mKP6oRWC5YxdRfPA9MfPe-sJ3XCo5Y3xYFLA"")",faults,/mnt/train-ticket-aitest/evomaster/evomaster-config/generated-tests/blackbox/ts-inside-payment-service/user/EvoMaster_ts-inside-payment-service_user_faults.java,23,6,True,0,,0,0,,100.0,0,0,0,0,0,0,False,,/mnt/train-ticket-aitest/evomaster/evomaster-config/runtime-logs/classes/ts-inside-payment-service/user/EvoMaster_ts_inside_payment_service_user_faults,/mnt/train-ticket-aitest/evomaster/evomaster-config/runtime-logs/classes/ts-inside-payment-service/user/EvoMaster_ts_inside_payment_service_user_faults/compile.log,/mnt/train-ticket-aitest/evomaster/evomaster-config/runtime-logs/classes/ts-inside-payment-service/user/EvoMaster_ts_inside_payment_service_user_faults/compile_stdout.log,/mnt/train-ticket-aitest/evomaster/evomaster-config/runtime-logs/classes/ts-inside-payment-service/user/EvoMaster_ts_inside_payment_service_user_faults/compile_stderr.log,False,True,1,java.lang.AssertionError;test_failure,1,False,11.04,9.15,164.05,"Tests run: 1, Failures: 1, Errors: 0, Skipped: 0",/mnt/train-ticket-aitest/evomaster/evomaster-config/runtime-logs/methods/ts-inside-payment-service/user/EvoMaster_ts_inside_payment_service_user_faults/test_0_postOnAccountShowsFaults_100_101,/mnt/train-ticket-aitest/evomaster/evomaster-config/runtime-logs/methods/ts-inside-payment-service/user/EvoMaster_ts_inside_payment_service_user_faults/test_0_postOnAccountShowsFaults_100_101/run.log,/mnt/train-ticket-aitest/evomaster/evomaster-config/runtime-logs/methods/ts-inside-payment-service/user/EvoMaster_ts_inside_payment_service_user_faults/test_0_postOnAccountShowsFaults_100_101/run_stdout.log,/mnt/train-ticket-aitest/evomaster/evomaster-config/runtime-logs/methods/ts-inside-payment-service/user/EvoMaster_ts_inside_payment_service_user_faults/test_0_postOnAccountShowsFaults_100_101/run_stderr.log
ts-inside-payment-service,user,EvoMaster_ts-inside-payment-service_user_faults.java,EvoMaster_ts_inside_payment_service_user_faults,test_1_postOnAccountReturnsMismatchResponseWithSchema,False,1,200,/api/v1/inside_pay_service/inside_payment/account,POST,200,.statusCode(200) .assertThat(),5,".post(baseUrlOfSut + ""/api/v1/inside_pay_service/inside_payment/account"")",".body("" { "" + 
                    "" \""userId\"" : \""o2fFMWrtRFuSA\"", "" + 
                    "" \""money\"" : \""\"" "" + 
                    "" } "")",".header(""Authorization"", ""Bearer eyJhbGciOiJIUzI1NiJ9.eyJzdWIiOiJmZHNlX21pY3Jvc2VydmljZSIsInJvbGVzIjpbIlJPTEVfVVNFUiJdLCJpZCI6IjRkMmE0NmM3LTcxY2ItNGNmMS1iNWJiLWI2ODQwNmQ5ZGE2ZiIsImlhdCI6MTc3ODQ0NDI4NSwiZXhwIjoxNzc4NDQ3ODg1fQ.mNH7GZ4mKP6oRWC5YxdRfPA9MfPe-sJ3XCo5Y3xYFLA"")",faults,/mnt/train-ticket-aitest/evomaster/evomaster-config/generated-tests/blackbox/ts-inside-payment-service/user/EvoMaster_ts-inside-payment-service_user_faults.java,23,6,True,0,,0,0,,100.0,0,0,0,0,0,0,False,,/mnt/train-ticket-aitest/evomaster/evomaster-config/runtime-logs/classes/ts-inside-payment-service/user/EvoMaster_ts_inside_payment_service_user_faults,/mnt/train-ticket-aitest/evomaster/evomaster-config/runtime-logs/classes/ts-inside-payment-service/user/EvoMaster_ts_inside_payment_service_user_faults/compile.log,/mnt/train-ticket-aitest/evomaster/evomaster-config/runtime-logs/classes/ts-inside-payment-service/user/EvoMaster_ts_inside_payment_service_user_faults/compile_stdout.log,/mnt/train-ticket-aitest/evomaster/evomaster-config/runtime-logs/classes/ts-inside-payment-service/user/EvoMaster_ts_inside_payment_service_user_faults/compile_stderr.log,True,True,0,,0,False,12.61,9.17,165.03,Test passed (detected via Surefire XML),/mnt/train-ticket-aitest/evomaster/evomaster-config/runtime-logs/methods/ts-inside-payment-service/user/EvoMaster_ts_inside_payment_service_user_faults/test_1_postOnAccountReturnsMismatchResponseWithSchema,/mnt/train-ticket-aitest/evomaster/evomaster-config/runtime-logs/methods/ts-inside-payment-service/user/EvoMaster_ts_inside_payment_service_user_faults/test_1_postOnAccountReturnsMismatchResponseWithSchema/run.log,/mnt/train-ticket-aitest/evomaster/evomaster-config/runtime-logs/methods/ts-inside-payment-service/user/EvoMaster_ts_inside_payment_service_user_faults/test_1_postOnAccountReturnsMismatchResponseWithSchema/run_stdout.log,/mnt/train-ticket-aitest/evomaster/evomaster-config/runtime-logs/methods/ts-inside-payment-service/user/EvoMaster_ts_inside_payment_service_user_faults/test_1_postOnAccountReturnsMismatchResponseWithSchema/run_stderr.log
ts-inside-payment-service,user,EvoMaster_ts-inside-payment-service_user_faults.java,EvoMaster_ts_inside_payment_service_user_faults,test_2_postOnAccountReturnsMismatchResponseWithSchema,False,1,403,/api/v1/inside_pay_service/inside_payment/account,POST,403,.statusCode(403) .assertThat(),2,".post(baseUrlOfSut + ""/api/v1/inside_pay_service/inside_payment/account"")",".body("" { "" + 
                    "" \""userId\"" : \""6qLPz\"" "" + 
                    "" } "")",".header(""Authorization"", ""Bearer eyJhbGciOiJIUzI1NiJ9.eyJzdWIiOiJmZHNlX21pY3Jvc2VydmljZSIsInJvbGVzIjpbIlJPTEVfVVNFUiJdLCJpZCI6IjRkMmE0NmM3LTcxY2ItNGNmMS1iNWJiLWI2ODQwNmQ5ZGE2ZiIsImlhdCI6MTc3ODQ0NDI4NSwiZXhwIjoxNzc4NDQ3ODg1fQ.mNH7GZ4mKP6oRWC5YxdRfPA9MfPe-sJ3XCo5Y3xYFLA"")",faults,/mnt/train-ticket-aitest/evomaster/evomaster-config/generated-tests/blackbox/ts-inside-payment-service/user/EvoMaster_ts-inside-payment-service_user_faults.java,23,6,True,0,,0,0,,100.0,0,0,0,0,0,0,False,,/mnt/train-ticket-aitest/evomaster/evomaster-config/runtime-logs/classes/ts-inside-payment-service/user/EvoMaster_ts_inside_payment_service_user_faults,/mnt/train-ticket-aitest/evomaster/evomaster-config/runtime-logs/classes/ts-inside-payment-service/user/EvoMaster_ts_inside_payment_service_user_faults/compile.log,/mnt/train-ticket-aitest/evomaster/evomaster-config/runtime-logs/classes/ts-inside-payment-service/user/EvoMaster_ts_inside_payment_service_user_faults/compile_stdout.log,/mnt/train-ticket-aitest/evomaster/evomaster-config/runtime-logs/classes/ts-inside-payment-service/user/EvoMaster_ts_inside_payment_service_user_faults/compile_stderr.log,True,True,0,,0,False,12.06,9.41,161.54,Test passed (detected via Surefire XML),/mnt/train-ticket-aitest/evomaster/evomaster-config/runtime-logs/methods/ts-inside-payment-service/user/EvoMaster_ts_inside_payment_service_user_faults/test_2_postOnAccountReturnsMismatchResponseWithSchema,/mnt/train-ticket-aitest/evomaster/evomaster-config/runtime-logs/methods/ts-inside-payment-service/user/EvoMaster_ts_inside_payment_service_user_faults/test_2_postOnAccountReturnsMismatchResponseWithSchema/run.log,/mnt/train-ticket-aitest/evomaster/evomaster-config/runtime-logs/methods/ts-inside-payment-service/user/EvoMaster_ts_inside_payment_service_user_faults/test_2_postOnAccountReturnsMismatchResponseWithSchema/run_stdout.log,/mnt/train-ticket-aitest/evomaster/evomaster-config/runtime-logs/methods/ts-inside-payment-service/user/EvoMaster_ts_inside_payment_service_user_faults/test_2_postOnAccountReturnsMismatchResponseWithSchema/run_stderr.log
ts-order-service,admin,EvoMaster_ts-order-service_admin_faults.java,EvoMaster_ts_order_service_admin_faults,test_0_putOnOrderShowsFaults_100_101,False,1,500,/api/v1/orderservice/order,PUT,500,.statusCode(500) .assertThat(),6,".put(baseUrlOfSut + ""/api/v1/orderservice/order"")",".body("" { "" + 
                    "" \""id\"" : \""8OiA\"", "" + 
                    "" \""boughtDate\"" : \""2008-04-04\"", "" + 
                    "" \""accountId\"" : \""1tHc7bdpk\"", "" + 
                    "" \""contactsName\"" : \""kXJz\"", "" + 
                    "" \""documentType\"" : 404, "" + 
                    "" \""contactsDocumentNumber\"" : \""0y4Yj\"", "" + 
                    "" \""from\"" : \""cGeu9FVDx4EUG\"", "" + 
                    "" \""to\"" : \""hn\"" "" + 
                    "" } "")",".header(""Authorization"", ""Bearer eyJhbGciOiJIUzI1NiJ9.eyJzdWIiOiJhZG1pbiIsInJvbGVzIjpbIlJPTEVfQURNSU4iXSwiaWQiOiI0NjgwZDY4ZS0zNWMyLTQzOTgtOGQyMS00Mzk2MzNlNWViZWEiLCJpYXQiOjE3Nzg0NDQyODQsImV4cCI6MTc3ODQ0Nzg4NH0.gCgFBxwAM_LbzhIJRfPfrQgqAWiv1ZRqWKDJeavqQfg"")",faults,/mnt/train-ticket-aitest/evomaster/evomaster-config/generated-tests/blackbox/ts-order-service/admin/EvoMaster_ts-order-service_admin_faults.java,23,6,True,0,,0,0,,100.0,0,0,0,0,0,0,False,,/mnt/train-ticket-aitest/evomaster/evomaster-config/runtime-logs/classes/ts-order-service/admin/EvoMaster_ts_order_service_admin_faults,/mnt/train-ticket-aitest/evomaster/evomaster-config/runtime-logs/classes/ts-order-service/admin/EvoMaster_ts_order_service_admin_faults/compile.log,/mnt/train-ticket-aitest/evomaster/evomaster-config/runtime-logs/classes/ts-order-service/admin/EvoMaster_ts_order_service_admin_faults/compile_stdout.log,/mnt/train-ticket-aitest/evomaster/evomaster-config/runtime-logs/classes/ts-order-service/admin/EvoMaster_ts_order_service_admin_faults/compile_stderr.log,False,True,1,java.lang.AssertionError;test_failure,1,False,12.04,9.38,155.96,"Tests run: 1, Failures: 1, Errors: 0, Skipped: 0",/mnt/train-ticket-aitest/evomaster/evomaster-config/runtime-logs/methods/ts-order-service/admin/EvoMaster_ts_order_service_admin_faults/test_0_putOnOrderShowsFaults_100_101,/mnt/train-ticket-aitest/evomaster/evomaster-config/runtime-logs/methods/ts-order-service/admin/EvoMaster_ts_order_service_admin_faults/test_0_putOnOrderShowsFaults_100_101/run.log,/mnt/train-ticket-aitest/evomaster/evomaster-config/runtime-logs/methods/ts-order-service/admin/EvoMaster_ts_order_service_admin_faults/test_0_putOnOrderShowsFaults_100_101/run_stdout.log,/mnt/train-ticket-aitest/evomaster/evomaster-config/runtime-logs/methods/ts-order-service/admin/EvoMaster_ts_order_service_admin_faults/test_0_putOnOrderShowsFaults_100_101/run_stderr.log
ts-order-service,admin,EvoMaster_ts-order-service_admin_faults.java,EvoMaster_ts_order_service_admin_faults,test_1_putOnOrderReturnsMismatchResponseWithSchema,False,1,403,/api/v1/orderservice/order,PUT,403,.statusCode(403) .assertThat(),2,".put(baseUrlOfSut + ""/api/v1/orderservice/order"")",".body("" { "" + 
                    "" \""id\"" : \""ro3spSRw2MD\"", "" + 
                    "" \""boughtDate\"" : \""2081-06-25\"", "" + 
                    "" \""travelTime\"" : \""1904-05-20T06:44:42Z\"", "" + 
                    "" \""documentType\"" : 444, "" + 
                    "" \""contactsDocumentNumber\"" : \""\"", "" + 
                    "" \""trainNumber\"" : \""9nmnIBfWlgXhYi\"", "" + 
                    "" \""seatClass\"" : 888, "" + 
                    "" \""seatNumber\"" : \""lT8IoFaM9\"", "" + 
                    "" \""from\"" : \""tAQRVm6St\"", "" + 
                    "" \""price\"" : -4.985107515922662E7 "" + 
                    "" } "")",,faults,/mnt/train-ticket-aitest/evomaster/evomaster-config/generated-tests/blackbox/ts-order-service/admin/EvoMaster_ts-order-service_admin_faults.java,23,6,True,0,,0,0,,100.0,0,0,0,0,0,0,False,,/mnt/train-ticket-aitest/evomaster/evomaster-config/runtime-logs/classes/ts-order-service/admin/EvoMaster_ts_order_service_admin_faults,/mnt/train-ticket-aitest/evomaster/evomaster-config/runtime-logs/classes/ts-order-service/admin/EvoMaster_ts_order_service_admin_faults/compile.log,/mnt/train-ticket-aitest/evomaster/evomaster-config/runtime-logs/classes/ts-order-service/admin/EvoMaster_ts_order_service_admin_faults/compile_stdout.log,/mnt/train-ticket-aitest/evomaster/evomaster-config/runtime-logs/classes/ts-order-service/admin/EvoMaster_ts_order_service_admin_faults/compile_stderr.log,True,True,0,,0,False,10.55,8.76,163.27,Test passed (detected via Surefire XML),/mnt/train-ticket-aitest/evomaster/evomaster-config/runtime-logs/methods/ts-order-service/admin/EvoMaster_ts_order_service_admin_faults/test_1_putOnOrderReturnsMismatchResponseWithSchema,/mnt/train-ticket-aitest/evomaster/evomaster-config/runtime-logs/methods/ts-order-service/admin/EvoMaster_ts_order_service_admin_faults/test_1_putOnOrderReturnsMismatchResponseWithSchema/run.log,/mnt/train-ticket-aitest/evomaster/evomaster-config/runtime-logs/methods/ts-order-service/admin/EvoMaster_ts_order_service_admin_faults/test_1_putOnOrderReturnsMismatchResponseWithSchema/run_stdout.log,/mnt/train-ticket-aitest/evomaster/evomaster-config/runtime-logs/methods/ts-order-service/admin/EvoMaster_ts_order_service_admin_faults/test_1_putOnOrderReturnsMismatchResponseWithSchema/run_stderr.log
ts-order-service,none,EvoMaster_ts-order-service_none_faults.java,EvoMaster_ts_order_service_none_faults,test_0_putOnOrderShowsFaults_100_101,False,1,500,/api/v1/orderservice/order,PUT,500,.statusCode(500) .assertThat(),6,".put(baseUrlOfSut + ""/api/v1/orderservice/order"")",".body("" { "" + 
                    "" \""boughtDate\"" : \""2044-07-09\"", "" + 
                    "" \""travelTime\"" : \""1934-13-27T01:55:40.594Z\"", "" + 
                    "" \""coachNumber\"" : 690, "" + 
                    "" \""seatNumber\"" : \""cd7zRbBJ\"", "" + 
                    "" \""price\"" : 3.0023816878008284E7 "" + 
                    "" } "")",,faults,/mnt/train-ticket-aitest/evomaster/evomaster-config/generated-tests/blackbox/ts-order-service/none/EvoMaster_ts-order-service_none_faults.java,23,6,True,0,,0,0,,100.0,0,0,0,0,0,0,False,,/mnt/train-ticket-aitest/evomaster/evomaster-config/runtime-logs/classes/ts-order-service/none/EvoMaster_ts_order_service_none_faults,/mnt/train-ticket-aitest/evomaster/evomaster-config/runtime-logs/classes/ts-order-service/none/EvoMaster_ts_order_service_none_faults/compile.log,/mnt/train-ticket-aitest/evomaster/evomaster-config/runtime-logs/classes/ts-order-service/none/EvoMaster_ts_order_service_none_faults/compile_stdout.log,/mnt/train-ticket-aitest/evomaster/evomaster-config/runtime-logs/classes/ts-order-service/none/EvoMaster_ts_order_service_none_faults/compile_stderr.log,False,True,1,java.lang.AssertionError;test_failure,1,False,11.54,9.26,153.43,"Tests run: 1, Failures: 1, Errors: 0, Skipped: 0",/mnt/train-ticket-aitest/evomaster/evomaster-config/runtime-logs/methods/ts-order-service/none/EvoMaster_ts_order_service_none_faults/test_0_putOnOrderShowsFaults_100_101,/mnt/train-ticket-aitest/evomaster/evomaster-config/runtime-logs/methods/ts-order-service/none/EvoMaster_ts_order_service_none_faults/test_0_putOnOrderShowsFaults_100_101/run.log,/mnt/train-ticket-aitest/evomaster/evomaster-config/runtime-logs/methods/ts-order-service/none/EvoMaster_ts_order_service_none_faults/test_0_putOnOrderShowsFaults_100_101/run_stdout.log,/mnt/train-ticket-aitest/evomaster/evomaster-config/runtime-logs/methods/ts-order-service/none/EvoMaster_ts_order_service_none_faults/test_0_putOnOrderShowsFaults_100_101/run_stderr.log
ts-order-service,none,EvoMaster_ts-order-service_none_faults.java,EvoMaster_ts_order_service_none_faults,test_1_putOnOrderReturnsMismatchResponseWithSchema,False,1,403,/api/v1/orderservice/order,PUT,403,.statusCode(403) .assertThat(),2,".put(baseUrlOfSut + ""/api/v1/orderservice/order"")",".body("" { "" + 
                    "" \""id\"" : \""Ve9\"", "" + 
                    "" \""accountId\"" : \""ssxvkx\"", "" + 
                    "" \""contactsName\"" : \""g8Y61Qhd\"", "" + 
                    "" \""documentType\"" : 183, "" + 
                    "" \""contactsDocumentNumber\"" : \""\"", "" + 
                    "" \""trainNumber\"" : \""\"", "" + 
                    "" \""coachNumber\"" : 824, "" + 
                    "" \""seatNumber\"" : \""dx\"", "" + 
                    "" \""from\"" : \""e84BsVPYSAkk\"" "" + 
                    "" } "")",,faults,/mnt/train-ticket-aitest/evomaster/evomaster-config/generated-tests/blackbox/ts-order-service/none/EvoMaster_ts-order-service_none_faults.java,23,6,True,0,,0,0,,100.0,0,0,0,0,0,0,False,,/mnt/train-ticket-aitest/evomaster/evomaster-config/runtime-logs/classes/ts-order-service/none/EvoMaster_ts_order_service_none_faults,/mnt/train-ticket-aitest/evomaster/evomaster-config/runtime-logs/classes/ts-order-service/none/EvoMaster_ts_order_service_none_faults/compile.log,/mnt/train-ticket-aitest/evomaster/evomaster-config/runtime-logs/classes/ts-order-service/none/EvoMaster_ts_order_service_none_faults/compile_stdout.log,/mnt/train-ticket-aitest/evomaster/evomaster-config/runtime-logs/classes/ts-order-service/none/EvoMaster_ts_order_service_none_faults/compile_stderr.log,True,True,0,,0,False,11.55,9.09,157.89,Test passed (detected via Surefire XML),/mnt/train-ticket-aitest/evomaster/evomaster-config/runtime-logs/methods/ts-order-service/none/EvoMaster_ts_order_service_none_faults/test_1_putOnOrderReturnsMismatchResponseWithSchema,/mnt/train-ticket-aitest/evomaster/evomaster-config/runtime-logs/methods/ts-order-service/none/EvoMaster_ts_order_service_none_faults/test_1_putOnOrderReturnsMismatchResponseWithSchema/run.log,/mnt/train-ticket-aitest/evomaster/evomaster-config/runtime-logs/methods/ts-order-service/none/EvoMaster_ts_order_service_none_faults/test_1_putOnOrderReturnsMismatchResponseWithSchema/run_stdout.log,/mnt/train-ticket-aitest/evomaster/evomaster-config/runtime-logs/methods/ts-order-service/none/EvoMaster_ts_order_service_none_faults/test_1_putOnOrderReturnsMismatchResponseWithSchema/run_stderr.log
ts-order-service,user,EvoMaster_ts-order-service_user_faults.java,EvoMaster_ts_order_service_user_faults,test_0_putOnOrderShowsFaults_100_101,False,1,500,/api/v1/orderservice/order,PUT,500,.statusCode(500) .assertThat(),6,".put(baseUrlOfSut + ""/api/v1/orderservice/order"")",".body("" { "" + 
                    "" \""travelTime\"" : \""2058-05-25T02:14:14.929-06:15\"", "" + 
                    "" \""accountId\"" : \""jNdZIaTOWsSpaRri\"", "" + 
                    "" \""contactsName\"" : \""c1GhDxptuH\"", "" + 
                    "" \""contactsDocumentNumber\"" : \""31jBbrS2QPQ\"", "" + 
                    "" \""seatClass\"" : 171, "" + 
                    "" \""seatNumber\"" : \""KktjGH\"", "" + 
                    "" \""status\"" : 406, "" + 
                    "" \""price\"" : 9.084131395285957E8 "" + 
                    "" } "")",".header(""Authorization"", ""Bearer eyJhbGciOiJIUzI1NiJ9.eyJzdWIiOiJmZHNlX21pY3Jvc2VydmljZSIsInJvbGVzIjpbIlJPTEVfVVNFUiJdLCJpZCI6IjRkMmE0NmM3LTcxY2ItNGNmMS1iNWJiLWI2ODQwNmQ5ZGE2ZiIsImlhdCI6MTc3ODQ0NDI4NSwiZXhwIjoxNzc4NDQ3ODg1fQ.mNH7GZ4mKP6oRWC5YxdRfPA9MfPe-sJ3XCo5Y3xYFLA"")",faults,/mnt/train-ticket-aitest/evomaster/evomaster-config/generated-tests/blackbox/ts-order-service/user/EvoMaster_ts-order-service_user_faults.java,23,6,True,0,,0,0,,100.0,0,0,0,0,0,0,False,,/mnt/train-ticket-aitest/evomaster/evomaster-config/runtime-logs/classes/ts-order-service/user/EvoMaster_ts_order_service_user_faults,/mnt/train-ticket-aitest/evomaster/evomaster-config/runtime-logs/classes/ts-order-service/user/EvoMaster_ts_order_service_user_faults/compile.log,/mnt/train-ticket-aitest/evomaster/evomaster-config/runtime-logs/classes/ts-order-service/user/EvoMaster_ts_order_service_user_faults/compile_stdout.log,/mnt/train-ticket-aitest/evomaster/evomaster-config/runtime-logs/classes/ts-order-service/user/EvoMaster_ts_order_service_user_faults/compile_stderr.log,False,True,1,java.lang.AssertionError;test_failure,1,False,12.56,9.51,158.79,"Tests run: 1, Failures: 1, Errors: 0, Skipped: 0",/mnt/train-ticket-aitest/evomaster/evomaster-config/runtime-logs/methods/ts-order-service/user/EvoMaster_ts_order_service_user_faults/test_0_putOnOrderShowsFaults_100_101,/mnt/train-ticket-aitest/evomaster/evomaster-config/runtime-logs/methods/ts-order-service/user/EvoMaster_ts_order_service_user_faults/test_0_putOnOrderShowsFaults_100_101/run.log,/mnt/train-ticket-aitest/evomaster/evomaster-config/runtime-logs/methods/ts-order-service/user/EvoMaster_ts_order_service_user_faults/test_0_putOnOrderShowsFaults_100_101/run_stdout.log,/mnt/train-ticket-aitest/evomaster/evomaster-config/runtime-logs/methods/ts-order-service/user/EvoMaster_ts_order_service_user_faults/test_0_putOnOrderShowsFaults_100_101/run_stderr.log
ts-order-service,user,EvoMaster_ts-order-service_user_faults.java,EvoMaster_ts_order_service_user_faults,test_1_putOnOrderReturnsMismatchResponseWithSchema,False,1,200,/api/v1/orderservice/order,PUT,200,.statusCode(200) .assertThat(),5,".put(baseUrlOfSut + ""/api/v1/orderservice/order"")",".body("" { "" + 
                    "" \""id\"" : \""uNzs_D_dsWb\"", "" + 
                    "" \""travelTime\"" : \""2076-13-04T02:20:22Z\"", "" + 
                    "" \""contactsName\"" : \""5ZX_hSXlcT\"", "" + 
                    "" \""documentType\"" : 583, "" + 
                    "" \""coachNumber\"" : 968, "" + 
                    "" \""to\"" : \""\"", "" + 
                    "" \""status\"" : 452, "" + 
                    "" \""price\"" : 3.5245975127352886E7 "" + 
                    "" } "")",".header(""Authorization"", ""Bearer eyJhbGciOiJIUzI1NiJ9.eyJzdWIiOiJmZHNlX21pY3Jvc2VydmljZSIsInJvbGVzIjpbIlJPTEVfVVNFUiJdLCJpZCI6IjRkMmE0NmM3LTcxY2ItNGNmMS1iNWJiLWI2ODQwNmQ5ZGE2ZiIsImlhdCI6MTc3ODQ0NDI4NSwiZXhwIjoxNzc4NDQ3ODg1fQ.mNH7GZ4mKP6oRWC5YxdRfPA9MfPe-sJ3XCo5Y3xYFLA"")",faults,/mnt/train-ticket-aitest/evomaster/evomaster-config/generated-tests/blackbox/ts-order-service/user/EvoMaster_ts-order-service_user_faults.java,23,6,True,0,,0,0,,100.0,0,0,0,0,0,0,False,,/mnt/train-ticket-aitest/evomaster/evomaster-config/runtime-logs/classes/ts-order-service/user/EvoMaster_ts_order_service_user_faults,/mnt/train-ticket-aitest/evomaster/evomaster-config/runtime-logs/classes/ts-order-service/user/EvoMaster_ts_order_service_user_faults/compile.log,/mnt/train-ticket-aitest/evomaster/evomaster-config/runtime-logs/classes/ts-order-service/user/EvoMaster_ts_order_service_user_faults/compile_stdout.log,/mnt/train-ticket-aitest/evomaster/evomaster-config/runtime-logs/classes/ts-order-service/user/EvoMaster_ts_order_service_user_faults/compile_stderr.log,True,True,0,,0,False,13.55,9.25,153.65,Test passed (detected via Surefire XML),/mnt/train-ticket-aitest/evomaster/evomaster-config/runtime-logs/methods/ts-order-service/user/EvoMaster_ts_order_service_user_faults/test_1_putOnOrderReturnsMismatchResponseWithSchema,/mnt/train-ticket-aitest/evomaster/evomaster-config/runtime-logs/methods/ts-order-service/user/EvoMaster_ts_order_service_user_faults/test_1_putOnOrderReturnsMismatchResponseWithSchema/run.log,/mnt/train-ticket-aitest/evomaster/evomaster-config/runtime-logs/methods/ts-order-service/user/EvoMaster_ts_order_service_user_faults/test_1_putOnOrderReturnsMismatchResponseWithSchema/run_stdout.log,/mnt/train-ticket-aitest/evomaster/evomaster-config/runtime-logs/methods/ts-order-service/user/EvoMaster_ts_order_service_user_faults/test_1_putOnOrderReturnsMismatchResponseWithSchema/run_stderr.log
ts-preserve-service,admin,EvoMaster_ts-preserve-service_admin_faults.java,EvoMaster_ts_preserve_service_admin_faults,test_0_postOnPreserveShowsFaults_100_101,False,1,500,/api/v1/preserveservice/preserve,POST,500,.statusCode(500) .assertThat(),6,".post(baseUrlOfSut + ""/api/v1/preserveservice/preserve"")",".body("" { "" + 
                    "" \""accountId\"" : \""z5YpPGHQO\"", "" + 
                    "" \""seatType\"" : 660, "" + 
                    "" \""date\"" : \""1946-11-26\"", "" + 
                    "" \""assurance\"" : 636, "" + 
                    "" \""foodPrice\"" : 1.4114508624768226E9, "" + 
                    "" \""stationName\"" : \""7AJyZ\"", "" + 
                    "" \""storeName\"" : \""N79xtaQXxPYF01\"", "" + 
                    "" \""consigneeWeight\"" : -2.392599861665128E8, "" + 
                    "" \""isWithin\"" : true "" + 
                    "" } "")",".header(""Authorization"", ""Bearer eyJhbGciOiJIUzI1NiJ9.eyJzdWIiOiJhZG1pbiIsInJvbGVzIjpbIlJPTEVfQURNSU4iXSwiaWQiOiI0NjgwZDY4ZS0zNWMyLTQzOTgtOGQyMS00Mzk2MzNlNWViZWEiLCJpYXQiOjE3Nzg0NDQyODQsImV4cCI6MTc3ODQ0Nzg4NH0.gCgFBxwAM_LbzhIJRfPfrQgqAWiv1ZRqWKDJeavqQfg"")",faults,/mnt/train-ticket-aitest/evomaster/evomaster-config/generated-tests/blackbox/ts-preserve-service/admin/EvoMaster_ts-preserve-service_admin_faults.java,23,6,True,0,,0,0,,100.0,0,0,0,0,0,0,False,,/mnt/train-ticket-aitest/evomaster/evomaster-config/runtime-logs/classes/ts-preserve-service/admin/EvoMaster_ts_preserve_service_admin_faults,/mnt/train-ticket-aitest/evomaster/evomaster-config/runtime-logs/classes/ts-preserve-service/admin/EvoMaster_ts_preserve_service_admin_faults/compile.log,/mnt/train-ticket-aitest/evomaster/evomaster-config/runtime-logs/classes/ts-preserve-service/admin/EvoMaster_ts_preserve_service_admin_faults/compile_stdout.log,/mnt/train-ticket-aitest/evomaster/evomaster-config/runtime-logs/classes/ts-preserve-service/admin/EvoMaster_ts_preserve_service_admin_faults/compile_stderr.log,False,True,1,java.lang.AssertionError;test_failure,1,False,14.09,9.67,158.97,"Tests run: 1, Failures: 1, Errors: 0, Skipped: 0",/mnt/train-ticket-aitest/evomaster/evomaster-config/runtime-logs/methods/ts-preserve-service/admin/EvoMaster_ts_preserve_service_admin_faults/test_0_postOnPreserveShowsFaults_100_101,/mnt/train-ticket-aitest/evomaster/evomaster-config/runtime-logs/methods/ts-preserve-service/admin/EvoMaster_ts_preserve_service_admin_faults/test_0_postOnPreserveShowsFaults_100_101/run.log,/mnt/train-ticket-aitest/evomaster/evomaster-config/runtime-logs/methods/ts-preserve-service/admin/EvoMaster_ts_preserve_service_admin_faults/test_0_postOnPreserveShowsFaults_100_101/run_stdout.log,/mnt/train-ticket-aitest/evomaster/evomaster-config/runtime-logs/methods/ts-preserve-service/admin/EvoMaster_ts_preserve_service_admin_faults/test_0_postOnPreserveShowsFaults_100_101/run_stderr.log
ts-preserve-service,admin,EvoMaster_ts-preserve-service_admin_faults.java,EvoMaster_ts_preserve_service_admin_faults,test_1_postOnPreserveReturnsMismatchResponseWithSchema,False,1,403,/api/v1/preserveservice/preserve,POST,403,.statusCode(403) .assertThat(),2,".post(baseUrlOfSut + ""/api/v1/preserveservice/preserve"")",".body("" { "" + 
                    "" \""contactsId\"" : \""9\"", "" + 
                    "" \""from\"" : \""cvHnoi\"", "" + 
                    "" \""assurance\"" : 775, "" + 
                    "" \""foodType\"" : 202, "" + 
                    "" \""foodName\"" : \""hWn3c33gfuuwXU\"", "" + 
                    "" \""stationName\"" : \""dCW8tsun_C\"", "" + 
                    "" \""handleDate\"" : \""AFudv\"", "" + 
                    "" \""consigneePhone\"" : \""D1oJr8XGK\"" "" + 
                    "" } "")",".header(""Authorization"", ""Bearer eyJhbGciOiJIUzI1NiJ9.eyJzdWIiOiJhZG1pbiIsInJvbGVzIjpbIlJPTEVfQURNSU4iXSwiaWQiOiI0NjgwZDY4ZS0zNWMyLTQzOTgtOGQyMS00Mzk2MzNlNWViZWEiLCJpYXQiOjE3Nzg0NDQyODQsImV4cCI6MTc3ODQ0Nzg4NH0.gCgFBxwAM_LbzhIJRfPfrQgqAWiv1ZRqWKDJeavqQfg"")",faults,/mnt/train-ticket-aitest/evomaster/evomaster-config/generated-tests/blackbox/ts-preserve-service/admin/EvoMaster_ts-preserve-service_admin_faults.java,23,6,True,0,,0,0,,100.0,0,0,0,0,0,0,False,,/mnt/train-ticket-aitest/evomaster/evomaster-config/runtime-logs/classes/ts-preserve-service/admin/EvoMaster_ts_preserve_service_admin_faults,/mnt/train-ticket-aitest/evomaster/evomaster-config/runtime-logs/classes/ts-preserve-service/admin/EvoMaster_ts_preserve_service_admin_faults/compile.log,/mnt/train-ticket-aitest/evomaster/evomaster-config/runtime-logs/classes/ts-preserve-service/admin/EvoMaster_ts_preserve_service_admin_faults/compile_stdout.log,/mnt/train-ticket-aitest/evomaster/evomaster-config/runtime-logs/classes/ts-preserve-service/admin/EvoMaster_ts_preserve_service_admin_faults/compile_stderr.log,False,True,1,java.lang.AssertionError;test_failure,1,False,12.09,9.1,163.85,"Tests run: 1, Failures: 1, Errors: 0, Skipped: 0",/mnt/train-ticket-aitest/evomaster/evomaster-config/runtime-logs/methods/ts-preserve-service/admin/EvoMaster_ts_preserve_service_admin_faults/test_1_postOnPreserveReturnsMismatchResponseWithSchema,/mnt/train-ticket-aitest/evomaster/evomaster-config/runtime-logs/methods/ts-preserve-service/admin/EvoMaster_ts_preserve_service_admin_faults/test_1_postOnPreserveReturnsMismatchResponseWithSchema/run.log,/mnt/train-ticket-aitest/evomaster/evomaster-config/runtime-logs/methods/ts-preserve-service/admin/EvoMaster_ts_preserve_service_admin_faults/test_1_postOnPreserveReturnsMismatchResponseWithSchema/run_stdout.log,/mnt/train-ticket-aitest/evomaster/evomaster-config/runtime-logs/methods/ts-preserve-service/admin/EvoMaster_ts_preserve_service_admin_faults/test_1_postOnPreserveReturnsMismatchResponseWithSchema/run_stderr.log
ts-preserve-service,none,EvoMaster_ts-preserve-service_none_faults.java,EvoMaster_ts_preserve_service_none_faults,test_0_postOnPreserveShowsFaults_100_101,False,1,500,/api/v1/preserveservice/preserve,POST,500,.statusCode(500) .assertThat(),6,".post(baseUrlOfSut + ""/api/v1/preserveservice/preserve"")",".body("" { "" + 
                    "" \""accountId\"" : \""Ri7NZfUxwy5\"", "" + 
                    "" \""contactsId\"" : \""T5\"", "" + 
                    "" \""seatType\"" : 648, "" + 
                    "" \""to\"" : \""BtZCipe0S\"", "" + 
                    "" \""assurance\"" : 600, "" + 
                    "" \""foodType\"" : 150, "" + 
                    "" \""foodName\"" : \""_\"", "" + 
                    "" \""stationName\"" : \""CZh2HA6EiLkggOMy\"", "" + 
                    "" \""storeName\"" : \""jdCTnshAyGnUhrm\"" "" + 
                    "" } "")",,faults,/mnt/train-ticket-aitest/evomaster/evomaster-config/generated-tests/blackbox/ts-preserve-service/none/EvoMaster_ts-preserve-service_none_faults.java,23,6,True,0,,0,0,,100.0,0,0,0,0,0,0,False,,/mnt/train-ticket-aitest/evomaster/evomaster-config/runtime-logs/classes/ts-preserve-service/none/EvoMaster_ts_preserve_service_none_faults,/mnt/train-ticket-aitest/evomaster/evomaster-config/runtime-logs/classes/ts-preserve-service/none/EvoMaster_ts_preserve_service_none_faults/compile.log,/mnt/train-ticket-aitest/evomaster/evomaster-config/runtime-logs/classes/ts-preserve-service/none/EvoMaster_ts_preserve_service_none_faults/compile_stdout.log,/mnt/train-ticket-aitest/evomaster/evomaster-config/runtime-logs/classes/ts-preserve-service/none/EvoMaster_ts_preserve_service_none_faults/compile_stderr.log,False,True,1,java.lang.AssertionError;test_failure,1,False,11.56,9.17,158.69,"Tests run: 1, Failures: 1, Errors: 0, Skipped: 0",/mnt/train-ticket-aitest/evomaster/evomaster-config/runtime-logs/methods/ts-preserve-service/none/EvoMaster_ts_preserve_service_none_faults/test_0_postOnPreserveShowsFaults_100_101,/mnt/train-ticket-aitest/evomaster/evomaster-config/runtime-logs/methods/ts-preserve-service/none/EvoMaster_ts_preserve_service_none_faults/test_0_postOnPreserveShowsFaults_100_101/run.log,/mnt/train-ticket-aitest/evomaster/evomaster-config/runtime-logs/methods/ts-preserve-service/none/EvoMaster_ts_preserve_service_none_faults/test_0_postOnPreserveShowsFaults_100_101/run_stdout.log,/mnt/train-ticket-aitest/evomaster/evomaster-config/runtime-logs/methods/ts-preserve-service/none/EvoMaster_ts_preserve_service_none_faults/test_0_postOnPreserveShowsFaults_100_101/run_stderr.log
ts-preserve-service,user,EvoMaster_ts-preserve-service_user_faults.java,EvoMaster_ts_preserve_service_user_faults,test_0_postOnPreserveShowsFaults_100_101,False,1,500,/api/v1/preserveservice/preserve,POST,500,.statusCode(500) .assertThat(),6,".post(baseUrlOfSut + ""/api/v1/preserveservice/preserve"")",".body("" { "" + 
                    "" \""tripId\"" : \""GH7eJIdOAg_eGXf\"", "" + 
                    "" \""seatType\"" : 771, "" + 
                    "" \""to\"" : \""E\"", "" + 
                    "" \""foodType\"" : 14, "" + 
                    "" \""stationName\"" : \""677w\"", "" + 
                    "" \""storeName\"" : \""Qe0z7aM\"" "" + 
                    "" } "")",".header(""Authorization"", ""Bearer eyJhbGciOiJIUzI1NiJ9.eyJzdWIiOiJmZHNlX21pY3Jvc2VydmljZSIsInJvbGVzIjpbIlJPTEVfVVNFUiJdLCJpZCI6IjRkMmE0NmM3LTcxY2ItNGNmMS1iNWJiLWI2ODQwNmQ5ZGE2ZiIsImlhdCI6MTc3ODQ0NDI4NSwiZXhwIjoxNzc4NDQ3ODg1fQ.mNH7GZ4mKP6oRWC5YxdRfPA9MfPe-sJ3XCo5Y3xYFLA"")",faults,/mnt/train-ticket-aitest/evomaster/evomaster-config/generated-tests/blackbox/ts-preserve-service/user/EvoMaster_ts-preserve-service_user_faults.java,23,6,True,0,,0,0,,100.0,0,0,0,0,0,0,False,,/mnt/train-ticket-aitest/evomaster/evomaster-config/runtime-logs/classes/ts-preserve-service/user/EvoMaster_ts_preserve_service_user_faults,/mnt/train-ticket-aitest/evomaster/evomaster-config/runtime-logs/classes/ts-preserve-service/user/EvoMaster_ts_preserve_service_user_faults/compile.log,/mnt/train-ticket-aitest/evomaster/evomaster-config/runtime-logs/classes/ts-preserve-service/user/EvoMaster_ts_preserve_service_user_faults/compile_stdout.log,/mnt/train-ticket-aitest/evomaster/evomaster-config/runtime-logs/classes/ts-preserve-service/user/EvoMaster_ts_preserve_service_user_faults/compile_stderr.log,False,True,1,java.lang.AssertionError;test_failure,1,False,11.56,8.99,158.32,"Tests run: 1, Failures: 1, Errors: 0, Skipped: 0",/mnt/train-ticket-aitest/evomaster/evomaster-config/runtime-logs/methods/ts-preserve-service/user/EvoMaster_ts_preserve_service_user_faults/test_0_postOnPreserveShowsFaults_100_101,/mnt/train-ticket-aitest/evomaster/evomaster-config/runtime-logs/methods/ts-preserve-service/user/EvoMaster_ts_preserve_service_user_faults/test_0_postOnPreserveShowsFaults_100_101/run.log,/mnt/train-ticket-aitest/evomaster/evomaster-config/runtime-logs/methods/ts-preserve-service/user/EvoMaster_ts_preserve_service_user_faults/test_0_postOnPreserveShowsFaults_100_101/run_stdout.log,/mnt/train-ticket-aitest/evomaster/evomaster-config/runtime-logs/methods/ts-preserve-service/user/EvoMaster_ts_preserve_service_user_faults/test_0_postOnPreserveShowsFaults_100_101/run_stderr.log
