service,profile,file,class,test_method,is_complex_method,call_index,call_expected_status_code,endpoint,http,asserted_code,asserts_the_expected_HTTP_status_codes?,assert_count,missing_url_parameter_values,missing_request_body,credentials_header,file_type,file_path,imports_count,wildcard_imports,compiled,compile_error_count,compile_error_types,missing_imports,incorrect_imports,unused_imports,dependency_availability_pct,syntax_errors,type_errors,undefined_variables,type_annotation_errors,generic_type_misuses,compile_exit_code,compile_timeout,compile_error_summary,class_log_dir,compile_log_path,compile_stdout_log_path,compile_stderr_log_path,runs,run_detected,runtime_error_count,runtime_error_types,run_exit_code,run_timeout,execution_seconds,cpu_seconds,peak_working_set_mb,run_error_summary,method_log_dir,run_log_path,run_stdout_log_path,run_stderr_log_path
ts-admin-basic-service,admin,EvoMaster_ts-admin-basic-service_admin_faults.java,EvoMaster_ts_admin_basic_service_admin_faults,test_0_getOnPricesShowsFaults_100_101,False,1,500,/api/v1/adminbasicservice/adminbasic/prices,GET,500,.statusCode(500) .assertThat(),6,".get(baseUrlOfSut + ""/api/v1/adminbasicservice/adminbasic/prices"")",,".header(""Authorization"", ""Bearer eyJhbGciOiJIUzI1NiJ9.eyJzdWIiOiJhZG1pbiIsInJvbGVzIjpbIlJPTEVfQURNSU4iXSwiaWQiOiI2ZGNiOGUyZC05ZTE0LTRlZWMtYTJiYy0xZDljZDk0ZWQ1MzMiLCJpYXQiOjE3Nzg0Mjg4OTAsImV4cCI6MTc3ODQzMjQ5MH0.fFYtzH4C6yGrm4i3p_0Ud3oxHXyLyvbL9jB_sNgFBDU"")",faults,/mnt/train-ticket-aitest/evomaster/generated-tests/blackbox/ts-admin-basic-service/admin/EvoMaster_ts-admin-basic-service_admin_faults.java,23,6,True,0,,0,0,,100.0,0,0,0,0,0,0,False,,/mnt/train-ticket-aitest/evomaster/evomaster-config/runtime-logs/classes/ts-admin-basic-service/admin/EvoMaster_ts_admin_basic_service_admin_faults,/mnt/train-ticket-aitest/evomaster/evomaster-config/runtime-logs/classes/ts-admin-basic-service/admin/EvoMaster_ts_admin_basic_service_admin_faults/compile.log,/mnt/train-ticket-aitest/evomaster/evomaster-config/runtime-logs/classes/ts-admin-basic-service/admin/EvoMaster_ts_admin_basic_service_admin_faults/compile_stdout.log,/mnt/train-ticket-aitest/evomaster/evomaster-config/runtime-logs/classes/ts-admin-basic-service/admin/EvoMaster_ts_admin_basic_service_admin_faults/compile_stderr.log,False,True,1,java.lang.AssertionError;test_failure,1,False,8.03,6.75,154.84,"Tests run: 1, Failures: 1, Errors: 0, Skipped: 0",/mnt/train-ticket-aitest/evomaster/evomaster-config/runtime-logs/methods/ts-admin-basic-service/admin/EvoMaster_ts_admin_basic_service_admin_faults/test_0_getOnPricesShowsFaults_100_101,/mnt/train-ticket-aitest/evomaster/evomaster-config/runtime-logs/methods/ts-admin-basic-service/admin/EvoMaster_ts_admin_basic_service_admin_faults/test_0_getOnPricesShowsFaults_100_101/run.log,/mnt/train-ticket-aitest/evomaster/evomaster-config/runtime-logs/methods/ts-admin-basic-service/admin/EvoMaster_ts_admin_basic_service_admin_faults/test_0_getOnPricesShowsFaults_100_101/run_stdout.log,/mnt/train-ticket-aitest/evomaster/evomaster-config/runtime-logs/methods/ts-admin-basic-service/admin/EvoMaster_ts_admin_basic_service_admin_faults/test_0_getOnPricesShowsFaults_100_101/run_stderr.log
ts-admin-basic-service,admin,EvoMaster_ts-admin-basic-service_admin_faults.java,EvoMaster_ts_admin_basic_service_admin_faults,test_1_postOnPricesShowsFaults_100_101,False,1,500,/api/v1/adminbasicservice/adminbasic/prices,POST,500,.statusCode(500) .assertThat(),6,".post(baseUrlOfSut + ""/api/v1/adminbasicservice/adminbasic/prices"")",".body("" { "" + 
                    "" \""id\"" : \""N\"", "" + 
                    "" \""routeId\"" : \""KnJu6ULKd7YVy7\"", "" + 
                    "" \""basicPriceRate\"" : -3.1097901995164347E8 "" + 
                    "" } "")",".header(""Authorization"", ""Bearer eyJhbGciOiJIUzI1NiJ9.eyJzdWIiOiJhZG1pbiIsInJvbGVzIjpbIlJPTEVfQURNSU4iXSwiaWQiOiI2ZGNiOGUyZC05ZTE0LTRlZWMtYTJiYy0xZDljZDk0ZWQ1MzMiLCJpYXQiOjE3Nzg0Mjg4OTAsImV4cCI6MTc3ODQzMjQ5MH0.fFYtzH4C6yGrm4i3p_0Ud3oxHXyLyvbL9jB_sNgFBDU"")",faults,/mnt/train-ticket-aitest/evomaster/generated-tests/blackbox/ts-admin-basic-service/admin/EvoMaster_ts-admin-basic-service_admin_faults.java,23,6,True,0,,0,0,,100.0,0,0,0,0,0,0,False,,/mnt/train-ticket-aitest/evomaster/evomaster-config/runtime-logs/classes/ts-admin-basic-service/admin/EvoMaster_ts_admin_basic_service_admin_faults,/mnt/train-ticket-aitest/evomaster/evomaster-config/runtime-logs/classes/ts-admin-basic-service/admin/EvoMaster_ts_admin_basic_service_admin_faults/compile.log,/mnt/train-ticket-aitest/evomaster/evomaster-config/runtime-logs/classes/ts-admin-basic-service/admin/EvoMaster_ts_admin_basic_service_admin_faults/compile_stdout.log,/mnt/train-ticket-aitest/evomaster/evomaster-config/runtime-logs/classes/ts-admin-basic-service/admin/EvoMaster_ts_admin_basic_service_admin_faults/compile_stderr.log,False,True,1,java.lang.AssertionError;test_failure,1,False,8.52,6.78,156.86,"Tests run: 1, Failures: 1, Errors: 0, Skipped: 0",/mnt/train-ticket-aitest/evomaster/evomaster-config/runtime-logs/methods/ts-admin-basic-service/admin/EvoMaster_ts_admin_basic_service_admin_faults/test_1_postOnPricesShowsFaults_100_101,/mnt/train-ticket-aitest/evomaster/evomaster-config/runtime-logs/methods/ts-admin-basic-service/admin/EvoMaster_ts_admin_basic_service_admin_faults/test_1_postOnPricesShowsFaults_100_101/run.log,/mnt/train-ticket-aitest/evomaster/evomaster-config/runtime-logs/methods/ts-admin-basic-service/admin/EvoMaster_ts_admin_basic_service_admin_faults/test_1_postOnPricesShowsFaults_100_101/run_stdout.log,/mnt/train-ticket-aitest/evomaster/evomaster-config/runtime-logs/methods/ts-admin-basic-service/admin/EvoMaster_ts_admin_basic_service_admin_faults/test_1_postOnPricesShowsFaults_100_101/run_stderr.log
ts-admin-basic-service,admin,EvoMaster_ts-admin-basic-service_admin_faults.java,EvoMaster_ts_admin_basic_service_admin_faults,test_2_deleteOnStationShowsFaults_100_101,False,1,500,/api/v1/adminbasicservice/adminbasic/stations/{id},DELETE,500,.statusCode(500) .assertThat(),6,".delete(baseUrlOfSut + ""/api/v1/adminbasicservice/adminbasic/stations/1iVL"")",,".header(""Authorization"", ""Bearer eyJhbGciOiJIUzI1NiJ9.eyJzdWIiOiJhZG1pbiIsInJvbGVzIjpbIlJPTEVfQURNSU4iXSwiaWQiOiI2ZGNiOGUyZC05ZTE0LTRlZWMtYTJiYy0xZDljZDk0ZWQ1MzMiLCJpYXQiOjE3Nzg0Mjg4OTAsImV4cCI6MTc3ODQzMjQ5MH0.fFYtzH4C6yGrm4i3p_0Ud3oxHXyLyvbL9jB_sNgFBDU"")",faults,/mnt/train-ticket-aitest/evomaster/generated-tests/blackbox/ts-admin-basic-service/admin/EvoMaster_ts-admin-basic-service_admin_faults.java,23,6,True,0,,0,0,,100.0,0,0,0,0,0,0,False,,/mnt/train-ticket-aitest/evomaster/evomaster-config/runtime-logs/classes/ts-admin-basic-service/admin/EvoMaster_ts_admin_basic_service_admin_faults,/mnt/train-ticket-aitest/evomaster/evomaster-config/runtime-logs/classes/ts-admin-basic-service/admin/EvoMaster_ts_admin_basic_service_admin_faults/compile.log,/mnt/train-ticket-aitest/evomaster/evomaster-config/runtime-logs/classes/ts-admin-basic-service/admin/EvoMaster_ts_admin_basic_service_admin_faults/compile_stdout.log,/mnt/train-ticket-aitest/evomaster/evomaster-config/runtime-logs/classes/ts-admin-basic-service/admin/EvoMaster_ts_admin_basic_service_admin_faults/compile_stderr.log,False,True,1,java.lang.AssertionError;test_failure,1,False,8.52,6.9,158.71,"Tests run: 1, Failures: 1, Errors: 0, Skipped: 0",/mnt/train-ticket-aitest/evomaster/evomaster-config/runtime-logs/methods/ts-admin-basic-service/admin/EvoMaster_ts_admin_basic_service_admin_faults/test_2_deleteOnStationShowsFaults_100_101,/mnt/train-ticket-aitest/evomaster/evomaster-config/runtime-logs/methods/ts-admin-basic-service/admin/EvoMaster_ts_admin_basic_service_admin_faults/test_2_deleteOnStationShowsFaults_100_101/run.log,/mnt/train-ticket-aitest/evomaster/evomaster-config/runtime-logs/methods/ts-admin-basic-service/admin/EvoMaster_ts_admin_basic_service_admin_faults/test_2_deleteOnStationShowsFaults_100_101/run_stdout.log,/mnt/train-ticket-aitest/evomaster/evomaster-config/runtime-logs/methods/ts-admin-basic-service/admin/EvoMaster_ts_admin_basic_service_admin_faults/test_2_deleteOnStationShowsFaults_100_101/run_stderr.log
ts-admin-basic-service,none,EvoMaster_ts-admin-basic-service_none_faults.java,EvoMaster_ts_admin_basic_service_none_faults,test_0_getOnPricesShowsFaults_100_101,False,1,500,/api/v1/adminbasicservice/adminbasic/prices,GET,500,.statusCode(500) .assertThat(),6,".get(baseUrlOfSut + ""/api/v1/adminbasicservice/adminbasic/prices"")",,,faults,/mnt/train-ticket-aitest/evomaster/generated-tests/blackbox/ts-admin-basic-service/none/EvoMaster_ts-admin-basic-service_none_faults.java,23,6,True,0,,0,0,,100.0,0,0,0,0,0,0,False,,/mnt/train-ticket-aitest/evomaster/evomaster-config/runtime-logs/classes/ts-admin-basic-service/none/EvoMaster_ts_admin_basic_service_none_faults,/mnt/train-ticket-aitest/evomaster/evomaster-config/runtime-logs/classes/ts-admin-basic-service/none/EvoMaster_ts_admin_basic_service_none_faults/compile.log,/mnt/train-ticket-aitest/evomaster/evomaster-config/runtime-logs/classes/ts-admin-basic-service/none/EvoMaster_ts_admin_basic_service_none_faults/compile_stdout.log,/mnt/train-ticket-aitest/evomaster/evomaster-config/runtime-logs/classes/ts-admin-basic-service/none/EvoMaster_ts_admin_basic_service_none_faults/compile_stderr.log,False,True,1,java.lang.AssertionError;test_failure,1,False,8.03,6.53,155.49,"Tests run: 1, Failures: 1, Errors: 0, Skipped: 0",/mnt/train-ticket-aitest/evomaster/evomaster-config/runtime-logs/methods/ts-admin-basic-service/none/EvoMaster_ts_admin_basic_service_none_faults/test_0_getOnPricesShowsFaults_100_101,/mnt/train-ticket-aitest/evomaster/evomaster-config/runtime-logs/methods/ts-admin-basic-service/none/EvoMaster_ts_admin_basic_service_none_faults/test_0_getOnPricesShowsFaults_100_101/run.log,/mnt/train-ticket-aitest/evomaster/evomaster-config/runtime-logs/methods/ts-admin-basic-service/none/EvoMaster_ts_admin_basic_service_none_faults/test_0_getOnPricesShowsFaults_100_101/run_stdout.log,/mnt/train-ticket-aitest/evomaster/evomaster-config/runtime-logs/methods/ts-admin-basic-service/none/EvoMaster_ts_admin_basic_service_none_faults/test_0_getOnPricesShowsFaults_100_101/run_stderr.log
ts-admin-basic-service,none,EvoMaster_ts-admin-basic-service_none_faults.java,EvoMaster_ts_admin_basic_service_none_faults,test_1_postOnPricesShowsFaults_100_101,False,1,500,/api/v1/adminbasicservice/adminbasic/prices,POST,500,.statusCode(500) .assertThat(),6,".post(baseUrlOfSut + ""/api/v1/adminbasicservice/adminbasic/prices"")",".body("" { "" + 
                    "" \""id\"" : \""R\"", "" + 
                    "" \""trainType\"" : \""G1\"", "" + 
                    "" \""routeId\"" : \""vv\"" "" + 
                    "" } "")",,faults,/mnt/train-ticket-aitest/evomaster/generated-tests/blackbox/ts-admin-basic-service/none/EvoMaster_ts-admin-basic-service_none_faults.java,23,6,True,0,,0,0,,100.0,0,0,0,0,0,0,False,,/mnt/train-ticket-aitest/evomaster/evomaster-config/runtime-logs/classes/ts-admin-basic-service/none/EvoMaster_ts_admin_basic_service_none_faults,/mnt/train-ticket-aitest/evomaster/evomaster-config/runtime-logs/classes/ts-admin-basic-service/none/EvoMaster_ts_admin_basic_service_none_faults/compile.log,/mnt/train-ticket-aitest/evomaster/evomaster-config/runtime-logs/classes/ts-admin-basic-service/none/EvoMaster_ts_admin_basic_service_none_faults/compile_stdout.log,/mnt/train-ticket-aitest/evomaster/evomaster-config/runtime-logs/classes/ts-admin-basic-service/none/EvoMaster_ts_admin_basic_service_none_faults/compile_stderr.log,False,True,1,java.lang.AssertionError;test_failure,1,False,8.52,7.37,176.98,"Tests run: 1, Failures: 1, Errors: 0, Skipped: 0",/mnt/train-ticket-aitest/evomaster/evomaster-config/runtime-logs/methods/ts-admin-basic-service/none/EvoMaster_ts_admin_basic_service_none_faults/test_1_postOnPricesShowsFaults_100_101,/mnt/train-ticket-aitest/evomaster/evomaster-config/runtime-logs/methods/ts-admin-basic-service/none/EvoMaster_ts_admin_basic_service_none_faults/test_1_postOnPricesShowsFaults_100_101/run.log,/mnt/train-ticket-aitest/evomaster/evomaster-config/runtime-logs/methods/ts-admin-basic-service/none/EvoMaster_ts_admin_basic_service_none_faults/test_1_postOnPricesShowsFaults_100_101/run_stdout.log,/mnt/train-ticket-aitest/evomaster/evomaster-config/runtime-logs/methods/ts-admin-basic-service/none/EvoMaster_ts_admin_basic_service_none_faults/test_1_postOnPricesShowsFaults_100_101/run_stderr.log
ts-admin-basic-service,none,EvoMaster_ts-admin-basic-service_none_faults.java,EvoMaster_ts_admin_basic_service_none_faults,test_2_deleteOnStationShowsFaults_100_101,False,1,500,/api/v1/adminbasicservice/adminbasic/stations/{id},DELETE,500,.statusCode(500) .assertThat(),6,".delete(baseUrlOfSut + ""/api/v1/adminbasicservice/adminbasic/stations/_Hb55TRp_XjZwWD"")",,,faults,/mnt/train-ticket-aitest/evomaster/generated-tests/blackbox/ts-admin-basic-service/none/EvoMaster_ts-admin-basic-service_none_faults.java,23,6,True,0,,0,0,,100.0,0,0,0,0,0,0,False,,/mnt/train-ticket-aitest/evomaster/evomaster-config/runtime-logs/classes/ts-admin-basic-service/none/EvoMaster_ts_admin_basic_service_none_faults,/mnt/train-ticket-aitest/evomaster/evomaster-config/runtime-logs/classes/ts-admin-basic-service/none/EvoMaster_ts_admin_basic_service_none_faults/compile.log,/mnt/train-ticket-aitest/evomaster/evomaster-config/runtime-logs/classes/ts-admin-basic-service/none/EvoMaster_ts_admin_basic_service_none_faults/compile_stdout.log,/mnt/train-ticket-aitest/evomaster/evomaster-config/runtime-logs/classes/ts-admin-basic-service/none/EvoMaster_ts_admin_basic_service_none_faults/compile_stderr.log,False,True,1,java.lang.AssertionError;test_failure,1,False,8.08,6.7,155.93,"Tests run: 1, Failures: 1, Errors: 0, Skipped: 0",/mnt/train-ticket-aitest/evomaster/evomaster-config/runtime-logs/methods/ts-admin-basic-service/none/EvoMaster_ts_admin_basic_service_none_faults/test_2_deleteOnStationShowsFaults_100_101,/mnt/train-ticket-aitest/evomaster/evomaster-config/runtime-logs/methods/ts-admin-basic-service/none/EvoMaster_ts_admin_basic_service_none_faults/test_2_deleteOnStationShowsFaults_100_101/run.log,/mnt/train-ticket-aitest/evomaster/evomaster-config/runtime-logs/methods/ts-admin-basic-service/none/EvoMaster_ts_admin_basic_service_none_faults/test_2_deleteOnStationShowsFaults_100_101/run_stdout.log,/mnt/train-ticket-aitest/evomaster/evomaster-config/runtime-logs/methods/ts-admin-basic-service/none/EvoMaster_ts_admin_basic_service_none_faults/test_2_deleteOnStationShowsFaults_100_101/run_stderr.log
ts-admin-basic-service,user,EvoMaster_ts-admin-basic-service_user_faults.java,EvoMaster_ts_admin_basic_service_user_faults,test_0_getOnPricesShowsFaults_100_101,False,1,500,/api/v1/adminbasicservice/adminbasic/prices,GET,500,.statusCode(500) .assertThat(),6,".get(baseUrlOfSut + ""/api/v1/adminbasicservice/adminbasic/prices"")",,".header(""Authorization"", ""Bearer eyJhbGciOiJIUzI1NiJ9.eyJzdWIiOiJmZHNlX21pY3Jvc2VydmljZSIsInJvbGVzIjpbIlJPTEVfVVNFUiJdLCJpZCI6IjRkMmE0NmM3LTcxY2ItNGNmMS1iNWJiLWI2ODQwNmQ5ZGE2ZiIsImlhdCI6MTc3ODQyODg5MCwiZXhwIjoxNzc4NDMyNDkwfQ.m887rWoDCU5HOvw1jl4naisUyWwvBe4Kl2b2o_RROj8"")",faults,/mnt/train-ticket-aitest/evomaster/generated-tests/blackbox/ts-admin-basic-service/user/EvoMaster_ts-admin-basic-service_user_faults.java,23,6,True,0,,0,0,,100.0,0,0,0,0,0,0,False,,/mnt/train-ticket-aitest/evomaster/evomaster-config/runtime-logs/classes/ts-admin-basic-service/user/EvoMaster_ts_admin_basic_service_user_faults,/mnt/train-ticket-aitest/evomaster/evomaster-config/runtime-logs/classes/ts-admin-basic-service/user/EvoMaster_ts_admin_basic_service_user_faults/compile.log,/mnt/train-ticket-aitest/evomaster/evomaster-config/runtime-logs/classes/ts-admin-basic-service/user/EvoMaster_ts_admin_basic_service_user_faults/compile_stdout.log,/mnt/train-ticket-aitest/evomaster/evomaster-config/runtime-logs/classes/ts-admin-basic-service/user/EvoMaster_ts_admin_basic_service_user_faults/compile_stderr.log,False,True,1,java.lang.AssertionError;test_failure,1,False,8.02,6.69,159.77,"Tests run: 1, Failures: 1, Errors: 0, Skipped: 0",/mnt/train-ticket-aitest/evomaster/evomaster-config/runtime-logs/methods/ts-admin-basic-service/user/EvoMaster_ts_admin_basic_service_user_faults/test_0_getOnPricesShowsFaults_100_101,/mnt/train-ticket-aitest/evomaster/evomaster-config/runtime-logs/methods/ts-admin-basic-service/user/EvoMaster_ts_admin_basic_service_user_faults/test_0_getOnPricesShowsFaults_100_101/run.log,/mnt/train-ticket-aitest/evomaster/evomaster-config/runtime-logs/methods/ts-admin-basic-service/user/EvoMaster_ts_admin_basic_service_user_faults/test_0_getOnPricesShowsFaults_100_101/run_stdout.log,/mnt/train-ticket-aitest/evomaster/evomaster-config/runtime-logs/methods/ts-admin-basic-service/user/EvoMaster_ts_admin_basic_service_user_faults/test_0_getOnPricesShowsFaults_100_101/run_stderr.log
ts-admin-basic-service,user,EvoMaster_ts-admin-basic-service_user_faults.java,EvoMaster_ts_admin_basic_service_user_faults,test_1_postOnPricesShowsFaults_100_101,False,1,500,/api/v1/adminbasicservice/adminbasic/prices,POST,500,.statusCode(500) .assertThat(),6,".post(baseUrlOfSut + ""/api/v1/adminbasicservice/adminbasic/prices"")",".body("" { "" + 
                    "" \""id\"" : \""SCLK\"", "" + 
                    "" \""trainType\"" : \""Q3nXSl_zAHF3\"" "" + 
                    "" } "")",".header(""Authorization"", ""Bearer eyJhbGciOiJIUzI1NiJ9.eyJzdWIiOiJmZHNlX21pY3Jvc2VydmljZSIsInJvbGVzIjpbIlJPTEVfVVNFUiJdLCJpZCI6IjRkMmE0NmM3LTcxY2ItNGNmMS1iNWJiLWI2ODQwNmQ5ZGE2ZiIsImlhdCI6MTc3ODQyODg5MCwiZXhwIjoxNzc4NDMyNDkwfQ.m887rWoDCU5HOvw1jl4naisUyWwvBe4Kl2b2o_RROj8"")",faults,/mnt/train-ticket-aitest/evomaster/generated-tests/blackbox/ts-admin-basic-service/user/EvoMaster_ts-admin-basic-service_user_faults.java,23,6,True,0,,0,0,,100.0,0,0,0,0,0,0,False,,/mnt/train-ticket-aitest/evomaster/evomaster-config/runtime-logs/classes/ts-admin-basic-service/user/EvoMaster_ts_admin_basic_service_user_faults,/mnt/train-ticket-aitest/evomaster/evomaster-config/runtime-logs/classes/ts-admin-basic-service/user/EvoMaster_ts_admin_basic_service_user_faults/compile.log,/mnt/train-ticket-aitest/evomaster/evomaster-config/runtime-logs/classes/ts-admin-basic-service/user/EvoMaster_ts_admin_basic_service_user_faults/compile_stdout.log,/mnt/train-ticket-aitest/evomaster/evomaster-config/runtime-logs/classes/ts-admin-basic-service/user/EvoMaster_ts_admin_basic_service_user_faults/compile_stderr.log,False,True,1,java.lang.AssertionError;test_failure,1,False,8.03,6.65,152.22,"Tests run: 1, Failures: 1, Errors: 0, Skipped: 0",/mnt/train-ticket-aitest/evomaster/evomaster-config/runtime-logs/methods/ts-admin-basic-service/user/EvoMaster_ts_admin_basic_service_user_faults/test_1_postOnPricesShowsFaults_100_101,/mnt/train-ticket-aitest/evomaster/evomaster-config/runtime-logs/methods/ts-admin-basic-service/user/EvoMaster_ts_admin_basic_service_user_faults/test_1_postOnPricesShowsFaults_100_101/run.log,/mnt/train-ticket-aitest/evomaster/evomaster-config/runtime-logs/methods/ts-admin-basic-service/user/EvoMaster_ts_admin_basic_service_user_faults/test_1_postOnPricesShowsFaults_100_101/run_stdout.log,/mnt/train-ticket-aitest/evomaster/evomaster-config/runtime-logs/methods/ts-admin-basic-service/user/EvoMaster_ts_admin_basic_service_user_faults/test_1_postOnPricesShowsFaults_100_101/run_stderr.log
ts-admin-basic-service,user,EvoMaster_ts-admin-basic-service_user_faults.java,EvoMaster_ts_admin_basic_service_user_faults,test_2_deleteOnStationShowsFaults_100_101,False,1,500,/api/v1/adminbasicservice/adminbasic/stations/{id},DELETE,500,.statusCode(500) .assertThat(),6,".delete(baseUrlOfSut + ""/api/v1/adminbasicservice/adminbasic/stations/Gul5oWJzxxHLeaVV"")",,".header(""Authorization"", ""Bearer eyJhbGciOiJIUzI1NiJ9.eyJzdWIiOiJmZHNlX21pY3Jvc2VydmljZSIsInJvbGVzIjpbIlJPTEVfVVNFUiJdLCJpZCI6IjRkMmE0NmM3LTcxY2ItNGNmMS1iNWJiLWI2ODQwNmQ5ZGE2ZiIsImlhdCI6MTc3ODQyODg5MCwiZXhwIjoxNzc4NDMyNDkwfQ.m887rWoDCU5HOvw1jl4naisUyWwvBe4Kl2b2o_RROj8"")",faults,/mnt/train-ticket-aitest/evomaster/generated-tests/blackbox/ts-admin-basic-service/user/EvoMaster_ts-admin-basic-service_user_faults.java,23,6,True,0,,0,0,,100.0,0,0,0,0,0,0,False,,/mnt/train-ticket-aitest/evomaster/evomaster-config/runtime-logs/classes/ts-admin-basic-service/user/EvoMaster_ts_admin_basic_service_user_faults,/mnt/train-ticket-aitest/evomaster/evomaster-config/runtime-logs/classes/ts-admin-basic-service/user/EvoMaster_ts_admin_basic_service_user_faults/compile.log,/mnt/train-ticket-aitest/evomaster/evomaster-config/runtime-logs/classes/ts-admin-basic-service/user/EvoMaster_ts_admin_basic_service_user_faults/compile_stdout.log,/mnt/train-ticket-aitest/evomaster/evomaster-config/runtime-logs/classes/ts-admin-basic-service/user/EvoMaster_ts_admin_basic_service_user_faults/compile_stderr.log,False,True,1,java.lang.AssertionError;test_failure,1,False,8.02,6.53,151.32,"Tests run: 1, Failures: 1, Errors: 0, Skipped: 0",/mnt/train-ticket-aitest/evomaster/evomaster-config/runtime-logs/methods/ts-admin-basic-service/user/EvoMaster_ts_admin_basic_service_user_faults/test_2_deleteOnStationShowsFaults_100_101,/mnt/train-ticket-aitest/evomaster/evomaster-config/runtime-logs/methods/ts-admin-basic-service/user/EvoMaster_ts_admin_basic_service_user_faults/test_2_deleteOnStationShowsFaults_100_101/run.log,/mnt/train-ticket-aitest/evomaster/evomaster-config/runtime-logs/methods/ts-admin-basic-service/user/EvoMaster_ts_admin_basic_service_user_faults/test_2_deleteOnStationShowsFaults_100_101/run_stdout.log,/mnt/train-ticket-aitest/evomaster/evomaster-config/runtime-logs/methods/ts-admin-basic-service/user/EvoMaster_ts_admin_basic_service_user_faults/test_2_deleteOnStationShowsFaults_100_101/run_stderr.log
ts-admin-order-service,admin,EvoMaster_ts-admin-order-service_admin_faults.java,EvoMaster_ts_admin_order_service_admin_faults,test_0_putOnAdminorderShowsFaults_100_101,False,1,500,/api/v1/adminorderservice/adminorder,PUT,500,.statusCode(500) .assertThat(),6,".put(baseUrlOfSut + ""/api/v1/adminorderservice/adminorder"")",".body("" { "" + 
                    "" \""id\"" : \""VcP\"", "" + 
                    "" \""travelTime\"" : \""2017-10-06T05:09:42Z\"", "" + 
                    "" \""accountId\"" : \""sn1\"", "" + 
                    "" \""contactsName\"" : \""\"", "" + 
                    "" \""trainNumber\"" : \""YXRoN3v\"", "" + 
                    "" \""coachNumber\"" : 976, "" + 
                    "" \""seatClass\"" : 304, "" + 
                    "" \""price\"" : 1.5050759036452835E9 "" + 
                    "" } "")",".header(""Authorization"", ""Bearer eyJhbGciOiJIUzI1NiJ9.eyJzdWIiOiJhZG1pbiIsInJvbGVzIjpbIlJPTEVfQURNSU4iXSwiaWQiOiI2ZGNiOGUyZC05ZTE0LTRlZWMtYTJiYy0xZDljZDk0ZWQ1MzMiLCJpYXQiOjE3Nzg0Mjg4OTAsImV4cCI6MTc3ODQzMjQ5MH0.fFYtzH4C6yGrm4i3p_0Ud3oxHXyLyvbL9jB_sNgFBDU"")",faults,/mnt/train-ticket-aitest/evomaster/generated-tests/blackbox/ts-admin-order-service/admin/EvoMaster_ts-admin-order-service_admin_faults.java,23,6,True,0,,0,0,,100.0,0,0,0,0,0,0,False,,/mnt/train-ticket-aitest/evomaster/evomaster-config/runtime-logs/classes/ts-admin-order-service/admin/EvoMaster_ts_admin_order_service_admin_faults,/mnt/train-ticket-aitest/evomaster/evomaster-config/runtime-logs/classes/ts-admin-order-service/admin/EvoMaster_ts_admin_order_service_admin_faults/compile.log,/mnt/train-ticket-aitest/evomaster/evomaster-config/runtime-logs/classes/ts-admin-order-service/admin/EvoMaster_ts_admin_order_service_admin_faults/compile_stdout.log,/mnt/train-ticket-aitest/evomaster/evomaster-config/runtime-logs/classes/ts-admin-order-service/admin/EvoMaster_ts_admin_order_service_admin_faults/compile_stderr.log,False,True,1,java.lang.AssertionError;test_failure,1,False,8.61,6.81,151.82,"Tests run: 1, Failures: 1, Errors: 0, Skipped: 0",/mnt/train-ticket-aitest/evomaster/evomaster-config/runtime-logs/methods/ts-admin-order-service/admin/EvoMaster_ts_admin_order_service_admin_faults/test_0_putOnAdminorderShowsFaults_100_101,/mnt/train-ticket-aitest/evomaster/evomaster-config/runtime-logs/methods/ts-admin-order-service/admin/EvoMaster_ts_admin_order_service_admin_faults/test_0_putOnAdminorderShowsFaults_100_101/run.log,/mnt/train-ticket-aitest/evomaster/evomaster-config/runtime-logs/methods/ts-admin-order-service/admin/EvoMaster_ts_admin_order_service_admin_faults/test_0_putOnAdminorderShowsFaults_100_101/run_stdout.log,/mnt/train-ticket-aitest/evomaster/evomaster-config/runtime-logs/methods/ts-admin-order-service/admin/EvoMaster_ts_admin_order_service_admin_faults/test_0_putOnAdminorderShowsFaults_100_101/run_stderr.log
ts-admin-order-service,admin,EvoMaster_ts-admin-order-service_admin_faults.java,EvoMaster_ts_admin_order_service_admin_faults,test_1_putOnAdminorderReturnsMismatchResponseWithSchema,False,1,403,/api/v1/adminorderservice/adminorder,PUT,403,.statusCode(403) .assertThat(),2,".put(baseUrlOfSut + ""/api/v1/adminorderservice/adminorder"")",".body("" { "" + 
                    "" \""id\"" : \""L\"", "" + 
                    "" \""boughtDate\"" : \""1946-02-21\"", "" + 
                    "" \""travelDate\"" : \""2049-07-09\"", "" + 
                    "" \""travelTime\"" : \""2005-03-22T21:44:48-16:56\"", "" + 
                    "" \""contactsName\"" : \""DGwxF23nnV\"", "" + 
                    "" \""documentType\"" : 744, "" + 
                    "" \""coachNumber\"" : 909, "" + 
                    "" \""seatClass\"" : 624, "" + 
                    "" \""from\"" : \""HR_\"", "" + 
                    "" \""status\"" : 650 "" + 
                    "" } "")",".header(""Authorization"", ""Bearer eyJhbGciOiJIUzI1NiJ9.eyJzdWIiOiJhZG1pbiIsInJvbGVzIjpbIlJPTEVfQURNSU4iXSwiaWQiOiI2ZGNiOGUyZC05ZTE0LTRlZWMtYTJiYy0xZDljZDk0ZWQ1MzMiLCJpYXQiOjE3Nzg0Mjg4OTAsImV4cCI6MTc3ODQzMjQ5MH0.fFYtzH4C6yGrm4i3p_0Ud3oxHXyLyvbL9jB_sNgFBDU"")",faults,/mnt/train-ticket-aitest/evomaster/generated-tests/blackbox/ts-admin-order-service/admin/EvoMaster_ts-admin-order-service_admin_faults.java,23,6,True,0,,0,0,,100.0,0,0,0,0,0,0,False,,/mnt/train-ticket-aitest/evomaster/evomaster-config/runtime-logs/classes/ts-admin-order-service/admin/EvoMaster_ts_admin_order_service_admin_faults,/mnt/train-ticket-aitest/evomaster/evomaster-config/runtime-logs/classes/ts-admin-order-service/admin/EvoMaster_ts_admin_order_service_admin_faults/compile.log,/mnt/train-ticket-aitest/evomaster/evomaster-config/runtime-logs/classes/ts-admin-order-service/admin/EvoMaster_ts_admin_order_service_admin_faults/compile_stdout.log,/mnt/train-ticket-aitest/evomaster/evomaster-config/runtime-logs/classes/ts-admin-order-service/admin/EvoMaster_ts_admin_order_service_admin_faults/compile_stderr.log,True,True,0,,0,False,8.04,6.58,158.53,Test passed (detected via Surefire XML),/mnt/train-ticket-aitest/evomaster/evomaster-config/runtime-logs/methods/ts-admin-order-service/admin/EvoMaster_ts_admin_order_service_admin_faults/test_1_putOnAdminorderReturnsMismatchResponseWithSchema,/mnt/train-ticket-aitest/evomaster/evomaster-config/runtime-logs/methods/ts-admin-order-service/admin/EvoMaster_ts_admin_order_service_admin_faults/test_1_putOnAdminorderReturnsMismatchResponseWithSchema/run.log,/mnt/train-ticket-aitest/evomaster/evomaster-config/runtime-logs/methods/ts-admin-order-service/admin/EvoMaster_ts_admin_order_service_admin_faults/test_1_putOnAdminorderReturnsMismatchResponseWithSchema/run_stdout.log,/mnt/train-ticket-aitest/evomaster/evomaster-config/runtime-logs/methods/ts-admin-order-service/admin/EvoMaster_ts_admin_order_service_admin_faults/test_1_putOnAdminorderReturnsMismatchResponseWithSchema/run_stderr.log
ts-admin-order-service,admin,EvoMaster_ts-admin-order-service_admin_faults.java,EvoMaster_ts_admin_order_service_admin_faults,test_2_putOnAdminorderReturnsMismatchResponseWithSchema,False,1,403,/api/v1/adminorderservice/adminorder,PUT,403,.statusCode(403) .assertThat(),2,".put(baseUrlOfSut + ""/api/v1/adminorderservice/adminorder"")",".body("" { "" + 
                    "" \""id\"" : \""OGvu\"", "" + 
                    "" \""travelDate\"" : \""1930-05-20\"", "" + 
                    "" \""travelTime\"" : \""2060-13-31T11:23:35Z\"", "" + 
                    "" \""accountId\"" : \""KFtWE\"", "" + 
                    "" \""contactsDocumentNumber\"" : \""OelCkl\"", "" + 
                    "" \""seatNumber\"" : \""lGyP0fp1kmw9\"", "" + 
                    "" \""from\"" : \""Usa\"", "" + 
                    "" \""to\"" : \""K_jtPgLLNz\"" "" + 
                    "" } "")",,faults,/mnt/train-ticket-aitest/evomaster/generated-tests/blackbox/ts-admin-order-service/admin/EvoMaster_ts-admin-order-service_admin_faults.java,23,6,True,0,,0,0,,100.0,0,0,0,0,0,0,False,,/mnt/train-ticket-aitest/evomaster/evomaster-config/runtime-logs/classes/ts-admin-order-service/admin/EvoMaster_ts_admin_order_service_admin_faults,/mnt/train-ticket-aitest/evomaster/evomaster-config/runtime-logs/classes/ts-admin-order-service/admin/EvoMaster_ts_admin_order_service_admin_faults/compile.log,/mnt/train-ticket-aitest/evomaster/evomaster-config/runtime-logs/classes/ts-admin-order-service/admin/EvoMaster_ts_admin_order_service_admin_faults/compile_stdout.log,/mnt/train-ticket-aitest/evomaster/evomaster-config/runtime-logs/classes/ts-admin-order-service/admin/EvoMaster_ts_admin_order_service_admin_faults/compile_stderr.log,True,True,0,,0,False,8.03,6.81,151.2,Test passed (detected via Surefire XML),/mnt/train-ticket-aitest/evomaster/evomaster-config/runtime-logs/methods/ts-admin-order-service/admin/EvoMaster_ts_admin_order_service_admin_faults/test_2_putOnAdminorderReturnsMismatchResponseWithSchema,/mnt/train-ticket-aitest/evomaster/evomaster-config/runtime-logs/methods/ts-admin-order-service/admin/EvoMaster_ts_admin_order_service_admin_faults/test_2_putOnAdminorderReturnsMismatchResponseWithSchema/run.log,/mnt/train-ticket-aitest/evomaster/evomaster-config/runtime-logs/methods/ts-admin-order-service/admin/EvoMaster_ts_admin_order_service_admin_faults/test_2_putOnAdminorderReturnsMismatchResponseWithSchema/run_stdout.log,/mnt/train-ticket-aitest/evomaster/evomaster-config/runtime-logs/methods/ts-admin-order-service/admin/EvoMaster_ts_admin_order_service_admin_faults/test_2_putOnAdminorderReturnsMismatchResponseWithSchema/run_stderr.log
ts-admin-order-service,admin,EvoMaster_ts-admin-order-service_admin_faults.java,EvoMaster_ts_admin_order_service_admin_faults,test_3_deleteOnAdminordShowsFaults_100_101,False,1,500,/api/v1/adminorderservice/adminorder/{orderId}/{trainNumber},DELETE,500,.statusCode(500) .assertThat(),6,".delete(baseUrlOfSut + ""/api/v1/adminorderservice/adminorder/Q2kvEpK/vyz0YYQCv_YUq43"")",,".header(""Authorization"", ""Bearer eyJhbGciOiJIUzI1NiJ9.eyJzdWIiOiJhZG1pbiIsInJvbGVzIjpbIlJPTEVfQURNSU4iXSwiaWQiOiI2ZGNiOGUyZC05ZTE0LTRlZWMtYTJiYy0xZDljZDk0ZWQ1MzMiLCJpYXQiOjE3Nzg0Mjg4OTAsImV4cCI6MTc3ODQzMjQ5MH0.fFYtzH4C6yGrm4i3p_0Ud3oxHXyLyvbL9jB_sNgFBDU"")",faults,/mnt/train-ticket-aitest/evomaster/generated-tests/blackbox/ts-admin-order-service/admin/EvoMaster_ts-admin-order-service_admin_faults.java,23,6,True,0,,0,0,,100.0,0,0,0,0,0,0,False,,/mnt/train-ticket-aitest/evomaster/evomaster-config/runtime-logs/classes/ts-admin-order-service/admin/EvoMaster_ts_admin_order_service_admin_faults,/mnt/train-ticket-aitest/evomaster/evomaster-config/runtime-logs/classes/ts-admin-order-service/admin/EvoMaster_ts_admin_order_service_admin_faults/compile.log,/mnt/train-ticket-aitest/evomaster/evomaster-config/runtime-logs/classes/ts-admin-order-service/admin/EvoMaster_ts_admin_order_service_admin_faults/compile_stdout.log,/mnt/train-ticket-aitest/evomaster/evomaster-config/runtime-logs/classes/ts-admin-order-service/admin/EvoMaster_ts_admin_order_service_admin_faults/compile_stderr.log,False,True,1,java.lang.AssertionError;test_failure,1,False,8.02,6.65,155.44,"Tests run: 1, Failures: 1, Errors: 0, Skipped: 0",/mnt/train-ticket-aitest/evomaster/evomaster-config/runtime-logs/methods/ts-admin-order-service/admin/EvoMaster_ts_admin_order_service_admin_faults/test_3_deleteOnAdminordShowsFaults_100_101,/mnt/train-ticket-aitest/evomaster/evomaster-config/runtime-logs/methods/ts-admin-order-service/admin/EvoMaster_ts_admin_order_service_admin_faults/test_3_deleteOnAdminordShowsFaults_100_101/run.log,/mnt/train-ticket-aitest/evomaster/evomaster-config/runtime-logs/methods/ts-admin-order-service/admin/EvoMaster_ts_admin_order_service_admin_faults/test_3_deleteOnAdminordShowsFaults_100_101/run_stdout.log,/mnt/train-ticket-aitest/evomaster/evomaster-config/runtime-logs/methods/ts-admin-order-service/admin/EvoMaster_ts_admin_order_service_admin_faults/test_3_deleteOnAdminordShowsFaults_100_101/run_stderr.log
ts-admin-order-service,admin,EvoMaster_ts-admin-order-service_admin_faults.java,EvoMaster_ts_admin_order_service_admin_faults,test_4_deleteOnAdminordReturnsMismatchResponseWithSchema,False,1,403,/api/v1/adminorderservice/adminorder/{orderId}/{trainNumber},DELETE,403,.statusCode(403) .assertThat(),2,".delete(baseUrlOfSut + ""/api/v1/adminorderservice/adminorder/zcBswmiyx3n/E0b3JS813"")",,,faults,/mnt/train-ticket-aitest/evomaster/generated-tests/blackbox/ts-admin-order-service/admin/EvoMaster_ts-admin-order-service_admin_faults.java,23,6,True,0,,0,0,,100.0,0,0,0,0,0,0,False,,/mnt/train-ticket-aitest/evomaster/evomaster-config/runtime-logs/classes/ts-admin-order-service/admin/EvoMaster_ts_admin_order_service_admin_faults,/mnt/train-ticket-aitest/evomaster/evomaster-config/runtime-logs/classes/ts-admin-order-service/admin/EvoMaster_ts_admin_order_service_admin_faults/compile.log,/mnt/train-ticket-aitest/evomaster/evomaster-config/runtime-logs/classes/ts-admin-order-service/admin/EvoMaster_ts_admin_order_service_admin_faults/compile_stdout.log,/mnt/train-ticket-aitest/evomaster/evomaster-config/runtime-logs/classes/ts-admin-order-service/admin/EvoMaster_ts_admin_order_service_admin_faults/compile_stderr.log,True,True,0,,0,False,8.55,6.97,155.54,Test passed (detected via Surefire XML),/mnt/train-ticket-aitest/evomaster/evomaster-config/runtime-logs/methods/ts-admin-order-service/admin/EvoMaster_ts_admin_order_service_admin_faults/test_4_deleteOnAdminordReturnsMismatchResponseWithSchema,/mnt/train-ticket-aitest/evomaster/evomaster-config/runtime-logs/methods/ts-admin-order-service/admin/EvoMaster_ts_admin_order_service_admin_faults/test_4_deleteOnAdminordReturnsMismatchResponseWithSchema/run.log,/mnt/train-ticket-aitest/evomaster/evomaster-config/runtime-logs/methods/ts-admin-order-service/admin/EvoMaster_ts_admin_order_service_admin_faults/test_4_deleteOnAdminordReturnsMismatchResponseWithSchema/run_stdout.log,/mnt/train-ticket-aitest/evomaster/evomaster-config/runtime-logs/methods/ts-admin-order-service/admin/EvoMaster_ts_admin_order_service_admin_faults/test_4_deleteOnAdminordReturnsMismatchResponseWithSchema/run_stderr.log
ts-admin-order-service,none,EvoMaster_ts-admin-order-service_none_faults.java,EvoMaster_ts_admin_order_service_none_faults,test_0_putOnAdminorderShowsFaults_100_101,False,1,500,/api/v1/adminorderservice/adminorder,PUT,500,.statusCode(500) .assertThat(),6,".put(baseUrlOfSut + ""/api/v1/adminorderservice/adminorder"")",".body("" { "" + 
                    "" \""boughtDate\"" : \""2038-01-02\"", "" + 
                    "" \""contactsName\"" : \""f6XmqER8XI0kq\"", "" + 
                    "" \""contactsDocumentNumber\"" : \""6T1onx9\"", "" + 
                    "" \""seatClass\"" : 817, "" + 
                    "" \""seatNumber\"" : \""UHU3xig\"", "" + 
                    "" \""status\"" : 213, "" + 
                    "" \""price\"" : -6.652896078572633E7 "" + 
                    "" } "")",,faults,/mnt/train-ticket-aitest/evomaster/generated-tests/blackbox/ts-admin-order-service/none/EvoMaster_ts-admin-order-service_none_faults.java,23,6,True,0,,0,0,,100.0,0,0,0,0,0,0,False,,/mnt/train-ticket-aitest/evomaster/evomaster-config/runtime-logs/classes/ts-admin-order-service/none/EvoMaster_ts_admin_order_service_none_faults,/mnt/train-ticket-aitest/evomaster/evomaster-config/runtime-logs/classes/ts-admin-order-service/none/EvoMaster_ts_admin_order_service_none_faults/compile.log,/mnt/train-ticket-aitest/evomaster/evomaster-config/runtime-logs/classes/ts-admin-order-service/none/EvoMaster_ts_admin_order_service_none_faults/compile_stdout.log,/mnt/train-ticket-aitest/evomaster/evomaster-config/runtime-logs/classes/ts-admin-order-service/none/EvoMaster_ts_admin_order_service_none_faults/compile_stderr.log,False,True,1,java.lang.AssertionError;test_failure,1,False,8.56,7.07,169.7,"Tests run: 1, Failures: 1, Errors: 0, Skipped: 0",/mnt/train-ticket-aitest/evomaster/evomaster-config/runtime-logs/methods/ts-admin-order-service/none/EvoMaster_ts_admin_order_service_none_faults/test_0_putOnAdminorderShowsFaults_100_101,/mnt/train-ticket-aitest/evomaster/evomaster-config/runtime-logs/methods/ts-admin-order-service/none/EvoMaster_ts_admin_order_service_none_faults/test_0_putOnAdminorderShowsFaults_100_101/run.log,/mnt/train-ticket-aitest/evomaster/evomaster-config/runtime-logs/methods/ts-admin-order-service/none/EvoMaster_ts_admin_order_service_none_faults/test_0_putOnAdminorderShowsFaults_100_101/run_stdout.log,/mnt/train-ticket-aitest/evomaster/evomaster-config/runtime-logs/methods/ts-admin-order-service/none/EvoMaster_ts_admin_order_service_none_faults/test_0_putOnAdminorderShowsFaults_100_101/run_stderr.log
ts-admin-order-service,none,EvoMaster_ts-admin-order-service_none_faults.java,EvoMaster_ts_admin_order_service_none_faults,test_1_putOnAdminorderReturnsMismatchResponseWithSchema,False,1,403,/api/v1/adminorderservice/adminorder,PUT,403,.statusCode(403) .assertThat(),2,".put(baseUrlOfSut + ""/api/v1/adminorderservice/adminorder"")",".body("" { "" + 
                    "" \""id\"" : \""AkUO\"", "" + 
                    "" \""contactsName\"" : \""2ach2qnL\"", "" + 
                    "" \""contactsDocumentNumber\"" : \""3\"", "" + 
                    "" \""coachNumber\"" : 826, "" + 
                    "" \""seatClass\"" : 195, "" + 
                    "" \""seatNumber\"" : \""fNLb\"", "" + 
                    "" \""from\"" : \""uMQiSNJ1WB\"" "" + 
                    "" } "")",,faults,/mnt/train-ticket-aitest/evomaster/generated-tests/blackbox/ts-admin-order-service/none/EvoMaster_ts-admin-order-service_none_faults.java,23,6,True,0,,0,0,,100.0,0,0,0,0,0,0,False,,/mnt/train-ticket-aitest/evomaster/evomaster-config/runtime-logs/classes/ts-admin-order-service/none/EvoMaster_ts_admin_order_service_none_faults,/mnt/train-ticket-aitest/evomaster/evomaster-config/runtime-logs/classes/ts-admin-order-service/none/EvoMaster_ts_admin_order_service_none_faults/compile.log,/mnt/train-ticket-aitest/evomaster/evomaster-config/runtime-logs/classes/ts-admin-order-service/none/EvoMaster_ts_admin_order_service_none_faults/compile_stdout.log,/mnt/train-ticket-aitest/evomaster/evomaster-config/runtime-logs/classes/ts-admin-order-service/none/EvoMaster_ts_admin_order_service_none_faults/compile_stderr.log,True,True,0,,0,False,8.06,6.36,162.79,Test passed (detected via Surefire XML),/mnt/train-ticket-aitest/evomaster/evomaster-config/runtime-logs/methods/ts-admin-order-service/none/EvoMaster_ts_admin_order_service_none_faults/test_1_putOnAdminorderReturnsMismatchResponseWithSchema,/mnt/train-ticket-aitest/evomaster/evomaster-config/runtime-logs/methods/ts-admin-order-service/none/EvoMaster_ts_admin_order_service_none_faults/test_1_putOnAdminorderReturnsMismatchResponseWithSchema/run.log,/mnt/train-ticket-aitest/evomaster/evomaster-config/runtime-logs/methods/ts-admin-order-service/none/EvoMaster_ts_admin_order_service_none_faults/test_1_putOnAdminorderReturnsMismatchResponseWithSchema/run_stdout.log,/mnt/train-ticket-aitest/evomaster/evomaster-config/runtime-logs/methods/ts-admin-order-service/none/EvoMaster_ts_admin_order_service_none_faults/test_1_putOnAdminorderReturnsMismatchResponseWithSchema/run_stderr.log
ts-admin-order-service,none,EvoMaster_ts-admin-order-service_none_faults.java,EvoMaster_ts_admin_order_service_none_faults,test_2_deleteOnAdminordShowsFaults_100_101,False,1,500,/api/v1/adminorderservice/adminorder/{orderId}/{trainNumber},DELETE,500,.statusCode(500) .assertThat(),6,".delete(baseUrlOfSut + ""/api/v1/adminorderservice/adminorder/uVHZ/3Vm"")",,,faults,/mnt/train-ticket-aitest/evomaster/generated-tests/blackbox/ts-admin-order-service/none/EvoMaster_ts-admin-order-service_none_faults.java,23,6,True,0,,0,0,,100.0,0,0,0,0,0,0,False,,/mnt/train-ticket-aitest/evomaster/evomaster-config/runtime-logs/classes/ts-admin-order-service/none/EvoMaster_ts_admin_order_service_none_faults,/mnt/train-ticket-aitest/evomaster/evomaster-config/runtime-logs/classes/ts-admin-order-service/none/EvoMaster_ts_admin_order_service_none_faults/compile.log,/mnt/train-ticket-aitest/evomaster/evomaster-config/runtime-logs/classes/ts-admin-order-service/none/EvoMaster_ts_admin_order_service_none_faults/compile_stdout.log,/mnt/train-ticket-aitest/evomaster/evomaster-config/runtime-logs/classes/ts-admin-order-service/none/EvoMaster_ts_admin_order_service_none_faults/compile_stderr.log,False,True,1,java.lang.AssertionError;test_failure,1,False,8.02,6.55,155.97,"Tests run: 1, Failures: 1, Errors: 0, Skipped: 0",/mnt/train-ticket-aitest/evomaster/evomaster-config/runtime-logs/methods/ts-admin-order-service/none/EvoMaster_ts_admin_order_service_none_faults/test_2_deleteOnAdminordShowsFaults_100_101,/mnt/train-ticket-aitest/evomaster/evomaster-config/runtime-logs/methods/ts-admin-order-service/none/EvoMaster_ts_admin_order_service_none_faults/test_2_deleteOnAdminordShowsFaults_100_101/run.log,/mnt/train-ticket-aitest/evomaster/evomaster-config/runtime-logs/methods/ts-admin-order-service/none/EvoMaster_ts_admin_order_service_none_faults/test_2_deleteOnAdminordShowsFaults_100_101/run_stdout.log,/mnt/train-ticket-aitest/evomaster/evomaster-config/runtime-logs/methods/ts-admin-order-service/none/EvoMaster_ts_admin_order_service_none_faults/test_2_deleteOnAdminordShowsFaults_100_101/run_stderr.log
ts-admin-order-service,none,EvoMaster_ts-admin-order-service_none_faults.java,EvoMaster_ts_admin_order_service_none_faults,test_3_deleteOnAdminordReturnsMismatchResponseWithSchema,False,1,403,/api/v1/adminorderservice/adminorder/{orderId}/{trainNumber},DELETE,403,.statusCode(403) .assertThat(),2,".delete(baseUrlOfSut + ""/api/v1/adminorderservice/adminorder/NoxkSslm00q/6EnHxCdsnkq"")",,,faults,/mnt/train-ticket-aitest/evomaster/generated-tests/blackbox/ts-admin-order-service/none/EvoMaster_ts-admin-order-service_none_faults.java,23,6,True,0,,0,0,,100.0,0,0,0,0,0,0,False,,/mnt/train-ticket-aitest/evomaster/evomaster-config/runtime-logs/classes/ts-admin-order-service/none/EvoMaster_ts_admin_order_service_none_faults,/mnt/train-ticket-aitest/evomaster/evomaster-config/runtime-logs/classes/ts-admin-order-service/none/EvoMaster_ts_admin_order_service_none_faults/compile.log,/mnt/train-ticket-aitest/evomaster/evomaster-config/runtime-logs/classes/ts-admin-order-service/none/EvoMaster_ts_admin_order_service_none_faults/compile_stdout.log,/mnt/train-ticket-aitest/evomaster/evomaster-config/runtime-logs/classes/ts-admin-order-service/none/EvoMaster_ts_admin_order_service_none_faults/compile_stderr.log,True,True,0,,0,False,8.6,6.99,169.29,Test passed (detected via Surefire XML),/mnt/train-ticket-aitest/evomaster/evomaster-config/runtime-logs/methods/ts-admin-order-service/none/EvoMaster_ts_admin_order_service_none_faults/test_3_deleteOnAdminordReturnsMismatchResponseWithSchema,/mnt/train-ticket-aitest/evomaster/evomaster-config/runtime-logs/methods/ts-admin-order-service/none/EvoMaster_ts_admin_order_service_none_faults/test_3_deleteOnAdminordReturnsMismatchResponseWithSchema/run.log,/mnt/train-ticket-aitest/evomaster/evomaster-config/runtime-logs/methods/ts-admin-order-service/none/EvoMaster_ts_admin_order_service_none_faults/test_3_deleteOnAdminordReturnsMismatchResponseWithSchema/run_stdout.log,/mnt/train-ticket-aitest/evomaster/evomaster-config/runtime-logs/methods/ts-admin-order-service/none/EvoMaster_ts_admin_order_service_none_faults/test_3_deleteOnAdminordReturnsMismatchResponseWithSchema/run_stderr.log
ts-admin-order-service,user,EvoMaster_ts-admin-order-service_user_faults.java,EvoMaster_ts_admin_order_service_user_faults,test_0_putOnAdminorderReturnsMismatchResponseWithSchema,False,1,403,/api/v1/adminorderservice/adminorder,PUT,403,.statusCode(403) .assertThat(),2,".put(baseUrlOfSut + ""/api/v1/adminorderservice/adminorder"")",".body("" { "" + 
                    "" \""id\"" : \""hN1n1d4IiY2Vn2tx\"", "" + 
                    "" \""accountId\"" : \""rdo_7jm\"", "" + 
                    "" \""contactsName\"" : \""GBFAadS7\"", "" + 
                    "" \""coachNumber\"" : 274, "" + 
                    "" \""seatNumber\"" : \""5pfM7Pq1mGr\"", "" + 
                    "" \""to\"" : \""HMSgM9cT6pA\"" "" + 
                    "" } "")",,faults,/mnt/train-ticket-aitest/evomaster/generated-tests/blackbox/ts-admin-order-service/user/EvoMaster_ts-admin-order-service_user_faults.java,23,6,True,0,,0,0,,100.0,0,0,0,0,0,0,False,,/mnt/train-ticket-aitest/evomaster/evomaster-config/runtime-logs/classes/ts-admin-order-service/user/EvoMaster_ts_admin_order_service_user_faults,/mnt/train-ticket-aitest/evomaster/evomaster-config/runtime-logs/classes/ts-admin-order-service/user/EvoMaster_ts_admin_order_service_user_faults/compile.log,/mnt/train-ticket-aitest/evomaster/evomaster-config/runtime-logs/classes/ts-admin-order-service/user/EvoMaster_ts_admin_order_service_user_faults/compile_stdout.log,/mnt/train-ticket-aitest/evomaster/evomaster-config/runtime-logs/classes/ts-admin-order-service/user/EvoMaster_ts_admin_order_service_user_faults/compile_stderr.log,True,True,0,,0,False,8.02,6.37,162.09,Test passed (detected via Surefire XML),/mnt/train-ticket-aitest/evomaster/evomaster-config/runtime-logs/methods/ts-admin-order-service/user/EvoMaster_ts_admin_order_service_user_faults/test_0_putOnAdminorderReturnsMismatchResponseWithSchema,/mnt/train-ticket-aitest/evomaster/evomaster-config/runtime-logs/methods/ts-admin-order-service/user/EvoMaster_ts_admin_order_service_user_faults/test_0_putOnAdminorderReturnsMismatchResponseWithSchema/run.log,/mnt/train-ticket-aitest/evomaster/evomaster-config/runtime-logs/methods/ts-admin-order-service/user/EvoMaster_ts_admin_order_service_user_faults/test_0_putOnAdminorderReturnsMismatchResponseWithSchema/run_stdout.log,/mnt/train-ticket-aitest/evomaster/evomaster-config/runtime-logs/methods/ts-admin-order-service/user/EvoMaster_ts_admin_order_service_user_faults/test_0_putOnAdminorderReturnsMismatchResponseWithSchema/run_stderr.log
ts-admin-order-service,user,EvoMaster_ts-admin-order-service_user_faults.java,EvoMaster_ts_admin_order_service_user_faults,test_1_putOnAdminorderReturnsMismatchResponseWithSchema,False,1,403,/api/v1/adminorderservice/adminorder,PUT,403,.statusCode(403) .assertThat(),2,".put(baseUrlOfSut + ""/api/v1/adminorderservice/adminorder"")",".body("" { "" + 
                    "" \""boughtDate\"" : \""1916-01-12\"", "" + 
                    "" \""accountId\"" : \""qzG91osQ8z6N6cv\"", "" + 
                    "" \""contactsName\"" : \""lM9fx8wEhE\"", "" + 
                    "" \""contactsDocumentNumber\"" : \""TmhkC\"", "" + 
                    "" \""from\"" : \""W\"", "" + 
                    "" \""to\"" : \""oPbdY8zInhvG5D\"" "" + 
                    "" } "")",".header(""Authorization"", ""Bearer eyJhbGciOiJIUzI1NiJ9.eyJzdWIiOiJmZHNlX21pY3Jvc2VydmljZSIsInJvbGVzIjpbIlJPTEVfVVNFUiJdLCJpZCI6IjRkMmE0NmM3LTcxY2ItNGNmMS1iNWJiLWI2ODQwNmQ5ZGE2ZiIsImlhdCI6MTc3ODQyODg5MCwiZXhwIjoxNzc4NDMyNDkwfQ.m887rWoDCU5HOvw1jl4naisUyWwvBe4Kl2b2o_RROj8"")",faults,/mnt/train-ticket-aitest/evomaster/generated-tests/blackbox/ts-admin-order-service/user/EvoMaster_ts-admin-order-service_user_faults.java,23,6,True,0,,0,0,,100.0,0,0,0,0,0,0,False,,/mnt/train-ticket-aitest/evomaster/evomaster-config/runtime-logs/classes/ts-admin-order-service/user/EvoMaster_ts_admin_order_service_user_faults,/mnt/train-ticket-aitest/evomaster/evomaster-config/runtime-logs/classes/ts-admin-order-service/user/EvoMaster_ts_admin_order_service_user_faults/compile.log,/mnt/train-ticket-aitest/evomaster/evomaster-config/runtime-logs/classes/ts-admin-order-service/user/EvoMaster_ts_admin_order_service_user_faults/compile_stdout.log,/mnt/train-ticket-aitest/evomaster/evomaster-config/runtime-logs/classes/ts-admin-order-service/user/EvoMaster_ts_admin_order_service_user_faults/compile_stderr.log,True,True,0,,0,False,8.52,6.8,157.9,Test passed (detected via Surefire XML),/mnt/train-ticket-aitest/evomaster/evomaster-config/runtime-logs/methods/ts-admin-order-service/user/EvoMaster_ts_admin_order_service_user_faults/test_1_putOnAdminorderReturnsMismatchResponseWithSchema,/mnt/train-ticket-aitest/evomaster/evomaster-config/runtime-logs/methods/ts-admin-order-service/user/EvoMaster_ts_admin_order_service_user_faults/test_1_putOnAdminorderReturnsMismatchResponseWithSchema/run.log,/mnt/train-ticket-aitest/evomaster/evomaster-config/runtime-logs/methods/ts-admin-order-service/user/EvoMaster_ts_admin_order_service_user_faults/test_1_putOnAdminorderReturnsMismatchResponseWithSchema/run_stdout.log,/mnt/train-ticket-aitest/evomaster/evomaster-config/runtime-logs/methods/ts-admin-order-service/user/EvoMaster_ts_admin_order_service_user_faults/test_1_putOnAdminorderReturnsMismatchResponseWithSchema/run_stderr.log
ts-admin-order-service,user,EvoMaster_ts-admin-order-service_user_faults.java,EvoMaster_ts_admin_order_service_user_faults,test_2_deleteOnAdminordShowsFaults_100_101,False,1,500,/api/v1/adminorderservice/adminorder/{orderId}/{trainNumber},DELETE,500,.statusCode(500) .assertThat(),6,".delete(baseUrlOfSut + ""/api/v1/adminorderservice/adminorder/sMIczdGM/gwhJSac3q"")",,".header(""Authorization"", ""Bearer eyJhbGciOiJIUzI1NiJ9.eyJzdWIiOiJmZHNlX21pY3Jvc2VydmljZSIsInJvbGVzIjpbIlJPTEVfVVNFUiJdLCJpZCI6IjRkMmE0NmM3LTcxY2ItNGNmMS1iNWJiLWI2ODQwNmQ5ZGE2ZiIsImlhdCI6MTc3ODQyODg5MCwiZXhwIjoxNzc4NDMyNDkwfQ.m887rWoDCU5HOvw1jl4naisUyWwvBe4Kl2b2o_RROj8"")",faults,/mnt/train-ticket-aitest/evomaster/generated-tests/blackbox/ts-admin-order-service/user/EvoMaster_ts-admin-order-service_user_faults.java,23,6,True,0,,0,0,,100.0,0,0,0,0,0,0,False,,/mnt/train-ticket-aitest/evomaster/evomaster-config/runtime-logs/classes/ts-admin-order-service/user/EvoMaster_ts_admin_order_service_user_faults,/mnt/train-ticket-aitest/evomaster/evomaster-config/runtime-logs/classes/ts-admin-order-service/user/EvoMaster_ts_admin_order_service_user_faults/compile.log,/mnt/train-ticket-aitest/evomaster/evomaster-config/runtime-logs/classes/ts-admin-order-service/user/EvoMaster_ts_admin_order_service_user_faults/compile_stdout.log,/mnt/train-ticket-aitest/evomaster/evomaster-config/runtime-logs/classes/ts-admin-order-service/user/EvoMaster_ts_admin_order_service_user_faults/compile_stderr.log,False,True,1,java.lang.AssertionError;test_failure,1,False,8.53,7.3,172.48,"Tests run: 1, Failures: 1, Errors: 0, Skipped: 0",/mnt/train-ticket-aitest/evomaster/evomaster-config/runtime-logs/methods/ts-admin-order-service/user/EvoMaster_ts_admin_order_service_user_faults/test_2_deleteOnAdminordShowsFaults_100_101,/mnt/train-ticket-aitest/evomaster/evomaster-config/runtime-logs/methods/ts-admin-order-service/user/EvoMaster_ts_admin_order_service_user_faults/test_2_deleteOnAdminordShowsFaults_100_101/run.log,/mnt/train-ticket-aitest/evomaster/evomaster-config/runtime-logs/methods/ts-admin-order-service/user/EvoMaster_ts_admin_order_service_user_faults/test_2_deleteOnAdminordShowsFaults_100_101/run_stdout.log,/mnt/train-ticket-aitest/evomaster/evomaster-config/runtime-logs/methods/ts-admin-order-service/user/EvoMaster_ts_admin_order_service_user_faults/test_2_deleteOnAdminordShowsFaults_100_101/run_stderr.log
ts-admin-order-service,user,EvoMaster_ts-admin-order-service_user_faults.java,EvoMaster_ts_admin_order_service_user_faults,test_3_deleteOnAdminordReturnsMismatchResponseWithSchema,False,1,403,/api/v1/adminorderservice/adminorder/{orderId}/{trainNumber},DELETE,403,.statusCode(403) .assertThat(),2,".delete(baseUrlOfSut + ""/api/v1/adminorderservice/adminorder/Fd0l/2Y_p"")",,".header(""Authorization"", ""Bearer eyJhbGciOiJIUzI1NiJ9.eyJzdWIiOiJmZHNlX21pY3Jvc2VydmljZSIsInJvbGVzIjpbIlJPTEVfVVNFUiJdLCJpZCI6IjRkMmE0NmM3LTcxY2ItNGNmMS1iNWJiLWI2ODQwNmQ5ZGE2ZiIsImlhdCI6MTc3ODQyODg5MCwiZXhwIjoxNzc4NDMyNDkwfQ.m887rWoDCU5HOvw1jl4naisUyWwvBe4Kl2b2o_RROj8"")",faults,/mnt/train-ticket-aitest/evomaster/generated-tests/blackbox/ts-admin-order-service/user/EvoMaster_ts-admin-order-service_user_faults.java,23,6,True,0,,0,0,,100.0,0,0,0,0,0,0,False,,/mnt/train-ticket-aitest/evomaster/evomaster-config/runtime-logs/classes/ts-admin-order-service/user/EvoMaster_ts_admin_order_service_user_faults,/mnt/train-ticket-aitest/evomaster/evomaster-config/runtime-logs/classes/ts-admin-order-service/user/EvoMaster_ts_admin_order_service_user_faults/compile.log,/mnt/train-ticket-aitest/evomaster/evomaster-config/runtime-logs/classes/ts-admin-order-service/user/EvoMaster_ts_admin_order_service_user_faults/compile_stdout.log,/mnt/train-ticket-aitest/evomaster/evomaster-config/runtime-logs/classes/ts-admin-order-service/user/EvoMaster_ts_admin_order_service_user_faults/compile_stderr.log,True,True,0,,0,False,8.02,6.9,155.98,Test passed (detected via Surefire XML),/mnt/train-ticket-aitest/evomaster/evomaster-config/runtime-logs/methods/ts-admin-order-service/user/EvoMaster_ts_admin_order_service_user_faults/test_3_deleteOnAdminordReturnsMismatchResponseWithSchema,/mnt/train-ticket-aitest/evomaster/evomaster-config/runtime-logs/methods/ts-admin-order-service/user/EvoMaster_ts_admin_order_service_user_faults/test_3_deleteOnAdminordReturnsMismatchResponseWithSchema/run.log,/mnt/train-ticket-aitest/evomaster/evomaster-config/runtime-logs/methods/ts-admin-order-service/user/EvoMaster_ts_admin_order_service_user_faults/test_3_deleteOnAdminordReturnsMismatchResponseWithSchema/run_stdout.log,/mnt/train-ticket-aitest/evomaster/evomaster-config/runtime-logs/methods/ts-admin-order-service/user/EvoMaster_ts_admin_order_service_user_faults/test_3_deleteOnAdminordReturnsMismatchResponseWithSchema/run_stderr.log
ts-admin-user-service,admin,EvoMaster_ts-admin-user-service_admin_faults.java,EvoMaster_ts_admin_user_service_admin_faults,test_0_putOnUsersShowsFaults_100_101,False,1,500,/api/v1/adminuserservice/users,PUT,500,.statusCode(500) .assertThat(),6,".put(baseUrlOfSut + ""/api/v1/adminuserservice/users"")",".body("" { "" + 
                    "" \""userName\"" : \""tu2Ok6Peoyyfl2\"", "" + 
                    "" \""gender\"" : 93, "" + 
                    "" \""email\"" : \""7Nc\"" "" + 
                    "" } "")",".header(""Authorization"", ""Bearer eyJhbGciOiJIUzI1NiJ9.eyJzdWIiOiJhZG1pbiIsInJvbGVzIjpbIlJPTEVfQURNSU4iXSwiaWQiOiI2ZGNiOGUyZC05ZTE0LTRlZWMtYTJiYy0xZDljZDk0ZWQ1MzMiLCJpYXQiOjE3Nzg0Mjg4OTAsImV4cCI6MTc3ODQzMjQ5MH0.fFYtzH4C6yGrm4i3p_0Ud3oxHXyLyvbL9jB_sNgFBDU"")",faults,/mnt/train-ticket-aitest/evomaster/generated-tests/blackbox/ts-admin-user-service/admin/EvoMaster_ts-admin-user-service_admin_faults.java,23,6,True,0,,0,0,,100.0,0,0,0,0,0,0,False,,/mnt/train-ticket-aitest/evomaster/evomaster-config/runtime-logs/classes/ts-admin-user-service/admin/EvoMaster_ts_admin_user_service_admin_faults,/mnt/train-ticket-aitest/evomaster/evomaster-config/runtime-logs/classes/ts-admin-user-service/admin/EvoMaster_ts_admin_user_service_admin_faults/compile.log,/mnt/train-ticket-aitest/evomaster/evomaster-config/runtime-logs/classes/ts-admin-user-service/admin/EvoMaster_ts_admin_user_service_admin_faults/compile_stdout.log,/mnt/train-ticket-aitest/evomaster/evomaster-config/runtime-logs/classes/ts-admin-user-service/admin/EvoMaster_ts_admin_user_service_admin_faults/compile_stderr.log,False,True,1,java.lang.AssertionError;test_failure,1,False,8.02,6.63,156.6,"Tests run: 1, Failures: 1, Errors: 0, Skipped: 0",/mnt/train-ticket-aitest/evomaster/evomaster-config/runtime-logs/methods/ts-admin-user-service/admin/EvoMaster_ts_admin_user_service_admin_faults/test_0_putOnUsersShowsFaults_100_101,/mnt/train-ticket-aitest/evomaster/evomaster-config/runtime-logs/methods/ts-admin-user-service/admin/EvoMaster_ts_admin_user_service_admin_faults/test_0_putOnUsersShowsFaults_100_101/run.log,/mnt/train-ticket-aitest/evomaster/evomaster-config/runtime-logs/methods/ts-admin-user-service/admin/EvoMaster_ts_admin_user_service_admin_faults/test_0_putOnUsersShowsFaults_100_101/run_stdout.log,/mnt/train-ticket-aitest/evomaster/evomaster-config/runtime-logs/methods/ts-admin-user-service/admin/EvoMaster_ts_admin_user_service_admin_faults/test_0_putOnUsersShowsFaults_100_101/run_stderr.log
ts-admin-user-service,admin,EvoMaster_ts-admin-user-service_admin_faults.java,EvoMaster_ts_admin_user_service_admin_faults,test_1_putOnUsersReturnsMismatchResponseWithSchema,False,1,403,/api/v1/adminuserservice/users,PUT,403,.statusCode(403) .assertThat(),2,".put(baseUrlOfSut + ""/api/v1/adminuserservice/users"")",".body("" { "" + 
                    "" \""userId\"" : \""YaFTIsQ\"", "" + 
                    "" \""documentNum\"" : \""rhLgj9ajRhtV\"", "" + 
                    "" \""email\"" : \""PL\"" "" + 
                    "" } "")",".header(""Authorization"", ""Bearer eyJhbGciOiJIUzI1NiJ9.eyJzdWIiOiJhZG1pbiIsInJvbGVzIjpbIlJPTEVfQURNSU4iXSwiaWQiOiI2ZGNiOGUyZC05ZTE0LTRlZWMtYTJiYy0xZDljZDk0ZWQ1MzMiLCJpYXQiOjE3Nzg0Mjg4OTAsImV4cCI6MTc3ODQzMjQ5MH0.fFYtzH4C6yGrm4i3p_0Ud3oxHXyLyvbL9jB_sNgFBDU"")",faults,/mnt/train-ticket-aitest/evomaster/generated-tests/blackbox/ts-admin-user-service/admin/EvoMaster_ts-admin-user-service_admin_faults.java,23,6,True,0,,0,0,,100.0,0,0,0,0,0,0,False,,/mnt/train-ticket-aitest/evomaster/evomaster-config/runtime-logs/classes/ts-admin-user-service/admin/EvoMaster_ts_admin_user_service_admin_faults,/mnt/train-ticket-aitest/evomaster/evomaster-config/runtime-logs/classes/ts-admin-user-service/admin/EvoMaster_ts_admin_user_service_admin_faults/compile.log,/mnt/train-ticket-aitest/evomaster/evomaster-config/runtime-logs/classes/ts-admin-user-service/admin/EvoMaster_ts_admin_user_service_admin_faults/compile_stdout.log,/mnt/train-ticket-aitest/evomaster/evomaster-config/runtime-logs/classes/ts-admin-user-service/admin/EvoMaster_ts_admin_user_service_admin_faults/compile_stderr.log,False,True,1,java.lang.AssertionError;test_failure,1,False,8.02,6.68,157.33,"Tests run: 1, Failures: 1, Errors: 0, Skipped: 0",/mnt/train-ticket-aitest/evomaster/evomaster-config/runtime-logs/methods/ts-admin-user-service/admin/EvoMaster_ts_admin_user_service_admin_faults/test_1_putOnUsersReturnsMismatchResponseWithSchema,/mnt/train-ticket-aitest/evomaster/evomaster-config/runtime-logs/methods/ts-admin-user-service/admin/EvoMaster_ts_admin_user_service_admin_faults/test_1_putOnUsersReturnsMismatchResponseWithSchema/run.log,/mnt/train-ticket-aitest/evomaster/evomaster-config/runtime-logs/methods/ts-admin-user-service/admin/EvoMaster_ts_admin_user_service_admin_faults/test_1_putOnUsersReturnsMismatchResponseWithSchema/run_stdout.log,/mnt/train-ticket-aitest/evomaster/evomaster-config/runtime-logs/methods/ts-admin-user-service/admin/EvoMaster_ts_admin_user_service_admin_faults/test_1_putOnUsersReturnsMismatchResponseWithSchema/run_stderr.log
ts-admin-user-service,none,EvoMaster_ts-admin-user-service_none_faults.java,EvoMaster_ts_admin_user_service_none_faults,test_0_putOnUsersShowsFaults_100_101,False,1,500,/api/v1/adminuserservice/users,PUT,500,.statusCode(500) .assertThat(),6,".put(baseUrlOfSut + ""/api/v1/adminuserservice/users"")",".body("" { "" + 
                    "" \""userName\"" : \""Pkdxk3qT1\"", "" + 
                    "" \""documentNum\"" : \""GUabfLAd1j\"", "" + 
                    "" \""email\"" : \""A5TJKa0v\"" "" + 
                    "" } "")",,faults,/mnt/train-ticket-aitest/evomaster/generated-tests/blackbox/ts-admin-user-service/none/EvoMaster_ts-admin-user-service_none_faults.java,23,6,True,0,,0,0,,100.0,0,0,0,0,0,0,False,,/mnt/train-ticket-aitest/evomaster/evomaster-config/runtime-logs/classes/ts-admin-user-service/none/EvoMaster_ts_admin_user_service_none_faults,/mnt/train-ticket-aitest/evomaster/evomaster-config/runtime-logs/classes/ts-admin-user-service/none/EvoMaster_ts_admin_user_service_none_faults/compile.log,/mnt/train-ticket-aitest/evomaster/evomaster-config/runtime-logs/classes/ts-admin-user-service/none/EvoMaster_ts_admin_user_service_none_faults/compile_stdout.log,/mnt/train-ticket-aitest/evomaster/evomaster-config/runtime-logs/classes/ts-admin-user-service/none/EvoMaster_ts_admin_user_service_none_faults/compile_stderr.log,False,True,1,java.lang.AssertionError;test_failure,1,False,8.02,7.07,169.18,"Tests run: 1, Failures: 1, Errors: 0, Skipped: 0",/mnt/train-ticket-aitest/evomaster/evomaster-config/runtime-logs/methods/ts-admin-user-service/none/EvoMaster_ts_admin_user_service_none_faults/test_0_putOnUsersShowsFaults_100_101,/mnt/train-ticket-aitest/evomaster/evomaster-config/runtime-logs/methods/ts-admin-user-service/none/EvoMaster_ts_admin_user_service_none_faults/test_0_putOnUsersShowsFaults_100_101/run.log,/mnt/train-ticket-aitest/evomaster/evomaster-config/runtime-logs/methods/ts-admin-user-service/none/EvoMaster_ts_admin_user_service_none_faults/test_0_putOnUsersShowsFaults_100_101/run_stdout.log,/mnt/train-ticket-aitest/evomaster/evomaster-config/runtime-logs/methods/ts-admin-user-service/none/EvoMaster_ts_admin_user_service_none_faults/test_0_putOnUsersShowsFaults_100_101/run_stderr.log
ts-admin-user-service,none,EvoMaster_ts-admin-user-service_none_faults.java,EvoMaster_ts_admin_user_service_none_faults,test_1_putOnUsersReturnsMismatchResponseWithSchema,False,1,403,/api/v1/adminuserservice/users,PUT,403,.statusCode(403) .assertThat(),2,".put(baseUrlOfSut + ""/api/v1/adminuserservice/users"")",".body("" { "" + 
                    "" \""password\"" : \""V\"", "" + 
                    "" \""documentType\"" : 132, "" + 
                    "" \""email\"" : \""Jv\"" "" + 
                    "" } "")",,faults,/mnt/train-ticket-aitest/evomaster/generated-tests/blackbox/ts-admin-user-service/none/EvoMaster_ts-admin-user-service_none_faults.java,23,6,True,0,,0,0,,100.0,0,0,0,0,0,0,False,,/mnt/train-ticket-aitest/evomaster/evomaster-config/runtime-logs/classes/ts-admin-user-service/none/EvoMaster_ts_admin_user_service_none_faults,/mnt/train-ticket-aitest/evomaster/evomaster-config/runtime-logs/classes/ts-admin-user-service/none/EvoMaster_ts_admin_user_service_none_faults/compile.log,/mnt/train-ticket-aitest/evomaster/evomaster-config/runtime-logs/classes/ts-admin-user-service/none/EvoMaster_ts_admin_user_service_none_faults/compile_stdout.log,/mnt/train-ticket-aitest/evomaster/evomaster-config/runtime-logs/classes/ts-admin-user-service/none/EvoMaster_ts_admin_user_service_none_faults/compile_stderr.log,True,True,0,,0,False,8.02,6.53,156.2,Test passed (detected via Surefire XML),/mnt/train-ticket-aitest/evomaster/evomaster-config/runtime-logs/methods/ts-admin-user-service/none/EvoMaster_ts_admin_user_service_none_faults/test_1_putOnUsersReturnsMismatchResponseWithSchema,/mnt/train-ticket-aitest/evomaster/evomaster-config/runtime-logs/methods/ts-admin-user-service/none/EvoMaster_ts_admin_user_service_none_faults/test_1_putOnUsersReturnsMismatchResponseWithSchema/run.log,/mnt/train-ticket-aitest/evomaster/evomaster-config/runtime-logs/methods/ts-admin-user-service/none/EvoMaster_ts_admin_user_service_none_faults/test_1_putOnUsersReturnsMismatchResponseWithSchema/run_stdout.log,/mnt/train-ticket-aitest/evomaster/evomaster-config/runtime-logs/methods/ts-admin-user-service/none/EvoMaster_ts_admin_user_service_none_faults/test_1_putOnUsersReturnsMismatchResponseWithSchema/run_stderr.log
ts-admin-user-service,user,EvoMaster_ts-admin-user-service_user_faults.java,EvoMaster_ts_admin_user_service_user_faults,test_0_putOnUsersShowsFaults_100_101,False,1,500,/api/v1/adminuserservice/users,PUT,500,.statusCode(500) .assertThat(),6,".put(baseUrlOfSut + ""/api/v1/adminuserservice/users"")",".body("" { "" + 
                    "" \""documentType\"" : 390, "" + 
                    "" \""email\"" : \""KzoeDlUP6sp0gyw0\"" "" + 
                    "" } "")",".header(""Authorization"", ""Bearer eyJhbGciOiJIUzI1NiJ9.eyJzdWIiOiJmZHNlX21pY3Jvc2VydmljZSIsInJvbGVzIjpbIlJPTEVfVVNFUiJdLCJpZCI6IjRkMmE0NmM3LTcxY2ItNGNmMS1iNWJiLWI2ODQwNmQ5ZGE2ZiIsImlhdCI6MTc3ODQyODg5MCwiZXhwIjoxNzc4NDMyNDkwfQ.m887rWoDCU5HOvw1jl4naisUyWwvBe4Kl2b2o_RROj8"")",faults,/mnt/train-ticket-aitest/evomaster/generated-tests/blackbox/ts-admin-user-service/user/EvoMaster_ts-admin-user-service_user_faults.java,23,6,True,0,,0,0,,100.0,0,0,0,0,0,0,False,,/mnt/train-ticket-aitest/evomaster/evomaster-config/runtime-logs/classes/ts-admin-user-service/user/EvoMaster_ts_admin_user_service_user_faults,/mnt/train-ticket-aitest/evomaster/evomaster-config/runtime-logs/classes/ts-admin-user-service/user/EvoMaster_ts_admin_user_service_user_faults/compile.log,/mnt/train-ticket-aitest/evomaster/evomaster-config/runtime-logs/classes/ts-admin-user-service/user/EvoMaster_ts_admin_user_service_user_faults/compile_stdout.log,/mnt/train-ticket-aitest/evomaster/evomaster-config/runtime-logs/classes/ts-admin-user-service/user/EvoMaster_ts_admin_user_service_user_faults/compile_stderr.log,False,True,1,java.lang.AssertionError;test_failure,1,False,8.02,6.56,155.97,"Tests run: 1, Failures: 1, Errors: 0, Skipped: 0",/mnt/train-ticket-aitest/evomaster/evomaster-config/runtime-logs/methods/ts-admin-user-service/user/EvoMaster_ts_admin_user_service_user_faults/test_0_putOnUsersShowsFaults_100_101,/mnt/train-ticket-aitest/evomaster/evomaster-config/runtime-logs/methods/ts-admin-user-service/user/EvoMaster_ts_admin_user_service_user_faults/test_0_putOnUsersShowsFaults_100_101/run.log,/mnt/train-ticket-aitest/evomaster/evomaster-config/runtime-logs/methods/ts-admin-user-service/user/EvoMaster_ts_admin_user_service_user_faults/test_0_putOnUsersShowsFaults_100_101/run_stdout.log,/mnt/train-ticket-aitest/evomaster/evomaster-config/runtime-logs/methods/ts-admin-user-service/user/EvoMaster_ts_admin_user_service_user_faults/test_0_putOnUsersShowsFaults_100_101/run_stderr.log
ts-admin-user-service,user,EvoMaster_ts-admin-user-service_user_faults.java,EvoMaster_ts_admin_user_service_user_faults,test_1_putOnUsersReturnsMismatchResponseWithSchema,False,1,403,/api/v1/adminuserservice/users,PUT,403,.statusCode(403) .assertThat(),2,".put(baseUrlOfSut + ""/api/v1/adminuserservice/users"")",".body("" { "" + 
                    "" \""password\"" : \""ZwIdxOziG\"", "" + 
                    "" \""documentType\"" : 469, "" + 
                    "" \""email\"" : \""wM0p\"" "" + 
                    "" } "")",".header(""Authorization"", ""Bearer eyJhbGciOiJIUzI1NiJ9.eyJzdWIiOiJmZHNlX21pY3Jvc2VydmljZSIsInJvbGVzIjpbIlJPTEVfVVNFUiJdLCJpZCI6IjRkMmE0NmM3LTcxY2ItNGNmMS1iNWJiLWI2ODQwNmQ5ZGE2ZiIsImlhdCI6MTc3ODQyODg5MCwiZXhwIjoxNzc4NDMyNDkwfQ.m887rWoDCU5HOvw1jl4naisUyWwvBe4Kl2b2o_RROj8"")",faults,/mnt/train-ticket-aitest/evomaster/generated-tests/blackbox/ts-admin-user-service/user/EvoMaster_ts-admin-user-service_user_faults.java,23,6,True,0,,0,0,,100.0,0,0,0,0,0,0,False,,/mnt/train-ticket-aitest/evomaster/evomaster-config/runtime-logs/classes/ts-admin-user-service/user/EvoMaster_ts_admin_user_service_user_faults,/mnt/train-ticket-aitest/evomaster/evomaster-config/runtime-logs/classes/ts-admin-user-service/user/EvoMaster_ts_admin_user_service_user_faults/compile.log,/mnt/train-ticket-aitest/evomaster/evomaster-config/runtime-logs/classes/ts-admin-user-service/user/EvoMaster_ts_admin_user_service_user_faults/compile_stdout.log,/mnt/train-ticket-aitest/evomaster/evomaster-config/runtime-logs/classes/ts-admin-user-service/user/EvoMaster_ts_admin_user_service_user_faults/compile_stderr.log,True,True,0,,0,False,8.02,6.5,156.3,Test passed (detected via Surefire XML),/mnt/train-ticket-aitest/evomaster/evomaster-config/runtime-logs/methods/ts-admin-user-service/user/EvoMaster_ts_admin_user_service_user_faults/test_1_putOnUsersReturnsMismatchResponseWithSchema,/mnt/train-ticket-aitest/evomaster/evomaster-config/runtime-logs/methods/ts-admin-user-service/user/EvoMaster_ts_admin_user_service_user_faults/test_1_putOnUsersReturnsMismatchResponseWithSchema/run.log,/mnt/train-ticket-aitest/evomaster/evomaster-config/runtime-logs/methods/ts-admin-user-service/user/EvoMaster_ts_admin_user_service_user_faults/test_1_putOnUsersReturnsMismatchResponseWithSchema/run_stdout.log,/mnt/train-ticket-aitest/evomaster/evomaster-config/runtime-logs/methods/ts-admin-user-service/user/EvoMaster_ts_admin_user_service_user_faults/test_1_putOnUsersReturnsMismatchResponseWithSchema/run_stderr.log
ts-assurance-service,admin,EvoMaster_ts-assurance-service_admin_faults.java,EvoMaster_ts_assurance_service_admin_faults,test_0_patchOnAssurReturnsMismatchResponseWithSchema,False,1,403,/api/v1/assuranceservice/assurances/{assuranceId}/{orderId}/{typeIndex},PATCH,403,.statusCode(403) .assertThat(),2,".patch(baseUrlOfSut + ""/api/v1/assuranceservice/assurances/VzBb5huI/7TOs/575"")",,".header(""Authorization"", ""Bearer eyJhbGciOiJIUzI1NiJ9.eyJzdWIiOiJhZG1pbiIsInJvbGVzIjpbIlJPTEVfQURNSU4iXSwiaWQiOiI2ZGNiOGUyZC05ZTE0LTRlZWMtYTJiYy0xZDljZDk0ZWQ1MzMiLCJpYXQiOjE3Nzg0Mjg4OTAsImV4cCI6MTc3ODQzMjQ5MH0.fFYtzH4C6yGrm4i3p_0Ud3oxHXyLyvbL9jB_sNgFBDU"")",faults,/mnt/train-ticket-aitest/evomaster/generated-tests/blackbox/ts-assurance-service/admin/EvoMaster_ts-assurance-service_admin_faults.java,23,6,True,0,,0,0,,100.0,0,0,0,0,0,0,False,,/mnt/train-ticket-aitest/evomaster/evomaster-config/runtime-logs/classes/ts-assurance-service/admin/EvoMaster_ts_assurance_service_admin_faults,/mnt/train-ticket-aitest/evomaster/evomaster-config/runtime-logs/classes/ts-assurance-service/admin/EvoMaster_ts_assurance_service_admin_faults/compile.log,/mnt/train-ticket-aitest/evomaster/evomaster-config/runtime-logs/classes/ts-assurance-service/admin/EvoMaster_ts_assurance_service_admin_faults/compile_stdout.log,/mnt/train-ticket-aitest/evomaster/evomaster-config/runtime-logs/classes/ts-assurance-service/admin/EvoMaster_ts_assurance_service_admin_faults/compile_stderr.log,False,True,1,java.lang.AssertionError;test_failure,1,False,8.03,6.59,155.5,"Tests run: 1, Failures: 1, Errors: 0, Skipped: 0",/mnt/train-ticket-aitest/evomaster/evomaster-config/runtime-logs/methods/ts-assurance-service/admin/EvoMaster_ts_assurance_service_admin_faults/test_0_patchOnAssurReturnsMismatchResponseWithSchema,/mnt/train-ticket-aitest/evomaster/evomaster-config/runtime-logs/methods/ts-assurance-service/admin/EvoMaster_ts_assurance_service_admin_faults/test_0_patchOnAssurReturnsMismatchResponseWithSchema/run.log,/mnt/train-ticket-aitest/evomaster/evomaster-config/runtime-logs/methods/ts-assurance-service/admin/EvoMaster_ts_assurance_service_admin_faults/test_0_patchOnAssurReturnsMismatchResponseWithSchema/run_stdout.log,/mnt/train-ticket-aitest/evomaster/evomaster-config/runtime-logs/methods/ts-assurance-service/admin/EvoMaster_ts_assurance_service_admin_faults/test_0_patchOnAssurReturnsMismatchResponseWithSchema/run_stderr.log
ts-assurance-service,admin,EvoMaster_ts-assurance-service_admin_faults.java,EvoMaster_ts_assurance_service_admin_faults,test_1_patchOnAssurReturnsMismatchResponseWithSchema,False,1,403,/api/v1/assuranceservice/assurances/{assuranceId}/{orderId}/{typeIndex},PATCH,403,.statusCode(403) .assertThat(),2,".patch(baseUrlOfSut + ""/api/v1/assuranceservice/assurances/zy7gH4sCdC/o12koW7yO9rrVMS9/103"")",,,faults,/mnt/train-ticket-aitest/evomaster/generated-tests/blackbox/ts-assurance-service/admin/EvoMaster_ts-assurance-service_admin_faults.java,23,6,True,0,,0,0,,100.0,0,0,0,0,0,0,False,,/mnt/train-ticket-aitest/evomaster/evomaster-config/runtime-logs/classes/ts-assurance-service/admin/EvoMaster_ts_assurance_service_admin_faults,/mnt/train-ticket-aitest/evomaster/evomaster-config/runtime-logs/classes/ts-assurance-service/admin/EvoMaster_ts_assurance_service_admin_faults/compile.log,/mnt/train-ticket-aitest/evomaster/evomaster-config/runtime-logs/classes/ts-assurance-service/admin/EvoMaster_ts_assurance_service_admin_faults/compile_stdout.log,/mnt/train-ticket-aitest/evomaster/evomaster-config/runtime-logs/classes/ts-assurance-service/admin/EvoMaster_ts_assurance_service_admin_faults/compile_stderr.log,False,True,1,java.lang.AssertionError;test_failure,1,False,8.02,6.48,161.36,"Tests run: 1, Failures: 1, Errors: 0, Skipped: 0",/mnt/train-ticket-aitest/evomaster/evomaster-config/runtime-logs/methods/ts-assurance-service/admin/EvoMaster_ts_assurance_service_admin_faults/test_1_patchOnAssurReturnsMismatchResponseWithSchema,/mnt/train-ticket-aitest/evomaster/evomaster-config/runtime-logs/methods/ts-assurance-service/admin/EvoMaster_ts_assurance_service_admin_faults/test_1_patchOnAssurReturnsMismatchResponseWithSchema/run.log,/mnt/train-ticket-aitest/evomaster/evomaster-config/runtime-logs/methods/ts-assurance-service/admin/EvoMaster_ts_assurance_service_admin_faults/test_1_patchOnAssurReturnsMismatchResponseWithSchema/run_stdout.log,/mnt/train-ticket-aitest/evomaster/evomaster-config/runtime-logs/methods/ts-assurance-service/admin/EvoMaster_ts_assurance_service_admin_faults/test_1_patchOnAssurReturnsMismatchResponseWithSchema/run_stderr.log
ts-assurance-service,admin,EvoMaster_ts-assurance-service_admin_faults.java,EvoMaster_ts_assurance_service_admin_faults,test_2_patchOnAssurReturnsMismatchResponseWithSchema,False,1,403,/api/v1/assuranceservice/assurances/{assuranceId}/{orderId}/{typeIndex},PATCH,403,.statusCode(403) .assertThat(),2,".patch(baseUrlOfSut + ""/api/v1/assuranceservice/assurances/yqHxk3/R4EPJWp/-659315148"")",,".header(""Authorization"", ""Bearer eyJhbGciOiJIUzI1NiJ9.eyJzdWIiOiJhZG1pbiIsInJvbGVzIjpbIlJPTEVfQURNSU4iXSwiaWQiOiI2ZGNiOGUyZC05ZTE0LTRlZWMtYTJiYy0xZDljZDk0ZWQ1MzMiLCJpYXQiOjE3Nzg0Mjg4OTAsImV4cCI6MTc3ODQzMjQ5MH0.fFYtzH4C6yGrm4i3p_0Ud3oxHXyLyvbL9jB_sNgFBDU"")",faults,/mnt/train-ticket-aitest/evomaster/generated-tests/blackbox/ts-assurance-service/admin/EvoMaster_ts-assurance-service_admin_faults.java,23,6,True,0,,0,0,,100.0,0,0,0,0,0,0,False,,/mnt/train-ticket-aitest/evomaster/evomaster-config/runtime-logs/classes/ts-assurance-service/admin/EvoMaster_ts_assurance_service_admin_faults,/mnt/train-ticket-aitest/evomaster/evomaster-config/runtime-logs/classes/ts-assurance-service/admin/EvoMaster_ts_assurance_service_admin_faults/compile.log,/mnt/train-ticket-aitest/evomaster/evomaster-config/runtime-logs/classes/ts-assurance-service/admin/EvoMaster_ts_assurance_service_admin_faults/compile_stdout.log,/mnt/train-ticket-aitest/evomaster/evomaster-config/runtime-logs/classes/ts-assurance-service/admin/EvoMaster_ts_assurance_service_admin_faults/compile_stderr.log,False,True,1,java.lang.AssertionError;test_failure,1,False,8.02,6.73,154.88,"Tests run: 1, Failures: 1, Errors: 0, Skipped: 0",/mnt/train-ticket-aitest/evomaster/evomaster-config/runtime-logs/methods/ts-assurance-service/admin/EvoMaster_ts_assurance_service_admin_faults/test_2_patchOnAssurReturnsMismatchResponseWithSchema,/mnt/train-ticket-aitest/evomaster/evomaster-config/runtime-logs/methods/ts-assurance-service/admin/EvoMaster_ts_assurance_service_admin_faults/test_2_patchOnAssurReturnsMismatchResponseWithSchema/run.log,/mnt/train-ticket-aitest/evomaster/evomaster-config/runtime-logs/methods/ts-assurance-service/admin/EvoMaster_ts_assurance_service_admin_faults/test_2_patchOnAssurReturnsMismatchResponseWithSchema/run_stdout.log,/mnt/train-ticket-aitest/evomaster/evomaster-config/runtime-logs/methods/ts-assurance-service/admin/EvoMaster_ts_assurance_service_admin_faults/test_2_patchOnAssurReturnsMismatchResponseWithSchema/run_stderr.log
ts-assurance-service,none,EvoMaster_ts-assurance-service_none_faults.java,EvoMaster_ts_assurance_service_none_faults,test_0_patchOnAssurReturnsMismatchResponseWithSchema,False,1,403,/api/v1/assuranceservice/assurances/{assuranceId}/{orderId}/{typeIndex},PATCH,403,.statusCode(403) .assertThat(),2,".patch(baseUrlOfSut + ""/api/v1/assuranceservice/assurances/wXgtnh/JyZLBzZeW/716"")",,,faults,/mnt/train-ticket-aitest/evomaster/generated-tests/blackbox/ts-assurance-service/none/EvoMaster_ts-assurance-service_none_faults.java,23,6,True,0,,0,0,,100.0,0,0,0,0,0,0,False,,/mnt/train-ticket-aitest/evomaster/evomaster-config/runtime-logs/classes/ts-assurance-service/none/EvoMaster_ts_assurance_service_none_faults,/mnt/train-ticket-aitest/evomaster/evomaster-config/runtime-logs/classes/ts-assurance-service/none/EvoMaster_ts_assurance_service_none_faults/compile.log,/mnt/train-ticket-aitest/evomaster/evomaster-config/runtime-logs/classes/ts-assurance-service/none/EvoMaster_ts_assurance_service_none_faults/compile_stdout.log,/mnt/train-ticket-aitest/evomaster/evomaster-config/runtime-logs/classes/ts-assurance-service/none/EvoMaster_ts_assurance_service_none_faults/compile_stderr.log,False,True,1,java.lang.AssertionError;test_failure,1,False,8.04,6.29,159.86,"Tests run: 1, Failures: 1, Errors: 0, Skipped: 0",/mnt/train-ticket-aitest/evomaster/evomaster-config/runtime-logs/methods/ts-assurance-service/none/EvoMaster_ts_assurance_service_none_faults/test_0_patchOnAssurReturnsMismatchResponseWithSchema,/mnt/train-ticket-aitest/evomaster/evomaster-config/runtime-logs/methods/ts-assurance-service/none/EvoMaster_ts_assurance_service_none_faults/test_0_patchOnAssurReturnsMismatchResponseWithSchema/run.log,/mnt/train-ticket-aitest/evomaster/evomaster-config/runtime-logs/methods/ts-assurance-service/none/EvoMaster_ts_assurance_service_none_faults/test_0_patchOnAssurReturnsMismatchResponseWithSchema/run_stdout.log,/mnt/train-ticket-aitest/evomaster/evomaster-config/runtime-logs/methods/ts-assurance-service/none/EvoMaster_ts_assurance_service_none_faults/test_0_patchOnAssurReturnsMismatchResponseWithSchema/run_stderr.log
ts-assurance-service,none,EvoMaster_ts-assurance-service_none_faults.java,EvoMaster_ts_assurance_service_none_faults,test_1_patchOnAssurReturnsMismatchResponseWithSchema,False,1,403,/api/v1/assuranceservice/assurances/{assuranceId}/{orderId}/{typeIndex},PATCH,403,.statusCode(403) .assertThat(),2,".patch(baseUrlOfSut + ""/api/v1/assuranceservice/assurances/zBlejk5jK2zJu8/YAQnW0t7Ka701hQR/-376723296"")",,,faults,/mnt/train-ticket-aitest/evomaster/generated-tests/blackbox/ts-assurance-service/none/EvoMaster_ts-assurance-service_none_faults.java,23,6,True,0,,0,0,,100.0,0,0,0,0,0,0,False,,/mnt/train-ticket-aitest/evomaster/evomaster-config/runtime-logs/classes/ts-assurance-service/none/EvoMaster_ts_assurance_service_none_faults,/mnt/train-ticket-aitest/evomaster/evomaster-config/runtime-logs/classes/ts-assurance-service/none/EvoMaster_ts_assurance_service_none_faults/compile.log,/mnt/train-ticket-aitest/evomaster/evomaster-config/runtime-logs/classes/ts-assurance-service/none/EvoMaster_ts_assurance_service_none_faults/compile_stdout.log,/mnt/train-ticket-aitest/evomaster/evomaster-config/runtime-logs/classes/ts-assurance-service/none/EvoMaster_ts_assurance_service_none_faults/compile_stderr.log,False,True,1,java.lang.AssertionError;test_failure,1,False,8.52,6.7,161.49,"Tests run: 1, Failures: 1, Errors: 0, Skipped: 0",/mnt/train-ticket-aitest/evomaster/evomaster-config/runtime-logs/methods/ts-assurance-service/none/EvoMaster_ts_assurance_service_none_faults/test_1_patchOnAssurReturnsMismatchResponseWithSchema,/mnt/train-ticket-aitest/evomaster/evomaster-config/runtime-logs/methods/ts-assurance-service/none/EvoMaster_ts_assurance_service_none_faults/test_1_patchOnAssurReturnsMismatchResponseWithSchema/run.log,/mnt/train-ticket-aitest/evomaster/evomaster-config/runtime-logs/methods/ts-assurance-service/none/EvoMaster_ts_assurance_service_none_faults/test_1_patchOnAssurReturnsMismatchResponseWithSchema/run_stdout.log,/mnt/train-ticket-aitest/evomaster/evomaster-config/runtime-logs/methods/ts-assurance-service/none/EvoMaster_ts_assurance_service_none_faults/test_1_patchOnAssurReturnsMismatchResponseWithSchema/run_stderr.log
ts-assurance-service,user,EvoMaster_ts-assurance-service_user_faults.java,EvoMaster_ts_assurance_service_user_faults,test_0_patchOnAssurReturnsMismatchResponseWithSchema,False,1,400,/api/v1/assuranceservice/assurances/{assuranceId}/{orderId}/{typeIndex},PATCH,400,.statusCode(400) .assertThat(),5,".patch(baseUrlOfSut + ""/api/v1/assuranceservice/assurances/0cWHfLKVigq/SeSKhwtwNQgM/532"")",,".header(""Authorization"", ""Bearer eyJhbGciOiJIUzI1NiJ9.eyJzdWIiOiJmZHNlX21pY3Jvc2VydmljZSIsInJvbGVzIjpbIlJPTEVfVVNFUiJdLCJpZCI6IjRkMmE0NmM3LTcxY2ItNGNmMS1iNWJiLWI2ODQwNmQ5ZGE2ZiIsImlhdCI6MTc3ODQyODg5MCwiZXhwIjoxNzc4NDMyNDkwfQ.m887rWoDCU5HOvw1jl4naisUyWwvBe4Kl2b2o_RROj8"")",faults,/mnt/train-ticket-aitest/evomaster/generated-tests/blackbox/ts-assurance-service/user/EvoMaster_ts-assurance-service_user_faults.java,23,6,True,0,,0,0,,100.0,0,0,0,0,0,0,False,,/mnt/train-ticket-aitest/evomaster/evomaster-config/runtime-logs/classes/ts-assurance-service/user/EvoMaster_ts_assurance_service_user_faults,/mnt/train-ticket-aitest/evomaster/evomaster-config/runtime-logs/classes/ts-assurance-service/user/EvoMaster_ts_assurance_service_user_faults/compile.log,/mnt/train-ticket-aitest/evomaster/evomaster-config/runtime-logs/classes/ts-assurance-service/user/EvoMaster_ts_assurance_service_user_faults/compile_stdout.log,/mnt/train-ticket-aitest/evomaster/evomaster-config/runtime-logs/classes/ts-assurance-service/user/EvoMaster_ts_assurance_service_user_faults/compile_stderr.log,False,True,1,java.lang.AssertionError;test_failure,1,False,8.02,6.58,167.52,"Tests run: 1, Failures: 1, Errors: 0, Skipped: 0",/mnt/train-ticket-aitest/evomaster/evomaster-config/runtime-logs/methods/ts-assurance-service/user/EvoMaster_ts_assurance_service_user_faults/test_0_patchOnAssurReturnsMismatchResponseWithSchema,/mnt/train-ticket-aitest/evomaster/evomaster-config/runtime-logs/methods/ts-assurance-service/user/EvoMaster_ts_assurance_service_user_faults/test_0_patchOnAssurReturnsMismatchResponseWithSchema/run.log,/mnt/train-ticket-aitest/evomaster/evomaster-config/runtime-logs/methods/ts-assurance-service/user/EvoMaster_ts_assurance_service_user_faults/test_0_patchOnAssurReturnsMismatchResponseWithSchema/run_stdout.log,/mnt/train-ticket-aitest/evomaster/evomaster-config/runtime-logs/methods/ts-assurance-service/user/EvoMaster_ts_assurance_service_user_faults/test_0_patchOnAssurReturnsMismatchResponseWithSchema/run_stderr.log
ts-assurance-service,user,EvoMaster_ts-assurance-service_user_faults.java,EvoMaster_ts_assurance_service_user_faults,test_1_patchOnAssurReturnsMismatchResponseWithSchema,False,1,403,/api/v1/assuranceservice/assurances/{assuranceId}/{orderId}/{typeIndex},PATCH,403,.statusCode(403) .assertThat(),2,".patch(baseUrlOfSut + ""/api/v1/assuranceservice/assurances/wzX3Dq47tXBxi6/pPSc/434"")",,,faults,/mnt/train-ticket-aitest/evomaster/generated-tests/blackbox/ts-assurance-service/user/EvoMaster_ts-assurance-service_user_faults.java,23,6,True,0,,0,0,,100.0,0,0,0,0,0,0,False,,/mnt/train-ticket-aitest/evomaster/evomaster-config/runtime-logs/classes/ts-assurance-service/user/EvoMaster_ts_assurance_service_user_faults,/mnt/train-ticket-aitest/evomaster/evomaster-config/runtime-logs/classes/ts-assurance-service/user/EvoMaster_ts_assurance_service_user_faults/compile.log,/mnt/train-ticket-aitest/evomaster/evomaster-config/runtime-logs/classes/ts-assurance-service/user/EvoMaster_ts_assurance_service_user_faults/compile_stdout.log,/mnt/train-ticket-aitest/evomaster/evomaster-config/runtime-logs/classes/ts-assurance-service/user/EvoMaster_ts_assurance_service_user_faults/compile_stderr.log,False,True,1,java.lang.AssertionError;test_failure,1,False,8.06,6.75,155.1,"Tests run: 1, Failures: 1, Errors: 0, Skipped: 0",/mnt/train-ticket-aitest/evomaster/evomaster-config/runtime-logs/methods/ts-assurance-service/user/EvoMaster_ts_assurance_service_user_faults/test_1_patchOnAssurReturnsMismatchResponseWithSchema,/mnt/train-ticket-aitest/evomaster/evomaster-config/runtime-logs/methods/ts-assurance-service/user/EvoMaster_ts_assurance_service_user_faults/test_1_patchOnAssurReturnsMismatchResponseWithSchema/run.log,/mnt/train-ticket-aitest/evomaster/evomaster-config/runtime-logs/methods/ts-assurance-service/user/EvoMaster_ts_assurance_service_user_faults/test_1_patchOnAssurReturnsMismatchResponseWithSchema/run_stdout.log,/mnt/train-ticket-aitest/evomaster/evomaster-config/runtime-logs/methods/ts-assurance-service/user/EvoMaster_ts_assurance_service_user_faults/test_1_patchOnAssurReturnsMismatchResponseWithSchema/run_stderr.log
ts-cancel-service,admin,EvoMaster_ts-cancel-service_admin_faults.java,EvoMaster_ts_cancel_service_admin_faults,test_0_getOnCancelShowsFaults_100_101,False,1,500,/api/v1/cancelservice/cancel/{orderId}/{loginId},GET,500,.statusCode(500) .assertThat(),6,".get(baseUrlOfSut + ""/api/v1/cancelservice/cancel/f6dk2nB/XBOFxQwOX8GDxs"")",,".header(""Authorization"", ""Bearer eyJhbGciOiJIUzI1NiJ9.eyJzdWIiOiJhZG1pbiIsInJvbGVzIjpbIlJPTEVfQURNSU4iXSwiaWQiOiI2ZGNiOGUyZC05ZTE0LTRlZWMtYTJiYy0xZDljZDk0ZWQ1MzMiLCJpYXQiOjE3Nzg0Mjg4OTAsImV4cCI6MTc3ODQzMjQ5MH0.fFYtzH4C6yGrm4i3p_0Ud3oxHXyLyvbL9jB_sNgFBDU"")",faults,/mnt/train-ticket-aitest/evomaster/generated-tests/blackbox/ts-cancel-service/admin/EvoMaster_ts-cancel-service_admin_faults.java,23,6,True,0,,0,0,,100.0,0,0,0,0,0,0,False,,/mnt/train-ticket-aitest/evomaster/evomaster-config/runtime-logs/classes/ts-cancel-service/admin/EvoMaster_ts_cancel_service_admin_faults,/mnt/train-ticket-aitest/evomaster/evomaster-config/runtime-logs/classes/ts-cancel-service/admin/EvoMaster_ts_cancel_service_admin_faults/compile.log,/mnt/train-ticket-aitest/evomaster/evomaster-config/runtime-logs/classes/ts-cancel-service/admin/EvoMaster_ts_cancel_service_admin_faults/compile_stdout.log,/mnt/train-ticket-aitest/evomaster/evomaster-config/runtime-logs/classes/ts-cancel-service/admin/EvoMaster_ts_cancel_service_admin_faults/compile_stderr.log,False,True,1,java.lang.AssertionError;test_failure,1,False,8.02,6.66,155.87,"Tests run: 1, Failures: 1, Errors: 0, Skipped: 0",/mnt/train-ticket-aitest/evomaster/evomaster-config/runtime-logs/methods/ts-cancel-service/admin/EvoMaster_ts_cancel_service_admin_faults/test_0_getOnCancelShowsFaults_100_101,/mnt/train-ticket-aitest/evomaster/evomaster-config/runtime-logs/methods/ts-cancel-service/admin/EvoMaster_ts_cancel_service_admin_faults/test_0_getOnCancelShowsFaults_100_101/run.log,/mnt/train-ticket-aitest/evomaster/evomaster-config/runtime-logs/methods/ts-cancel-service/admin/EvoMaster_ts_cancel_service_admin_faults/test_0_getOnCancelShowsFaults_100_101/run_stdout.log,/mnt/train-ticket-aitest/evomaster/evomaster-config/runtime-logs/methods/ts-cancel-service/admin/EvoMaster_ts_cancel_service_admin_faults/test_0_getOnCancelShowsFaults_100_101/run_stderr.log
ts-cancel-service,none,EvoMaster_ts-cancel-service_none_faults.java,EvoMaster_ts_cancel_service_none_faults,test_0_getOnCancelShowsFaults_100_101,False,1,500,/api/v1/cancelservice/cancel/{orderId}/{loginId},GET,500,.statusCode(500) .assertThat(),6,".get(baseUrlOfSut + ""/api/v1/cancelservice/cancel/1S/XL"")",,,faults,/mnt/train-ticket-aitest/evomaster/generated-tests/blackbox/ts-cancel-service/none/EvoMaster_ts-cancel-service_none_faults.java,23,6,True,0,,0,0,,100.0,0,0,0,0,0,0,False,,/mnt/train-ticket-aitest/evomaster/evomaster-config/runtime-logs/classes/ts-cancel-service/none/EvoMaster_ts_cancel_service_none_faults,/mnt/train-ticket-aitest/evomaster/evomaster-config/runtime-logs/classes/ts-cancel-service/none/EvoMaster_ts_cancel_service_none_faults/compile.log,/mnt/train-ticket-aitest/evomaster/evomaster-config/runtime-logs/classes/ts-cancel-service/none/EvoMaster_ts_cancel_service_none_faults/compile_stdout.log,/mnt/train-ticket-aitest/evomaster/evomaster-config/runtime-logs/classes/ts-cancel-service/none/EvoMaster_ts_cancel_service_none_faults/compile_stderr.log,False,True,1,java.lang.AssertionError;test_failure,1,False,8.02,6.71,161.02,"Tests run: 1, Failures: 1, Errors: 0, Skipped: 0",/mnt/train-ticket-aitest/evomaster/evomaster-config/runtime-logs/methods/ts-cancel-service/none/EvoMaster_ts_cancel_service_none_faults/test_0_getOnCancelShowsFaults_100_101,/mnt/train-ticket-aitest/evomaster/evomaster-config/runtime-logs/methods/ts-cancel-service/none/EvoMaster_ts_cancel_service_none_faults/test_0_getOnCancelShowsFaults_100_101/run.log,/mnt/train-ticket-aitest/evomaster/evomaster-config/runtime-logs/methods/ts-cancel-service/none/EvoMaster_ts_cancel_service_none_faults/test_0_getOnCancelShowsFaults_100_101/run_stdout.log,/mnt/train-ticket-aitest/evomaster/evomaster-config/runtime-logs/methods/ts-cancel-service/none/EvoMaster_ts_cancel_service_none_faults/test_0_getOnCancelShowsFaults_100_101/run_stderr.log
ts-cancel-service,user,EvoMaster_ts-cancel-service_user_faults.java,EvoMaster_ts_cancel_service_user_faults,test_0_getOnCancelShowsFaults_100_101,False,1,500,/api/v1/cancelservice/cancel/{orderId}/{loginId},GET,500,.statusCode(500) .assertThat(),6,".get(baseUrlOfSut + ""/api/v1/cancelservice/cancel/w/NQCuPKC"")",,".header(""Authorization"", ""Bearer eyJhbGciOiJIUzI1NiJ9.eyJzdWIiOiJmZHNlX21pY3Jvc2VydmljZSIsInJvbGVzIjpbIlJPTEVfVVNFUiJdLCJpZCI6IjRkMmE0NmM3LTcxY2ItNGNmMS1iNWJiLWI2ODQwNmQ5ZGE2ZiIsImlhdCI6MTc3ODQyODg5MCwiZXhwIjoxNzc4NDMyNDkwfQ.m887rWoDCU5HOvw1jl4naisUyWwvBe4Kl2b2o_RROj8"")",faults,/mnt/train-ticket-aitest/evomaster/generated-tests/blackbox/ts-cancel-service/user/EvoMaster_ts-cancel-service_user_faults.java,23,6,True,0,,0,0,,100.0,0,0,0,0,0,0,False,,/mnt/train-ticket-aitest/evomaster/evomaster-config/runtime-logs/classes/ts-cancel-service/user/EvoMaster_ts_cancel_service_user_faults,/mnt/train-ticket-aitest/evomaster/evomaster-config/runtime-logs/classes/ts-cancel-service/user/EvoMaster_ts_cancel_service_user_faults/compile.log,/mnt/train-ticket-aitest/evomaster/evomaster-config/runtime-logs/classes/ts-cancel-service/user/EvoMaster_ts_cancel_service_user_faults/compile_stdout.log,/mnt/train-ticket-aitest/evomaster/evomaster-config/runtime-logs/classes/ts-cancel-service/user/EvoMaster_ts_cancel_service_user_faults/compile_stderr.log,False,True,1,java.lang.AssertionError;test_failure,1,False,8.04,6.59,159.76,"Tests run: 1, Failures: 1, Errors: 0, Skipped: 0",/mnt/train-ticket-aitest/evomaster/evomaster-config/runtime-logs/methods/ts-cancel-service/user/EvoMaster_ts_cancel_service_user_faults/test_0_getOnCancelShowsFaults_100_101,/mnt/train-ticket-aitest/evomaster/evomaster-config/runtime-logs/methods/ts-cancel-service/user/EvoMaster_ts_cancel_service_user_faults/test_0_getOnCancelShowsFaults_100_101/run.log,/mnt/train-ticket-aitest/evomaster/evomaster-config/runtime-logs/methods/ts-cancel-service/user/EvoMaster_ts_cancel_service_user_faults/test_0_getOnCancelShowsFaults_100_101/run_stdout.log,/mnt/train-ticket-aitest/evomaster/evomaster-config/runtime-logs/methods/ts-cancel-service/user/EvoMaster_ts_cancel_service_user_faults/test_0_getOnCancelShowsFaults_100_101/run_stderr.log
ts-contacts-service,admin,EvoMaster_ts-contacts-service_admin_faults.java,EvoMaster_ts_contacts_service_admin_faults,test_0_getOnContactsShowsFaults_100_101,False,1,500,/api/v1/contactservice/contacts,GET,500,.statusCode(500) .assertThat(),6,".get(baseUrlOfSut + ""/api/v1/contactservice/contacts"")",,".header(""Authorization"", ""Bearer eyJhbGciOiJIUzI1NiJ9.eyJzdWIiOiJhZG1pbiIsInJvbGVzIjpbIlJPTEVfQURNSU4iXSwiaWQiOiI2ZGNiOGUyZC05ZTE0LTRlZWMtYTJiYy0xZDljZDk0ZWQ1MzMiLCJpYXQiOjE3Nzg0Mjg4OTAsImV4cCI6MTc3ODQzMjQ5MH0.fFYtzH4C6yGrm4i3p_0Ud3oxHXyLyvbL9jB_sNgFBDU"")",faults,/mnt/train-ticket-aitest/evomaster/generated-tests/blackbox/ts-contacts-service/admin/EvoMaster_ts-contacts-service_admin_faults.java,23,6,True,0,,0,0,,100.0,0,0,0,0,0,0,False,,/mnt/train-ticket-aitest/evomaster/evomaster-config/runtime-logs/classes/ts-contacts-service/admin/EvoMaster_ts_contacts_service_admin_faults,/mnt/train-ticket-aitest/evomaster/evomaster-config/runtime-logs/classes/ts-contacts-service/admin/EvoMaster_ts_contacts_service_admin_faults/compile.log,/mnt/train-ticket-aitest/evomaster/evomaster-config/runtime-logs/classes/ts-contacts-service/admin/EvoMaster_ts_contacts_service_admin_faults/compile_stdout.log,/mnt/train-ticket-aitest/evomaster/evomaster-config/runtime-logs/classes/ts-contacts-service/admin/EvoMaster_ts_contacts_service_admin_faults/compile_stderr.log,False,True,1,java.lang.AssertionError;test_failure,1,False,8.02,6.65,154.78,"Tests run: 1, Failures: 1, Errors: 0, Skipped: 0",/mnt/train-ticket-aitest/evomaster/evomaster-config/runtime-logs/methods/ts-contacts-service/admin/EvoMaster_ts_contacts_service_admin_faults/test_0_getOnContactsShowsFaults_100_101,/mnt/train-ticket-aitest/evomaster/evomaster-config/runtime-logs/methods/ts-contacts-service/admin/EvoMaster_ts_contacts_service_admin_faults/test_0_getOnContactsShowsFaults_100_101/run.log,/mnt/train-ticket-aitest/evomaster/evomaster-config/runtime-logs/methods/ts-contacts-service/admin/EvoMaster_ts_contacts_service_admin_faults/test_0_getOnContactsShowsFaults_100_101/run_stdout.log,/mnt/train-ticket-aitest/evomaster/evomaster-config/runtime-logs/methods/ts-contacts-service/admin/EvoMaster_ts_contacts_service_admin_faults/test_0_getOnContactsShowsFaults_100_101/run_stderr.log
ts-contacts-service,admin,EvoMaster_ts-contacts-service_admin_faults.java,EvoMaster_ts_contacts_service_admin_faults,test_1_deleteOnContactShowsFaults_100_101,False,1,500,/api/v1/contactservice/contacts/{contactsId},DELETE,500,.statusCode(500) .assertThat(),6,".delete(baseUrlOfSut + ""/api/v1/contactservice/contacts/9"")",,".header(""Authorization"", ""Bearer eyJhbGciOiJIUzI1NiJ9.eyJzdWIiOiJhZG1pbiIsInJvbGVzIjpbIlJPTEVfQURNSU4iXSwiaWQiOiI2ZGNiOGUyZC05ZTE0LTRlZWMtYTJiYy0xZDljZDk0ZWQ1MzMiLCJpYXQiOjE3Nzg0Mjg4OTAsImV4cCI6MTc3ODQzMjQ5MH0.fFYtzH4C6yGrm4i3p_0Ud3oxHXyLyvbL9jB_sNgFBDU"")",faults,/mnt/train-ticket-aitest/evomaster/generated-tests/blackbox/ts-contacts-service/admin/EvoMaster_ts-contacts-service_admin_faults.java,23,6,True,0,,0,0,,100.0,0,0,0,0,0,0,False,,/mnt/train-ticket-aitest/evomaster/evomaster-config/runtime-logs/classes/ts-contacts-service/admin/EvoMaster_ts_contacts_service_admin_faults,/mnt/train-ticket-aitest/evomaster/evomaster-config/runtime-logs/classes/ts-contacts-service/admin/EvoMaster_ts_contacts_service_admin_faults/compile.log,/mnt/train-ticket-aitest/evomaster/evomaster-config/runtime-logs/classes/ts-contacts-service/admin/EvoMaster_ts_contacts_service_admin_faults/compile_stdout.log,/mnt/train-ticket-aitest/evomaster/evomaster-config/runtime-logs/classes/ts-contacts-service/admin/EvoMaster_ts_contacts_service_admin_faults/compile_stderr.log,False,True,1,java.lang.AssertionError;test_failure,1,False,8.07,7.03,169.05,"Tests run: 1, Failures: 1, Errors: 0, Skipped: 0",/mnt/train-ticket-aitest/evomaster/evomaster-config/runtime-logs/methods/ts-contacts-service/admin/EvoMaster_ts_contacts_service_admin_faults/test_1_deleteOnContactShowsFaults_100_101,/mnt/train-ticket-aitest/evomaster/evomaster-config/runtime-logs/methods/ts-contacts-service/admin/EvoMaster_ts_contacts_service_admin_faults/test_1_deleteOnContactShowsFaults_100_101/run.log,/mnt/train-ticket-aitest/evomaster/evomaster-config/runtime-logs/methods/ts-contacts-service/admin/EvoMaster_ts_contacts_service_admin_faults/test_1_deleteOnContactShowsFaults_100_101/run_stdout.log,/mnt/train-ticket-aitest/evomaster/evomaster-config/runtime-logs/methods/ts-contacts-service/admin/EvoMaster_ts_contacts_service_admin_faults/test_1_deleteOnContactShowsFaults_100_101/run_stderr.log
ts-contacts-service,admin,EvoMaster_ts-contacts-service_admin_faults.java,EvoMaster_ts_contacts_service_admin_faults,test_2_deleteOnContactReturnsMismatchResponseWithSchema,False,1,200,/api/v1/contactservice/contacts/{contactsId},DELETE,200,.statusCode(200) .assertThat(),5,".delete(baseUrlOfSut + ""/api/v1/contactservice/contacts/lbHECH"")",,".header(""Authorization"", ""Bearer eyJhbGciOiJIUzI1NiJ9.eyJzdWIiOiJhZG1pbiIsInJvbGVzIjpbIlJPTEVfQURNSU4iXSwiaWQiOiI2ZGNiOGUyZC05ZTE0LTRlZWMtYTJiYy0xZDljZDk0ZWQ1MzMiLCJpYXQiOjE3Nzg0Mjg4OTAsImV4cCI6MTc3ODQzMjQ5MH0.fFYtzH4C6yGrm4i3p_0Ud3oxHXyLyvbL9jB_sNgFBDU"")",faults,/mnt/train-ticket-aitest/evomaster/generated-tests/blackbox/ts-contacts-service/admin/EvoMaster_ts-contacts-service_admin_faults.java,23,6,True,0,,0,0,,100.0,0,0,0,0,0,0,False,,/mnt/train-ticket-aitest/evomaster/evomaster-config/runtime-logs/classes/ts-contacts-service/admin/EvoMaster_ts_contacts_service_admin_faults,/mnt/train-ticket-aitest/evomaster/evomaster-config/runtime-logs/classes/ts-contacts-service/admin/EvoMaster_ts_contacts_service_admin_faults/compile.log,/mnt/train-ticket-aitest/evomaster/evomaster-config/runtime-logs/classes/ts-contacts-service/admin/EvoMaster_ts_contacts_service_admin_faults/compile_stdout.log,/mnt/train-ticket-aitest/evomaster/evomaster-config/runtime-logs/classes/ts-contacts-service/admin/EvoMaster_ts_contacts_service_admin_faults/compile_stderr.log,True,True,0,,0,False,9.08,6.51,155.53,Test passed (detected via Surefire XML),/mnt/train-ticket-aitest/evomaster/evomaster-config/runtime-logs/methods/ts-contacts-service/admin/EvoMaster_ts_contacts_service_admin_faults/test_2_deleteOnContactReturnsMismatchResponseWithSchema,/mnt/train-ticket-aitest/evomaster/evomaster-config/runtime-logs/methods/ts-contacts-service/admin/EvoMaster_ts_contacts_service_admin_faults/test_2_deleteOnContactReturnsMismatchResponseWithSchema/run.log,/mnt/train-ticket-aitest/evomaster/evomaster-config/runtime-logs/methods/ts-contacts-service/admin/EvoMaster_ts_contacts_service_admin_faults/test_2_deleteOnContactReturnsMismatchResponseWithSchema/run_stdout.log,/mnt/train-ticket-aitest/evomaster/evomaster-config/runtime-logs/methods/ts-contacts-service/admin/EvoMaster_ts_contacts_service_admin_faults/test_2_deleteOnContactReturnsMismatchResponseWithSchema/run_stderr.log
ts-contacts-service,admin,EvoMaster_ts-contacts-service_admin_faults.java,EvoMaster_ts_contacts_service_admin_faults,test_3_deleteOnContactReturnsMismatchResponseWithSchema,False,1,403,/api/v1/contactservice/contacts/{contactsId},DELETE,403,.statusCode(403) .assertThat(),2,".delete(baseUrlOfSut + ""/api/v1/contactservice/contacts/6Slm"")",,,faults,/mnt/train-ticket-aitest/evomaster/generated-tests/blackbox/ts-contacts-service/admin/EvoMaster_ts-contacts-service_admin_faults.java,23,6,True,0,,0,0,,100.0,0,0,0,0,0,0,False,,/mnt/train-ticket-aitest/evomaster/evomaster-config/runtime-logs/classes/ts-contacts-service/admin/EvoMaster_ts_contacts_service_admin_faults,/mnt/train-ticket-aitest/evomaster/evomaster-config/runtime-logs/classes/ts-contacts-service/admin/EvoMaster_ts_contacts_service_admin_faults/compile.log,/mnt/train-ticket-aitest/evomaster/evomaster-config/runtime-logs/classes/ts-contacts-service/admin/EvoMaster_ts_contacts_service_admin_faults/compile_stdout.log,/mnt/train-ticket-aitest/evomaster/evomaster-config/runtime-logs/classes/ts-contacts-service/admin/EvoMaster_ts_contacts_service_admin_faults/compile_stderr.log,True,True,0,,0,False,8.52,7.35,162.75,Test passed (detected via Surefire XML),/mnt/train-ticket-aitest/evomaster/evomaster-config/runtime-logs/methods/ts-contacts-service/admin/EvoMaster_ts_contacts_service_admin_faults/test_3_deleteOnContactReturnsMismatchResponseWithSchema,/mnt/train-ticket-aitest/evomaster/evomaster-config/runtime-logs/methods/ts-contacts-service/admin/EvoMaster_ts_contacts_service_admin_faults/test_3_deleteOnContactReturnsMismatchResponseWithSchema/run.log,/mnt/train-ticket-aitest/evomaster/evomaster-config/runtime-logs/methods/ts-contacts-service/admin/EvoMaster_ts_contacts_service_admin_faults/test_3_deleteOnContactReturnsMismatchResponseWithSchema/run_stdout.log,/mnt/train-ticket-aitest/evomaster/evomaster-config/runtime-logs/methods/ts-contacts-service/admin/EvoMaster_ts_contacts_service_admin_faults/test_3_deleteOnContactReturnsMismatchResponseWithSchema/run_stderr.log
ts-contacts-service,none,EvoMaster_ts-contacts-service_none_faults.java,EvoMaster_ts_contacts_service_none_faults,test_0_getOnContactsShowsFaults_100_101,False,1,500,/api/v1/contactservice/contacts,GET,500,.statusCode(500) .assertThat(),6,".get(baseUrlOfSut + ""/api/v1/contactservice/contacts"")",,,faults,/mnt/train-ticket-aitest/evomaster/generated-tests/blackbox/ts-contacts-service/none/EvoMaster_ts-contacts-service_none_faults.java,23,6,True,0,,0,0,,100.0,0,0,0,0,0,0,False,,/mnt/train-ticket-aitest/evomaster/evomaster-config/runtime-logs/classes/ts-contacts-service/none/EvoMaster_ts_contacts_service_none_faults,/mnt/train-ticket-aitest/evomaster/evomaster-config/runtime-logs/classes/ts-contacts-service/none/EvoMaster_ts_contacts_service_none_faults/compile.log,/mnt/train-ticket-aitest/evomaster/evomaster-config/runtime-logs/classes/ts-contacts-service/none/EvoMaster_ts_contacts_service_none_faults/compile_stdout.log,/mnt/train-ticket-aitest/evomaster/evomaster-config/runtime-logs/classes/ts-contacts-service/none/EvoMaster_ts_contacts_service_none_faults/compile_stderr.log,False,True,1,java.lang.AssertionError;test_failure,1,False,8.02,6.6,151.96,"Tests run: 1, Failures: 1, Errors: 0, Skipped: 0",/mnt/train-ticket-aitest/evomaster/evomaster-config/runtime-logs/methods/ts-contacts-service/none/EvoMaster_ts_contacts_service_none_faults/test_0_getOnContactsShowsFaults_100_101,/mnt/train-ticket-aitest/evomaster/evomaster-config/runtime-logs/methods/ts-contacts-service/none/EvoMaster_ts_contacts_service_none_faults/test_0_getOnContactsShowsFaults_100_101/run.log,/mnt/train-ticket-aitest/evomaster/evomaster-config/runtime-logs/methods/ts-contacts-service/none/EvoMaster_ts_contacts_service_none_faults/test_0_getOnContactsShowsFaults_100_101/run_stdout.log,/mnt/train-ticket-aitest/evomaster/evomaster-config/runtime-logs/methods/ts-contacts-service/none/EvoMaster_ts_contacts_service_none_faults/test_0_getOnContactsShowsFaults_100_101/run_stderr.log
ts-contacts-service,none,EvoMaster_ts-contacts-service_none_faults.java,EvoMaster_ts_contacts_service_none_faults,test_1_getOnContactsReturnsMismatchResponseWithSchema,False,1,403,/api/v1/contactservice/contacts,GET,403,.statusCode(403) .assertThat(),2,".get(baseUrlOfSut + ""/api/v1/contactservice/contacts"")",,,faults,/mnt/train-ticket-aitest/evomaster/generated-tests/blackbox/ts-contacts-service/none/EvoMaster_ts-contacts-service_none_faults.java,23,6,True,0,,0,0,,100.0,0,0,0,0,0,0,False,,/mnt/train-ticket-aitest/evomaster/evomaster-config/runtime-logs/classes/ts-contacts-service/none/EvoMaster_ts_contacts_service_none_faults,/mnt/train-ticket-aitest/evomaster/evomaster-config/runtime-logs/classes/ts-contacts-service/none/EvoMaster_ts_contacts_service_none_faults/compile.log,/mnt/train-ticket-aitest/evomaster/evomaster-config/runtime-logs/classes/ts-contacts-service/none/EvoMaster_ts_contacts_service_none_faults/compile_stdout.log,/mnt/train-ticket-aitest/evomaster/evomaster-config/runtime-logs/classes/ts-contacts-service/none/EvoMaster_ts_contacts_service_none_faults/compile_stderr.log,True,True,0,,0,False,7.52,6.6,155.77,Test passed (detected via Surefire XML),/mnt/train-ticket-aitest/evomaster/evomaster-config/runtime-logs/methods/ts-contacts-service/none/EvoMaster_ts_contacts_service_none_faults/test_1_getOnContactsReturnsMismatchResponseWithSchema,/mnt/train-ticket-aitest/evomaster/evomaster-config/runtime-logs/methods/ts-contacts-service/none/EvoMaster_ts_contacts_service_none_faults/test_1_getOnContactsReturnsMismatchResponseWithSchema/run.log,/mnt/train-ticket-aitest/evomaster/evomaster-config/runtime-logs/methods/ts-contacts-service/none/EvoMaster_ts_contacts_service_none_faults/test_1_getOnContactsReturnsMismatchResponseWithSchema/run_stdout.log,/mnt/train-ticket-aitest/evomaster/evomaster-config/runtime-logs/methods/ts-contacts-service/none/EvoMaster_ts_contacts_service_none_faults/test_1_getOnContactsReturnsMismatchResponseWithSchema/run_stderr.log
ts-contacts-service,none,EvoMaster_ts-contacts-service_none_faults.java,EvoMaster_ts_contacts_service_none_faults,test_2_deleteOnContactShowsFaults_100_101,False,1,500,/api/v1/contactservice/contacts/{contactsId},DELETE,500,.statusCode(500) .assertThat(),6,".delete(baseUrlOfSut + ""/api/v1/contactservice/contacts/2_XIYWb"")",,,faults,/mnt/train-ticket-aitest/evomaster/generated-tests/blackbox/ts-contacts-service/none/EvoMaster_ts-contacts-service_none_faults.java,23,6,True,0,,0,0,,100.0,0,0,0,0,0,0,False,,/mnt/train-ticket-aitest/evomaster/evomaster-config/runtime-logs/classes/ts-contacts-service/none/EvoMaster_ts_contacts_service_none_faults,/mnt/train-ticket-aitest/evomaster/evomaster-config/runtime-logs/classes/ts-contacts-service/none/EvoMaster_ts_contacts_service_none_faults/compile.log,/mnt/train-ticket-aitest/evomaster/evomaster-config/runtime-logs/classes/ts-contacts-service/none/EvoMaster_ts_contacts_service_none_faults/compile_stdout.log,/mnt/train-ticket-aitest/evomaster/evomaster-config/runtime-logs/classes/ts-contacts-service/none/EvoMaster_ts_contacts_service_none_faults/compile_stderr.log,False,True,1,java.lang.AssertionError;test_failure,1,False,8.03,6.54,159.82,"Tests run: 1, Failures: 1, Errors: 0, Skipped: 0",/mnt/train-ticket-aitest/evomaster/evomaster-config/runtime-logs/methods/ts-contacts-service/none/EvoMaster_ts_contacts_service_none_faults/test_2_deleteOnContactShowsFaults_100_101,/mnt/train-ticket-aitest/evomaster/evomaster-config/runtime-logs/methods/ts-contacts-service/none/EvoMaster_ts_contacts_service_none_faults/test_2_deleteOnContactShowsFaults_100_101/run.log,/mnt/train-ticket-aitest/evomaster/evomaster-config/runtime-logs/methods/ts-contacts-service/none/EvoMaster_ts_contacts_service_none_faults/test_2_deleteOnContactShowsFaults_100_101/run_stdout.log,/mnt/train-ticket-aitest/evomaster/evomaster-config/runtime-logs/methods/ts-contacts-service/none/EvoMaster_ts_contacts_service_none_faults/test_2_deleteOnContactShowsFaults_100_101/run_stderr.log
ts-contacts-service,user,EvoMaster_ts-contacts-service_user_faults.java,EvoMaster_ts_contacts_service_user_faults,test_0_getOnContactsShowsFaults_100_101,False,1,500,/api/v1/contactservice/contacts,GET,500,.statusCode(500) .assertThat(),6,".get(baseUrlOfSut + ""/api/v1/contactservice/contacts"")",,".header(""Authorization"", ""Bearer eyJhbGciOiJIUzI1NiJ9.eyJzdWIiOiJmZHNlX21pY3Jvc2VydmljZSIsInJvbGVzIjpbIlJPTEVfVVNFUiJdLCJpZCI6IjRkMmE0NmM3LTcxY2ItNGNmMS1iNWJiLWI2ODQwNmQ5ZGE2ZiIsImlhdCI6MTc3ODQyODg5MCwiZXhwIjoxNzc4NDMyNDkwfQ.m887rWoDCU5HOvw1jl4naisUyWwvBe4Kl2b2o_RROj8"")",faults,/mnt/train-ticket-aitest/evomaster/generated-tests/blackbox/ts-contacts-service/user/EvoMaster_ts-contacts-service_user_faults.java,23,6,True,0,,0,0,,100.0,0,0,0,0,0,0,False,,/mnt/train-ticket-aitest/evomaster/evomaster-config/runtime-logs/classes/ts-contacts-service/user/EvoMaster_ts_contacts_service_user_faults,/mnt/train-ticket-aitest/evomaster/evomaster-config/runtime-logs/classes/ts-contacts-service/user/EvoMaster_ts_contacts_service_user_faults/compile.log,/mnt/train-ticket-aitest/evomaster/evomaster-config/runtime-logs/classes/ts-contacts-service/user/EvoMaster_ts_contacts_service_user_faults/compile_stdout.log,/mnt/train-ticket-aitest/evomaster/evomaster-config/runtime-logs/classes/ts-contacts-service/user/EvoMaster_ts_contacts_service_user_faults/compile_stderr.log,False,True,1,java.lang.AssertionError;test_failure,1,False,8.03,7.17,175.56,"Tests run: 1, Failures: 1, Errors: 0, Skipped: 0",/mnt/train-ticket-aitest/evomaster/evomaster-config/runtime-logs/methods/ts-contacts-service/user/EvoMaster_ts_contacts_service_user_faults/test_0_getOnContactsShowsFaults_100_101,/mnt/train-ticket-aitest/evomaster/evomaster-config/runtime-logs/methods/ts-contacts-service/user/EvoMaster_ts_contacts_service_user_faults/test_0_getOnContactsShowsFaults_100_101/run.log,/mnt/train-ticket-aitest/evomaster/evomaster-config/runtime-logs/methods/ts-contacts-service/user/EvoMaster_ts_contacts_service_user_faults/test_0_getOnContactsShowsFaults_100_101/run_stdout.log,/mnt/train-ticket-aitest/evomaster/evomaster-config/runtime-logs/methods/ts-contacts-service/user/EvoMaster_ts_contacts_service_user_faults/test_0_getOnContactsShowsFaults_100_101/run_stderr.log
ts-contacts-service,user,EvoMaster_ts-contacts-service_user_faults.java,EvoMaster_ts_contacts_service_user_faults,test_1_deleteOnContactShowsFaults_100_101,False,1,500,/api/v1/contactservice/contacts/{contactsId},DELETE,500,.statusCode(500) .assertThat(),6,".delete(baseUrlOfSut + ""/api/v1/contactservice/contacts/8"")",,,faults,/mnt/train-ticket-aitest/evomaster/generated-tests/blackbox/ts-contacts-service/user/EvoMaster_ts-contacts-service_user_faults.java,23,6,True,0,,0,0,,100.0,0,0,0,0,0,0,False,,/mnt/train-ticket-aitest/evomaster/evomaster-config/runtime-logs/classes/ts-contacts-service/user/EvoMaster_ts_contacts_service_user_faults,/mnt/train-ticket-aitest/evomaster/evomaster-config/runtime-logs/classes/ts-contacts-service/user/EvoMaster_ts_contacts_service_user_faults/compile.log,/mnt/train-ticket-aitest/evomaster/evomaster-config/runtime-logs/classes/ts-contacts-service/user/EvoMaster_ts_contacts_service_user_faults/compile_stdout.log,/mnt/train-ticket-aitest/evomaster/evomaster-config/runtime-logs/classes/ts-contacts-service/user/EvoMaster_ts_contacts_service_user_faults/compile_stderr.log,False,True,1,java.lang.AssertionError;test_failure,1,False,8.13,6.46,155.4,"Tests run: 1, Failures: 1, Errors: 0, Skipped: 0",/mnt/train-ticket-aitest/evomaster/evomaster-config/runtime-logs/methods/ts-contacts-service/user/EvoMaster_ts_contacts_service_user_faults/test_1_deleteOnContactShowsFaults_100_101,/mnt/train-ticket-aitest/evomaster/evomaster-config/runtime-logs/methods/ts-contacts-service/user/EvoMaster_ts_contacts_service_user_faults/test_1_deleteOnContactShowsFaults_100_101/run.log,/mnt/train-ticket-aitest/evomaster/evomaster-config/runtime-logs/methods/ts-contacts-service/user/EvoMaster_ts_contacts_service_user_faults/test_1_deleteOnContactShowsFaults_100_101/run_stdout.log,/mnt/train-ticket-aitest/evomaster/evomaster-config/runtime-logs/methods/ts-contacts-service/user/EvoMaster_ts_contacts_service_user_faults/test_1_deleteOnContactShowsFaults_100_101/run_stderr.log
ts-contacts-service,user,EvoMaster_ts-contacts-service_user_faults.java,EvoMaster_ts_contacts_service_user_faults,test_2_deleteOnContactReturnsMismatchResponseWithSchema,False,1,200,/api/v1/contactservice/contacts/{contactsId},DELETE,200,.statusCode(200) .assertThat(),5,".delete(baseUrlOfSut + ""/api/v1/contactservice/contacts/i1t7U5KuZ"")",,".header(""Authorization"", ""Bearer eyJhbGciOiJIUzI1NiJ9.eyJzdWIiOiJmZHNlX21pY3Jvc2VydmljZSIsInJvbGVzIjpbIlJPTEVfVVNFUiJdLCJpZCI6IjRkMmE0NmM3LTcxY2ItNGNmMS1iNWJiLWI2ODQwNmQ5ZGE2ZiIsImlhdCI6MTc3ODQyODg5MCwiZXhwIjoxNzc4NDMyNDkwfQ.m887rWoDCU5HOvw1jl4naisUyWwvBe4Kl2b2o_RROj8"")",faults,/mnt/train-ticket-aitest/evomaster/generated-tests/blackbox/ts-contacts-service/user/EvoMaster_ts-contacts-service_user_faults.java,23,6,True,0,,0,0,,100.0,0,0,0,0,0,0,False,,/mnt/train-ticket-aitest/evomaster/evomaster-config/runtime-logs/classes/ts-contacts-service/user/EvoMaster_ts_contacts_service_user_faults,/mnt/train-ticket-aitest/evomaster/evomaster-config/runtime-logs/classes/ts-contacts-service/user/EvoMaster_ts_contacts_service_user_faults/compile.log,/mnt/train-ticket-aitest/evomaster/evomaster-config/runtime-logs/classes/ts-contacts-service/user/EvoMaster_ts_contacts_service_user_faults/compile_stdout.log,/mnt/train-ticket-aitest/evomaster/evomaster-config/runtime-logs/classes/ts-contacts-service/user/EvoMaster_ts_contacts_service_user_faults/compile_stderr.log,True,True,0,,0,False,9.07,6.52,155.12,Test passed (detected via Surefire XML),/mnt/train-ticket-aitest/evomaster/evomaster-config/runtime-logs/methods/ts-contacts-service/user/EvoMaster_ts_contacts_service_user_faults/test_2_deleteOnContactReturnsMismatchResponseWithSchema,/mnt/train-ticket-aitest/evomaster/evomaster-config/runtime-logs/methods/ts-contacts-service/user/EvoMaster_ts_contacts_service_user_faults/test_2_deleteOnContactReturnsMismatchResponseWithSchema/run.log,/mnt/train-ticket-aitest/evomaster/evomaster-config/runtime-logs/methods/ts-contacts-service/user/EvoMaster_ts_contacts_service_user_faults/test_2_deleteOnContactReturnsMismatchResponseWithSchema/run_stdout.log,/mnt/train-ticket-aitest/evomaster/evomaster-config/runtime-logs/methods/ts-contacts-service/user/EvoMaster_ts_contacts_service_user_faults/test_2_deleteOnContactReturnsMismatchResponseWithSchema/run_stderr.log
ts-inside-payment-service,admin,EvoMaster_ts-inside-payment-service_admin_faults.java,EvoMaster_ts_inside_payment_service_admin_faults,test_0_postOnAccountShowsFaults_100_101,False,1,500,/api/v1/inside_pay_service/inside_payment/account,POST,500,.statusCode(500) .assertThat(),6,".post(baseUrlOfSut + ""/api/v1/inside_pay_service/inside_payment/account"")",".body("" { } "")",".header(""Authorization"", ""Bearer eyJhbGciOiJIUzI1NiJ9.eyJzdWIiOiJhZG1pbiIsInJvbGVzIjpbIlJPTEVfQURNSU4iXSwiaWQiOiI2ZGNiOGUyZC05ZTE0LTRlZWMtYTJiYy0xZDljZDk0ZWQ1MzMiLCJpYXQiOjE3Nzg0Mjg4OTAsImV4cCI6MTc3ODQzMjQ5MH0.fFYtzH4C6yGrm4i3p_0Ud3oxHXyLyvbL9jB_sNgFBDU"")",faults,/mnt/train-ticket-aitest/evomaster/generated-tests/blackbox/ts-inside-payment-service/admin/EvoMaster_ts-inside-payment-service_admin_faults.java,23,6,True,0,,0,0,,100.0,0,0,0,0,0,0,False,,/mnt/train-ticket-aitest/evomaster/evomaster-config/runtime-logs/classes/ts-inside-payment-service/admin/EvoMaster_ts_inside_payment_service_admin_faults,/mnt/train-ticket-aitest/evomaster/evomaster-config/runtime-logs/classes/ts-inside-payment-service/admin/EvoMaster_ts_inside_payment_service_admin_faults/compile.log,/mnt/train-ticket-aitest/evomaster/evomaster-config/runtime-logs/classes/ts-inside-payment-service/admin/EvoMaster_ts_inside_payment_service_admin_faults/compile_stdout.log,/mnt/train-ticket-aitest/evomaster/evomaster-config/runtime-logs/classes/ts-inside-payment-service/admin/EvoMaster_ts_inside_payment_service_admin_faults/compile_stderr.log,False,True,1,java.lang.AssertionError;test_failure,1,False,9.05,6.71,154.93,"Tests run: 1, Failures: 1, Errors: 0, Skipped: 0",/mnt/train-ticket-aitest/evomaster/evomaster-config/runtime-logs/methods/ts-inside-payment-service/admin/EvoMaster_ts_inside_payment_service_admin_faults/test_0_postOnAccountShowsFaults_100_101,/mnt/train-ticket-aitest/evomaster/evomaster-config/runtime-logs/methods/ts-inside-payment-service/admin/EvoMaster_ts_inside_payment_service_admin_faults/test_0_postOnAccountShowsFaults_100_101/run.log,/mnt/train-ticket-aitest/evomaster/evomaster-config/runtime-logs/methods/ts-inside-payment-service/admin/EvoMaster_ts_inside_payment_service_admin_faults/test_0_postOnAccountShowsFaults_100_101/run_stdout.log,/mnt/train-ticket-aitest/evomaster/evomaster-config/runtime-logs/methods/ts-inside-payment-service/admin/EvoMaster_ts_inside_payment_service_admin_faults/test_0_postOnAccountShowsFaults_100_101/run_stderr.log
ts-inside-payment-service,admin,EvoMaster_ts-inside-payment-service_admin_faults.java,EvoMaster_ts_inside_payment_service_admin_faults,test_1_postOnAccountReturnsMismatchResponseWithSchema,False,1,200,/api/v1/inside_pay_service/inside_payment/account,POST,200,.statusCode(200) .assertThat(),5,".post(baseUrlOfSut + ""/api/v1/inside_pay_service/inside_payment/account"")",".body("" { "" + 
                    "" \""userId\"" : \""htl7lcGS3u\"", "" + 
                    "" \""money\"" : \""66VV\"" "" + 
                    "" } "")",".header(""Authorization"", ""Bearer eyJhbGciOiJIUzI1NiJ9.eyJzdWIiOiJhZG1pbiIsInJvbGVzIjpbIlJPTEVfQURNSU4iXSwiaWQiOiI2ZGNiOGUyZC05ZTE0LTRlZWMtYTJiYy0xZDljZDk0ZWQ1MzMiLCJpYXQiOjE3Nzg0Mjg4OTAsImV4cCI6MTc3ODQzMjQ5MH0.fFYtzH4C6yGrm4i3p_0Ud3oxHXyLyvbL9jB_sNgFBDU"")",faults,/mnt/train-ticket-aitest/evomaster/generated-tests/blackbox/ts-inside-payment-service/admin/EvoMaster_ts-inside-payment-service_admin_faults.java,23,6,True,0,,0,0,,100.0,0,0,0,0,0,0,False,,/mnt/train-ticket-aitest/evomaster/evomaster-config/runtime-logs/classes/ts-inside-payment-service/admin/EvoMaster_ts_inside_payment_service_admin_faults,/mnt/train-ticket-aitest/evomaster/evomaster-config/runtime-logs/classes/ts-inside-payment-service/admin/EvoMaster_ts_inside_payment_service_admin_faults/compile.log,/mnt/train-ticket-aitest/evomaster/evomaster-config/runtime-logs/classes/ts-inside-payment-service/admin/EvoMaster_ts_inside_payment_service_admin_faults/compile_stdout.log,/mnt/train-ticket-aitest/evomaster/evomaster-config/runtime-logs/classes/ts-inside-payment-service/admin/EvoMaster_ts_inside_payment_service_admin_faults/compile_stderr.log,False,True,1,java.lang.AssertionError;test_failure,1,False,9.52,6.8,157.33,"Tests run: 1, Failures: 1, Errors: 0, Skipped: 0",/mnt/train-ticket-aitest/evomaster/evomaster-config/runtime-logs/methods/ts-inside-payment-service/admin/EvoMaster_ts_inside_payment_service_admin_faults/test_1_postOnAccountReturnsMismatchResponseWithSchema,/mnt/train-ticket-aitest/evomaster/evomaster-config/runtime-logs/methods/ts-inside-payment-service/admin/EvoMaster_ts_inside_payment_service_admin_faults/test_1_postOnAccountReturnsMismatchResponseWithSchema/run.log,/mnt/train-ticket-aitest/evomaster/evomaster-config/runtime-logs/methods/ts-inside-payment-service/admin/EvoMaster_ts_inside_payment_service_admin_faults/test_1_postOnAccountReturnsMismatchResponseWithSchema/run_stdout.log,/mnt/train-ticket-aitest/evomaster/evomaster-config/runtime-logs/methods/ts-inside-payment-service/admin/EvoMaster_ts_inside_payment_service_admin_faults/test_1_postOnAccountReturnsMismatchResponseWithSchema/run_stderr.log
ts-inside-payment-service,admin,EvoMaster_ts-inside-payment-service_admin_faults.java,EvoMaster_ts_inside_payment_service_admin_faults,test_2_postOnAccountReturnsMismatchResponseWithSchema,False,1,403,/api/v1/inside_pay_service/inside_payment/account,POST,403,.statusCode(403) .assertThat(),2,".post(baseUrlOfSut + ""/api/v1/inside_pay_service/inside_payment/account"")",".body("" { "" + 
                    "" \""userId\"" : \""ge2UwoN\"" "" + 
                    "" } "")",".header(""Authorization"", ""Bearer eyJhbGciOiJIUzI1NiJ9.eyJzdWIiOiJhZG1pbiIsInJvbGVzIjpbIlJPTEVfQURNSU4iXSwiaWQiOiI2ZGNiOGUyZC05ZTE0LTRlZWMtYTJiYy0xZDljZDk0ZWQ1MzMiLCJpYXQiOjE3Nzg0Mjg4OTAsImV4cCI6MTc3ODQzMjQ5MH0.fFYtzH4C6yGrm4i3p_0Ud3oxHXyLyvbL9jB_sNgFBDU"")",faults,/mnt/train-ticket-aitest/evomaster/generated-tests/blackbox/ts-inside-payment-service/admin/EvoMaster_ts-inside-payment-service_admin_faults.java,23,6,True,0,,0,0,,100.0,0,0,0,0,0,0,False,,/mnt/train-ticket-aitest/evomaster/evomaster-config/runtime-logs/classes/ts-inside-payment-service/admin/EvoMaster_ts_inside_payment_service_admin_faults,/mnt/train-ticket-aitest/evomaster/evomaster-config/runtime-logs/classes/ts-inside-payment-service/admin/EvoMaster_ts_inside_payment_service_admin_faults/compile.log,/mnt/train-ticket-aitest/evomaster/evomaster-config/runtime-logs/classes/ts-inside-payment-service/admin/EvoMaster_ts_inside_payment_service_admin_faults/compile_stdout.log,/mnt/train-ticket-aitest/evomaster/evomaster-config/runtime-logs/classes/ts-inside-payment-service/admin/EvoMaster_ts_inside_payment_service_admin_faults/compile_stderr.log,True,True,0,,0,False,8.64,7.25,170.08,Test passed (detected via Surefire XML),/mnt/train-ticket-aitest/evomaster/evomaster-config/runtime-logs/methods/ts-inside-payment-service/admin/EvoMaster_ts_inside_payment_service_admin_faults/test_2_postOnAccountReturnsMismatchResponseWithSchema,/mnt/train-ticket-aitest/evomaster/evomaster-config/runtime-logs/methods/ts-inside-payment-service/admin/EvoMaster_ts_inside_payment_service_admin_faults/test_2_postOnAccountReturnsMismatchResponseWithSchema/run.log,/mnt/train-ticket-aitest/evomaster/evomaster-config/runtime-logs/methods/ts-inside-payment-service/admin/EvoMaster_ts_inside_payment_service_admin_faults/test_2_postOnAccountReturnsMismatchResponseWithSchema/run_stdout.log,/mnt/train-ticket-aitest/evomaster/evomaster-config/runtime-logs/methods/ts-inside-payment-service/admin/EvoMaster_ts_inside_payment_service_admin_faults/test_2_postOnAccountReturnsMismatchResponseWithSchema/run_stderr.log
ts-inside-payment-service,admin,EvoMaster_ts-inside-payment-service_admin_faults.java,EvoMaster_ts_inside_payment_service_admin_faults,test_3_postOnAccountReturnsMismatchResponseWithSchema,False,1,403,/api/v1/inside_pay_service/inside_payment/account,POST,403,.statusCode(403) .assertThat(),2,".post(baseUrlOfSut + ""/api/v1/inside_pay_service/inside_payment/account"")",".body("" { "" + 
                    "" \""userId\"" : \""WJoQkImfhRT\"" "" + 
                    "" } "")",,faults,/mnt/train-ticket-aitest/evomaster/generated-tests/blackbox/ts-inside-payment-service/admin/EvoMaster_ts-inside-payment-service_admin_faults.java,23,6,True,0,,0,0,,100.0,0,0,0,0,0,0,False,,/mnt/train-ticket-aitest/evomaster/evomaster-config/runtime-logs/classes/ts-inside-payment-service/admin/EvoMaster_ts_inside_payment_service_admin_faults,/mnt/train-ticket-aitest/evomaster/evomaster-config/runtime-logs/classes/ts-inside-payment-service/admin/EvoMaster_ts_inside_payment_service_admin_faults/compile.log,/mnt/train-ticket-aitest/evomaster/evomaster-config/runtime-logs/classes/ts-inside-payment-service/admin/EvoMaster_ts_inside_payment_service_admin_faults/compile_stdout.log,/mnt/train-ticket-aitest/evomaster/evomaster-config/runtime-logs/classes/ts-inside-payment-service/admin/EvoMaster_ts_inside_payment_service_admin_faults/compile_stderr.log,True,True,0,,0,False,9.81,6.92,156.43,Test passed (detected via Surefire XML),/mnt/train-ticket-aitest/evomaster/evomaster-config/runtime-logs/methods/ts-inside-payment-service/admin/EvoMaster_ts_inside_payment_service_admin_faults/test_3_postOnAccountReturnsMismatchResponseWithSchema,/mnt/train-ticket-aitest/evomaster/evomaster-config/runtime-logs/methods/ts-inside-payment-service/admin/EvoMaster_ts_inside_payment_service_admin_faults/test_3_postOnAccountReturnsMismatchResponseWithSchema/run.log,/mnt/train-ticket-aitest/evomaster/evomaster-config/runtime-logs/methods/ts-inside-payment-service/admin/EvoMaster_ts_inside_payment_service_admin_faults/test_3_postOnAccountReturnsMismatchResponseWithSchema/run_stdout.log,/mnt/train-ticket-aitest/evomaster/evomaster-config/runtime-logs/methods/ts-inside-payment-service/admin/EvoMaster_ts_inside_payment_service_admin_faults/test_3_postOnAccountReturnsMismatchResponseWithSchema/run_stderr.log
ts-inside-payment-service,none,EvoMaster_ts-inside-payment-service_none_faults.java,EvoMaster_ts_inside_payment_service_none_faults,test_0_postOnAccountShowsFaults_100_101,False,1,500,/api/v1/inside_pay_service/inside_payment/account,POST,500,.statusCode(500) .assertThat(),6,".post(baseUrlOfSut + ""/api/v1/inside_pay_service/inside_payment/account"")",".body("" { "" + 
                    "" \""money\"" : \""\"" "" + 
                    "" } "")",,faults,/mnt/train-ticket-aitest/evomaster/generated-tests/blackbox/ts-inside-payment-service/none/EvoMaster_ts-inside-payment-service_none_faults.java,23,6,True,0,,0,0,,100.0,0,0,0,0,0,0,False,,/mnt/train-ticket-aitest/evomaster/evomaster-config/runtime-logs/classes/ts-inside-payment-service/none/EvoMaster_ts_inside_payment_service_none_faults,/mnt/train-ticket-aitest/evomaster/evomaster-config/runtime-logs/classes/ts-inside-payment-service/none/EvoMaster_ts_inside_payment_service_none_faults/compile.log,/mnt/train-ticket-aitest/evomaster/evomaster-config/runtime-logs/classes/ts-inside-payment-service/none/EvoMaster_ts_inside_payment_service_none_faults/compile_stdout.log,/mnt/train-ticket-aitest/evomaster/evomaster-config/runtime-logs/classes/ts-inside-payment-service/none/EvoMaster_ts_inside_payment_service_none_faults/compile_stderr.log,False,True,1,java.lang.AssertionError;test_failure,1,False,10.18,7.04,156.21,"Tests run: 1, Failures: 1, Errors: 0, Skipped: 0",/mnt/train-ticket-aitest/evomaster/evomaster-config/runtime-logs/methods/ts-inside-payment-service/none/EvoMaster_ts_inside_payment_service_none_faults/test_0_postOnAccountShowsFaults_100_101,/mnt/train-ticket-aitest/evomaster/evomaster-config/runtime-logs/methods/ts-inside-payment-service/none/EvoMaster_ts_inside_payment_service_none_faults/test_0_postOnAccountShowsFaults_100_101/run.log,/mnt/train-ticket-aitest/evomaster/evomaster-config/runtime-logs/methods/ts-inside-payment-service/none/EvoMaster_ts_inside_payment_service_none_faults/test_0_postOnAccountShowsFaults_100_101/run_stdout.log,/mnt/train-ticket-aitest/evomaster/evomaster-config/runtime-logs/methods/ts-inside-payment-service/none/EvoMaster_ts_inside_payment_service_none_faults/test_0_postOnAccountShowsFaults_100_101/run_stderr.log
ts-inside-payment-service,none,EvoMaster_ts-inside-payment-service_none_faults.java,EvoMaster_ts_inside_payment_service_none_faults,test_1_postOnAccountReturnsMismatchResponseWithSchema,False,1,403,/api/v1/inside_pay_service/inside_payment/account,POST,403,.statusCode(403) .assertThat(),2,".post(baseUrlOfSut + ""/api/v1/inside_pay_service/inside_payment/account"")",".body("" { } "")",,faults,/mnt/train-ticket-aitest/evomaster/generated-tests/blackbox/ts-inside-payment-service/none/EvoMaster_ts-inside-payment-service_none_faults.java,23,6,True,0,,0,0,,100.0,0,0,0,0,0,0,False,,/mnt/train-ticket-aitest/evomaster/evomaster-config/runtime-logs/classes/ts-inside-payment-service/none/EvoMaster_ts_inside_payment_service_none_faults,/mnt/train-ticket-aitest/evomaster/evomaster-config/runtime-logs/classes/ts-inside-payment-service/none/EvoMaster_ts_inside_payment_service_none_faults/compile.log,/mnt/train-ticket-aitest/evomaster/evomaster-config/runtime-logs/classes/ts-inside-payment-service/none/EvoMaster_ts_inside_payment_service_none_faults/compile_stdout.log,/mnt/train-ticket-aitest/evomaster/evomaster-config/runtime-logs/classes/ts-inside-payment-service/none/EvoMaster_ts_inside_payment_service_none_faults/compile_stderr.log,True,True,0,,0,False,9.68,7.01,153.98,Test passed (detected via Surefire XML),/mnt/train-ticket-aitest/evomaster/evomaster-config/runtime-logs/methods/ts-inside-payment-service/none/EvoMaster_ts_inside_payment_service_none_faults/test_1_postOnAccountReturnsMismatchResponseWithSchema,/mnt/train-ticket-aitest/evomaster/evomaster-config/runtime-logs/methods/ts-inside-payment-service/none/EvoMaster_ts_inside_payment_service_none_faults/test_1_postOnAccountReturnsMismatchResponseWithSchema/run.log,/mnt/train-ticket-aitest/evomaster/evomaster-config/runtime-logs/methods/ts-inside-payment-service/none/EvoMaster_ts_inside_payment_service_none_faults/test_1_postOnAccountReturnsMismatchResponseWithSchema/run_stdout.log,/mnt/train-ticket-aitest/evomaster/evomaster-config/runtime-logs/methods/ts-inside-payment-service/none/EvoMaster_ts_inside_payment_service_none_faults/test_1_postOnAccountReturnsMismatchResponseWithSchema/run_stderr.log
ts-inside-payment-service,user,EvoMaster_ts-inside-payment-service_user_faults.java,EvoMaster_ts_inside_payment_service_user_faults,test_0_postOnAccountShowsFaults_100_101,False,1,500,/api/v1/inside_pay_service/inside_payment/account,POST,500,.statusCode(500) .assertThat(),6,".post(baseUrlOfSut + ""/api/v1/inside_pay_service/inside_payment/account"")",".body("" { "" + 
                    "" \""userId\"" : \""OjLtBB_Dv0Y\"", "" + 
                    "" \""money\"" : \""rSdaPrU\"" "" + 
                    "" } "")",".header(""Authorization"", ""Bearer eyJhbGciOiJIUzI1NiJ9.eyJzdWIiOiJmZHNlX21pY3Jvc2VydmljZSIsInJvbGVzIjpbIlJPTEVfVVNFUiJdLCJpZCI6IjRkMmE0NmM3LTcxY2ItNGNmMS1iNWJiLWI2ODQwNmQ5ZGE2ZiIsImlhdCI6MTc3ODQyODg5MCwiZXhwIjoxNzc4NDMyNDkwfQ.m887rWoDCU5HOvw1jl4naisUyWwvBe4Kl2b2o_RROj8"")",faults,/mnt/train-ticket-aitest/evomaster/generated-tests/blackbox/ts-inside-payment-service/user/EvoMaster_ts-inside-payment-service_user_faults.java,23,6,True,0,,0,0,,100.0,0,0,0,0,0,0,False,,/mnt/train-ticket-aitest/evomaster/evomaster-config/runtime-logs/classes/ts-inside-payment-service/user/EvoMaster_ts_inside_payment_service_user_faults,/mnt/train-ticket-aitest/evomaster/evomaster-config/runtime-logs/classes/ts-inside-payment-service/user/EvoMaster_ts_inside_payment_service_user_faults/compile.log,/mnt/train-ticket-aitest/evomaster/evomaster-config/runtime-logs/classes/ts-inside-payment-service/user/EvoMaster_ts_inside_payment_service_user_faults/compile_stdout.log,/mnt/train-ticket-aitest/evomaster/evomaster-config/runtime-logs/classes/ts-inside-payment-service/user/EvoMaster_ts_inside_payment_service_user_faults/compile_stderr.log,False,True,1,java.lang.AssertionError;test_failure,1,False,8.52,6.71,152.45,"Tests run: 1, Failures: 1, Errors: 0, Skipped: 0",/mnt/train-ticket-aitest/evomaster/evomaster-config/runtime-logs/methods/ts-inside-payment-service/user/EvoMaster_ts_inside_payment_service_user_faults/test_0_postOnAccountShowsFaults_100_101,/mnt/train-ticket-aitest/evomaster/evomaster-config/runtime-logs/methods/ts-inside-payment-service/user/EvoMaster_ts_inside_payment_service_user_faults/test_0_postOnAccountShowsFaults_100_101/run.log,/mnt/train-ticket-aitest/evomaster/evomaster-config/runtime-logs/methods/ts-inside-payment-service/user/EvoMaster_ts_inside_payment_service_user_faults/test_0_postOnAccountShowsFaults_100_101/run_stdout.log,/mnt/train-ticket-aitest/evomaster/evomaster-config/runtime-logs/methods/ts-inside-payment-service/user/EvoMaster_ts_inside_payment_service_user_faults/test_0_postOnAccountShowsFaults_100_101/run_stderr.log
ts-inside-payment-service,user,EvoMaster_ts-inside-payment-service_user_faults.java,EvoMaster_ts_inside_payment_service_user_faults,test_1_postOnAccountReturnsMismatchResponseWithSchema,False,1,403,/api/v1/inside_pay_service/inside_payment/account,POST,403,.statusCode(403) .assertThat(),2,".post(baseUrlOfSut + ""/api/v1/inside_pay_service/inside_payment/account"")",".body("" { "" + 
                    "" \""userId\"" : \""_Dji\"" "" + 
                    "" } "")",".header(""Authorization"", ""Bearer eyJhbGciOiJIUzI1NiJ9.eyJzdWIiOiJmZHNlX21pY3Jvc2VydmljZSIsInJvbGVzIjpbIlJPTEVfVVNFUiJdLCJpZCI6IjRkMmE0NmM3LTcxY2ItNGNmMS1iNWJiLWI2ODQwNmQ5ZGE2ZiIsImlhdCI6MTc3ODQyODg5MCwiZXhwIjoxNzc4NDMyNDkwfQ.m887rWoDCU5HOvw1jl4naisUyWwvBe4Kl2b2o_RROj8"")",faults,/mnt/train-ticket-aitest/evomaster/generated-tests/blackbox/ts-inside-payment-service/user/EvoMaster_ts-inside-payment-service_user_faults.java,23,6,True,0,,0,0,,100.0,0,0,0,0,0,0,False,,/mnt/train-ticket-aitest/evomaster/evomaster-config/runtime-logs/classes/ts-inside-payment-service/user/EvoMaster_ts_inside_payment_service_user_faults,/mnt/train-ticket-aitest/evomaster/evomaster-config/runtime-logs/classes/ts-inside-payment-service/user/EvoMaster_ts_inside_payment_service_user_faults/compile.log,/mnt/train-ticket-aitest/evomaster/evomaster-config/runtime-logs/classes/ts-inside-payment-service/user/EvoMaster_ts_inside_payment_service_user_faults/compile_stdout.log,/mnt/train-ticket-aitest/evomaster/evomaster-config/runtime-logs/classes/ts-inside-payment-service/user/EvoMaster_ts_inside_payment_service_user_faults/compile_stderr.log,True,True,0,,0,False,8.56,6.75,168.45,Test passed (detected via Surefire XML),/mnt/train-ticket-aitest/evomaster/evomaster-config/runtime-logs/methods/ts-inside-payment-service/user/EvoMaster_ts_inside_payment_service_user_faults/test_1_postOnAccountReturnsMismatchResponseWithSchema,/mnt/train-ticket-aitest/evomaster/evomaster-config/runtime-logs/methods/ts-inside-payment-service/user/EvoMaster_ts_inside_payment_service_user_faults/test_1_postOnAccountReturnsMismatchResponseWithSchema/run.log,/mnt/train-ticket-aitest/evomaster/evomaster-config/runtime-logs/methods/ts-inside-payment-service/user/EvoMaster_ts_inside_payment_service_user_faults/test_1_postOnAccountReturnsMismatchResponseWithSchema/run_stdout.log,/mnt/train-ticket-aitest/evomaster/evomaster-config/runtime-logs/methods/ts-inside-payment-service/user/EvoMaster_ts_inside_payment_service_user_faults/test_1_postOnAccountReturnsMismatchResponseWithSchema/run_stderr.log
ts-order-service,admin,EvoMaster_ts-order-service_admin_faults.java,EvoMaster_ts_order_service_admin_faults,test_0_putOnOrderShowsFaults_100_101,False,1,500,/api/v1/orderservice/order,PUT,500,.statusCode(500) .assertThat(),6,".put(baseUrlOfSut + ""/api/v1/orderservice/order"")",".body("" { "" + 
                    "" \""travelTime\"" : \""1938-10-12T01:43:10.939-09:26\"", "" + 
                    "" \""accountId\"" : \""yOoHig1ss57EN4jD\"", "" + 
                    "" \""documentType\"" : 9, "" + 
                    "" \""contactsDocumentNumber\"" : \""22V2vFuG\"", "" + 
                    "" \""trainNumber\"" : \""_ROJRqAR3_tjVn\"", "" + 
                    "" \""coachNumber\"" : 656, "" + 
                    "" \""price\"" : 1.1511161649361649E9 "" + 
                    "" } "")",,faults,/mnt/train-ticket-aitest/evomaster/generated-tests/blackbox/ts-order-service/admin/EvoMaster_ts-order-service_admin_faults.java,23,6,True,0,,0,0,,100.0,0,0,0,0,0,0,False,,/mnt/train-ticket-aitest/evomaster/evomaster-config/runtime-logs/classes/ts-order-service/admin/EvoMaster_ts_order_service_admin_faults,/mnt/train-ticket-aitest/evomaster/evomaster-config/runtime-logs/classes/ts-order-service/admin/EvoMaster_ts_order_service_admin_faults/compile.log,/mnt/train-ticket-aitest/evomaster/evomaster-config/runtime-logs/classes/ts-order-service/admin/EvoMaster_ts_order_service_admin_faults/compile_stdout.log,/mnt/train-ticket-aitest/evomaster/evomaster-config/runtime-logs/classes/ts-order-service/admin/EvoMaster_ts_order_service_admin_faults/compile_stderr.log,False,True,1,java.lang.AssertionError;test_failure,1,False,8.02,6.72,155.32,"Tests run: 1, Failures: 1, Errors: 0, Skipped: 0",/mnt/train-ticket-aitest/evomaster/evomaster-config/runtime-logs/methods/ts-order-service/admin/EvoMaster_ts_order_service_admin_faults/test_0_putOnOrderShowsFaults_100_101,/mnt/train-ticket-aitest/evomaster/evomaster-config/runtime-logs/methods/ts-order-service/admin/EvoMaster_ts_order_service_admin_faults/test_0_putOnOrderShowsFaults_100_101/run.log,/mnt/train-ticket-aitest/evomaster/evomaster-config/runtime-logs/methods/ts-order-service/admin/EvoMaster_ts_order_service_admin_faults/test_0_putOnOrderShowsFaults_100_101/run_stdout.log,/mnt/train-ticket-aitest/evomaster/evomaster-config/runtime-logs/methods/ts-order-service/admin/EvoMaster_ts_order_service_admin_faults/test_0_putOnOrderShowsFaults_100_101/run_stderr.log
ts-order-service,admin,EvoMaster_ts-order-service_admin_faults.java,EvoMaster_ts_order_service_admin_faults,test_1_putOnOrderReturnsMismatchResponseWithSchema,False,1,200,/api/v1/orderservice/order,PUT,200,.statusCode(200) .assertThat(),5,".put(baseUrlOfSut + ""/api/v1/orderservice/order"")",".body("" { "" + 
                    "" \""id\"" : \""0iDbf\"", "" + 
                    "" \""documentType\"" : 99, "" + 
                    "" \""contactsDocumentNumber\"" : \""gnLJp\"", "" + 
                    "" \""coachNumber\"" : 41, "" + 
                    "" \""seatClass\"" : 532, "" + 
                    "" \""from\"" : \""eZr\"", "" + 
                    "" \""status\"" : 57 "" + 
                    "" } "")",".header(""Authorization"", ""Bearer eyJhbGciOiJIUzI1NiJ9.eyJzdWIiOiJhZG1pbiIsInJvbGVzIjpbIlJPTEVfQURNSU4iXSwiaWQiOiI2ZGNiOGUyZC05ZTE0LTRlZWMtYTJiYy0xZDljZDk0ZWQ1MzMiLCJpYXQiOjE3Nzg0Mjg4OTAsImV4cCI6MTc3ODQzMjQ5MH0.fFYtzH4C6yGrm4i3p_0Ud3oxHXyLyvbL9jB_sNgFBDU"")",faults,/mnt/train-ticket-aitest/evomaster/generated-tests/blackbox/ts-order-service/admin/EvoMaster_ts-order-service_admin_faults.java,23,6,True,0,,0,0,,100.0,0,0,0,0,0,0,False,,/mnt/train-ticket-aitest/evomaster/evomaster-config/runtime-logs/classes/ts-order-service/admin/EvoMaster_ts_order_service_admin_faults,/mnt/train-ticket-aitest/evomaster/evomaster-config/runtime-logs/classes/ts-order-service/admin/EvoMaster_ts_order_service_admin_faults/compile.log,/mnt/train-ticket-aitest/evomaster/evomaster-config/runtime-logs/classes/ts-order-service/admin/EvoMaster_ts_order_service_admin_faults/compile_stdout.log,/mnt/train-ticket-aitest/evomaster/evomaster-config/runtime-logs/classes/ts-order-service/admin/EvoMaster_ts_order_service_admin_faults/compile_stderr.log,True,True,0,,0,False,9.02,6.36,154.63,Test passed (detected via Surefire XML),/mnt/train-ticket-aitest/evomaster/evomaster-config/runtime-logs/methods/ts-order-service/admin/EvoMaster_ts_order_service_admin_faults/test_1_putOnOrderReturnsMismatchResponseWithSchema,/mnt/train-ticket-aitest/evomaster/evomaster-config/runtime-logs/methods/ts-order-service/admin/EvoMaster_ts_order_service_admin_faults/test_1_putOnOrderReturnsMismatchResponseWithSchema/run.log,/mnt/train-ticket-aitest/evomaster/evomaster-config/runtime-logs/methods/ts-order-service/admin/EvoMaster_ts_order_service_admin_faults/test_1_putOnOrderReturnsMismatchResponseWithSchema/run_stdout.log,/mnt/train-ticket-aitest/evomaster/evomaster-config/runtime-logs/methods/ts-order-service/admin/EvoMaster_ts_order_service_admin_faults/test_1_putOnOrderReturnsMismatchResponseWithSchema/run_stderr.log
ts-order-service,none,EvoMaster_ts-order-service_none_faults.java,EvoMaster_ts_order_service_none_faults,test_0_putOnOrderShowsFaults_100_101,False,1,500,/api/v1/orderservice/order,PUT,500,.statusCode(500) .assertThat(),6,".put(baseUrlOfSut + ""/api/v1/orderservice/order"")",".body("" { "" + 
                    "" \""travelDate\"" : \""2087-06-03\"", "" + 
                    "" \""travelTime\"" : \""2048-02-23T08:25:27Z\"", "" + 
                    "" \""contactsName\"" : \""\"", "" + 
                    "" \""contactsDocumentNumber\"" : \""hd7Gr9rqADIN4SY\"", "" + 
                    "" \""trainNumber\"" : \""xKi\"", "" + 
                    "" \""seatNumber\"" : \""iNBb\"", "" + 
                    "" \""from\"" : \""IbwXCf\"", "" + 
                    "" \""price\"" : -1.2950200670875119E8 "" + 
                    "" } "")",,faults,/mnt/train-ticket-aitest/evomaster/generated-tests/blackbox/ts-order-service/none/EvoMaster_ts-order-service_none_faults.java,23,6,True,0,,0,0,,100.0,0,0,0,0,0,0,False,,/mnt/train-ticket-aitest/evomaster/evomaster-config/runtime-logs/classes/ts-order-service/none/EvoMaster_ts_order_service_none_faults,/mnt/train-ticket-aitest/evomaster/evomaster-config/runtime-logs/classes/ts-order-service/none/EvoMaster_ts_order_service_none_faults/compile.log,/mnt/train-ticket-aitest/evomaster/evomaster-config/runtime-logs/classes/ts-order-service/none/EvoMaster_ts_order_service_none_faults/compile_stdout.log,/mnt/train-ticket-aitest/evomaster/evomaster-config/runtime-logs/classes/ts-order-service/none/EvoMaster_ts_order_service_none_faults/compile_stderr.log,False,True,1,java.lang.AssertionError;test_failure,1,False,8.56,6.94,164.66,"Tests run: 1, Failures: 1, Errors: 0, Skipped: 0",/mnt/train-ticket-aitest/evomaster/evomaster-config/runtime-logs/methods/ts-order-service/none/EvoMaster_ts_order_service_none_faults/test_0_putOnOrderShowsFaults_100_101,/mnt/train-ticket-aitest/evomaster/evomaster-config/runtime-logs/methods/ts-order-service/none/EvoMaster_ts_order_service_none_faults/test_0_putOnOrderShowsFaults_100_101/run.log,/mnt/train-ticket-aitest/evomaster/evomaster-config/runtime-logs/methods/ts-order-service/none/EvoMaster_ts_order_service_none_faults/test_0_putOnOrderShowsFaults_100_101/run_stdout.log,/mnt/train-ticket-aitest/evomaster/evomaster-config/runtime-logs/methods/ts-order-service/none/EvoMaster_ts_order_service_none_faults/test_0_putOnOrderShowsFaults_100_101/run_stderr.log
ts-order-service,user,EvoMaster_ts-order-service_user_faults.java,EvoMaster_ts_order_service_user_faults,test_0_putOnOrderShowsFaults_100_101,False,1,500,/api/v1/orderservice/order,PUT,500,.statusCode(500) .assertThat(),6,".put(baseUrlOfSut + ""/api/v1/orderservice/order"")",".body("" { "" + 
                    "" \""documentType\"" : 532, "" + 
                    "" \""coachNumber\"" : 339, "" + 
                    "" \""seatNumber\"" : \""gPKcrqzL\"", "" + 
                    "" \""to\"" : \""Vkjs5_nShVL4J\"", "" + 
                    "" \""status\"" : 537 "" + 
                    "" } "")",".header(""Authorization"", ""Bearer eyJhbGciOiJIUzI1NiJ9.eyJzdWIiOiJmZHNlX21pY3Jvc2VydmljZSIsInJvbGVzIjpbIlJPTEVfVVNFUiJdLCJpZCI6IjRkMmE0NmM3LTcxY2ItNGNmMS1iNWJiLWI2ODQwNmQ5ZGE2ZiIsImlhdCI6MTc3ODQyODg5MCwiZXhwIjoxNzc4NDMyNDkwfQ.m887rWoDCU5HOvw1jl4naisUyWwvBe4Kl2b2o_RROj8"")",faults,/mnt/train-ticket-aitest/evomaster/generated-tests/blackbox/ts-order-service/user/EvoMaster_ts-order-service_user_faults.java,23,6,True,0,,0,0,,100.0,0,0,0,0,0,0,False,,/mnt/train-ticket-aitest/evomaster/evomaster-config/runtime-logs/classes/ts-order-service/user/EvoMaster_ts_order_service_user_faults,/mnt/train-ticket-aitest/evomaster/evomaster-config/runtime-logs/classes/ts-order-service/user/EvoMaster_ts_order_service_user_faults/compile.log,/mnt/train-ticket-aitest/evomaster/evomaster-config/runtime-logs/classes/ts-order-service/user/EvoMaster_ts_order_service_user_faults/compile_stdout.log,/mnt/train-ticket-aitest/evomaster/evomaster-config/runtime-logs/classes/ts-order-service/user/EvoMaster_ts_order_service_user_faults/compile_stderr.log,False,True,1,java.lang.AssertionError;test_failure,1,False,8.02,6.6,160.07,"Tests run: 1, Failures: 1, Errors: 0, Skipped: 0",/mnt/train-ticket-aitest/evomaster/evomaster-config/runtime-logs/methods/ts-order-service/user/EvoMaster_ts_order_service_user_faults/test_0_putOnOrderShowsFaults_100_101,/mnt/train-ticket-aitest/evomaster/evomaster-config/runtime-logs/methods/ts-order-service/user/EvoMaster_ts_order_service_user_faults/test_0_putOnOrderShowsFaults_100_101/run.log,/mnt/train-ticket-aitest/evomaster/evomaster-config/runtime-logs/methods/ts-order-service/user/EvoMaster_ts_order_service_user_faults/test_0_putOnOrderShowsFaults_100_101/run_stdout.log,/mnt/train-ticket-aitest/evomaster/evomaster-config/runtime-logs/methods/ts-order-service/user/EvoMaster_ts_order_service_user_faults/test_0_putOnOrderShowsFaults_100_101/run_stderr.log
ts-order-service,user,EvoMaster_ts-order-service_user_faults.java,EvoMaster_ts_order_service_user_faults,test_1_putOnOrderReturnsMismatchResponseWithSchema,False,1,200,/api/v1/orderservice/order,PUT,200,.statusCode(200) .assertThat(),5,".put(baseUrlOfSut + ""/api/v1/orderservice/order"")",".body("" { "" + 
                    "" \""id\"" : \""iRBz\"", "" + 
                    "" \""travelDate\"" : \""2020-01-24\"", "" + 
                    "" \""documentType\"" : 313, "" + 
                    "" \""contactsDocumentNumber\"" : \""Xn9z1PcF6\"", "" + 
                    "" \""trainNumber\"" : \""9WWLNRYQQlag\"", "" + 
                    "" \""status\"" : 94, "" + 
                    "" \""price\"" : 3.857133023462855E8 "" + 
                    "" } "")",".header(""Authorization"", ""Bearer eyJhbGciOiJIUzI1NiJ9.eyJzdWIiOiJmZHNlX21pY3Jvc2VydmljZSIsInJvbGVzIjpbIlJPTEVfVVNFUiJdLCJpZCI6IjRkMmE0NmM3LTcxY2ItNGNmMS1iNWJiLWI2ODQwNmQ5ZGE2ZiIsImlhdCI6MTc3ODQyODg5MCwiZXhwIjoxNzc4NDMyNDkwfQ.m887rWoDCU5HOvw1jl4naisUyWwvBe4Kl2b2o_RROj8"")",faults,/mnt/train-ticket-aitest/evomaster/generated-tests/blackbox/ts-order-service/user/EvoMaster_ts-order-service_user_faults.java,23,6,True,0,,0,0,,100.0,0,0,0,0,0,0,False,,/mnt/train-ticket-aitest/evomaster/evomaster-config/runtime-logs/classes/ts-order-service/user/EvoMaster_ts_order_service_user_faults,/mnt/train-ticket-aitest/evomaster/evomaster-config/runtime-logs/classes/ts-order-service/user/EvoMaster_ts_order_service_user_faults/compile.log,/mnt/train-ticket-aitest/evomaster/evomaster-config/runtime-logs/classes/ts-order-service/user/EvoMaster_ts_order_service_user_faults/compile_stdout.log,/mnt/train-ticket-aitest/evomaster/evomaster-config/runtime-logs/classes/ts-order-service/user/EvoMaster_ts_order_service_user_faults/compile_stderr.log,True,True,0,,0,False,9.03,6.72,154.93,Test passed (detected via Surefire XML),/mnt/train-ticket-aitest/evomaster/evomaster-config/runtime-logs/methods/ts-order-service/user/EvoMaster_ts_order_service_user_faults/test_1_putOnOrderReturnsMismatchResponseWithSchema,/mnt/train-ticket-aitest/evomaster/evomaster-config/runtime-logs/methods/ts-order-service/user/EvoMaster_ts_order_service_user_faults/test_1_putOnOrderReturnsMismatchResponseWithSchema/run.log,/mnt/train-ticket-aitest/evomaster/evomaster-config/runtime-logs/methods/ts-order-service/user/EvoMaster_ts_order_service_user_faults/test_1_putOnOrderReturnsMismatchResponseWithSchema/run_stdout.log,/mnt/train-ticket-aitest/evomaster/evomaster-config/runtime-logs/methods/ts-order-service/user/EvoMaster_ts_order_service_user_faults/test_1_putOnOrderReturnsMismatchResponseWithSchema/run_stderr.log
ts-order-service,user,EvoMaster_ts-order-service_user_faults.java,EvoMaster_ts_order_service_user_faults,test_2_putOnOrderReturnsMismatchResponseWithSchema,False,1,403,/api/v1/orderservice/order,PUT,403,.statusCode(403) .assertThat(),2,".put(baseUrlOfSut + ""/api/v1/orderservice/order"")",".body("" { "" + 
                    "" \""contactsName\"" : \""xOaKlsPNo\"", "" + 
                    "" \""coachNumber\"" : 419, "" + 
                    "" \""seatClass\"" : 544, "" + 
                    "" \""seatNumber\"" : \""FVgWpWDRTIvR\"", "" + 
                    "" \""from\"" : \""nV\"", "" + 
                    "" \""to\"" : \""LNcFzr64\"", "" + 
                    "" \""price\"" : -3.739792426918999E8 "" + 
                    "" } "")",,faults,/mnt/train-ticket-aitest/evomaster/generated-tests/blackbox/ts-order-service/user/EvoMaster_ts-order-service_user_faults.java,23,6,True,0,,0,0,,100.0,0,0,0,0,0,0,False,,/mnt/train-ticket-aitest/evomaster/evomaster-config/runtime-logs/classes/ts-order-service/user/EvoMaster_ts_order_service_user_faults,/mnt/train-ticket-aitest/evomaster/evomaster-config/runtime-logs/classes/ts-order-service/user/EvoMaster_ts_order_service_user_faults/compile.log,/mnt/train-ticket-aitest/evomaster/evomaster-config/runtime-logs/classes/ts-order-service/user/EvoMaster_ts_order_service_user_faults/compile_stdout.log,/mnt/train-ticket-aitest/evomaster/evomaster-config/runtime-logs/classes/ts-order-service/user/EvoMaster_ts_order_service_user_faults/compile_stderr.log,True,True,0,,0,False,8.02,6.68,154.47,Test passed (detected via Surefire XML),/mnt/train-ticket-aitest/evomaster/evomaster-config/runtime-logs/methods/ts-order-service/user/EvoMaster_ts_order_service_user_faults/test_2_putOnOrderReturnsMismatchResponseWithSchema,/mnt/train-ticket-aitest/evomaster/evomaster-config/runtime-logs/methods/ts-order-service/user/EvoMaster_ts_order_service_user_faults/test_2_putOnOrderReturnsMismatchResponseWithSchema/run.log,/mnt/train-ticket-aitest/evomaster/evomaster-config/runtime-logs/methods/ts-order-service/user/EvoMaster_ts_order_service_user_faults/test_2_putOnOrderReturnsMismatchResponseWithSchema/run_stdout.log,/mnt/train-ticket-aitest/evomaster/evomaster-config/runtime-logs/methods/ts-order-service/user/EvoMaster_ts_order_service_user_faults/test_2_putOnOrderReturnsMismatchResponseWithSchema/run_stderr.log
ts-preserve-service,admin,EvoMaster_ts-preserve-service_admin_faults.java,EvoMaster_ts_preserve_service_admin_faults,test_0_postOnPreserveShowsFaults_100_101,False,1,500,/api/v1/preserveservice/preserve,POST,500,.statusCode(500) .assertThat(),6,".post(baseUrlOfSut + ""/api/v1/preserveservice/preserve"")",".body("" { "" + 
                    "" \""accountId\"" : \""2L\"", "" + 
                    "" \""from\"" : \""qSVVfHy\"", "" + 
                    "" \""to\"" : \""fYQ02S\"", "" + 
                    "" \""foodName\"" : \""cAA7yyh74bnkiLW\"", "" + 
                    "" \""foodPrice\"" : 1.4440303357928526E8, "" + 
                    "" \""storeName\"" : \""DToLsn6MPxo0WX\"", "" + 
                    "" \""handleDate\"" : \""wP\"", "" + 
                    "" \""consigneeWeight\"" : -1.2330590756151125E8, "" + 
                    "" \""isWithin\"" : false "" + 
                    "" } "")",".header(""Authorization"", ""Bearer eyJhbGciOiJIUzI1NiJ9.eyJzdWIiOiJhZG1pbiIsInJvbGVzIjpbIlJPTEVfQURNSU4iXSwiaWQiOiI2ZGNiOGUyZC05ZTE0LTRlZWMtYTJiYy0xZDljZDk0ZWQ1MzMiLCJpYXQiOjE3Nzg0Mjg4OTAsImV4cCI6MTc3ODQzMjQ5MH0.fFYtzH4C6yGrm4i3p_0Ud3oxHXyLyvbL9jB_sNgFBDU"")",faults,/mnt/train-ticket-aitest/evomaster/generated-tests/blackbox/ts-preserve-service/admin/EvoMaster_ts-preserve-service_admin_faults.java,23,6,True,0,,0,0,,100.0,0,0,0,0,0,0,False,,/mnt/train-ticket-aitest/evomaster/evomaster-config/runtime-logs/classes/ts-preserve-service/admin/EvoMaster_ts_preserve_service_admin_faults,/mnt/train-ticket-aitest/evomaster/evomaster-config/runtime-logs/classes/ts-preserve-service/admin/EvoMaster_ts_preserve_service_admin_faults/compile.log,/mnt/train-ticket-aitest/evomaster/evomaster-config/runtime-logs/classes/ts-preserve-service/admin/EvoMaster_ts_preserve_service_admin_faults/compile_stdout.log,/mnt/train-ticket-aitest/evomaster/evomaster-config/runtime-logs/classes/ts-preserve-service/admin/EvoMaster_ts_preserve_service_admin_faults/compile_stderr.log,False,True,1,java.lang.AssertionError;test_failure,1,False,8.52,6.87,160.83,"Tests run: 1, Failures: 1, Errors: 0, Skipped: 0",/mnt/train-ticket-aitest/evomaster/evomaster-config/runtime-logs/methods/ts-preserve-service/admin/EvoMaster_ts_preserve_service_admin_faults/test_0_postOnPreserveShowsFaults_100_101,/mnt/train-ticket-aitest/evomaster/evomaster-config/runtime-logs/methods/ts-preserve-service/admin/EvoMaster_ts_preserve_service_admin_faults/test_0_postOnPreserveShowsFaults_100_101/run.log,/mnt/train-ticket-aitest/evomaster/evomaster-config/runtime-logs/methods/ts-preserve-service/admin/EvoMaster_ts_preserve_service_admin_faults/test_0_postOnPreserveShowsFaults_100_101/run_stdout.log,/mnt/train-ticket-aitest/evomaster/evomaster-config/runtime-logs/methods/ts-preserve-service/admin/EvoMaster_ts_preserve_service_admin_faults/test_0_postOnPreserveShowsFaults_100_101/run_stderr.log
ts-preserve-service,admin,EvoMaster_ts-preserve-service_admin_faults.java,EvoMaster_ts_preserve_service_admin_faults,test_1_postOnPreserveReturnsMismatchResponseWithSchema,False,1,403,/api/v1/preserveservice/preserve,POST,403,.statusCode(403) .assertThat(),2,".post(baseUrlOfSut + ""/api/v1/preserveservice/preserve"")",".body("" { "" + 
                    "" \""tripId\"" : \""3jimiLy03\"", "" + 
                    "" \""seatType\"" : 322, "" + 
                    "" \""date\"" : \""2001-10-17\"", "" + 
                    "" \""to\"" : \""MI\"", "" + 
                    "" \""assurance\"" : 778, "" + 
                    "" \""foodName\"" : \""\"", "" + 
                    "" \""foodPrice\"" : 8.175752536181594E8, "" + 
                    "" \""stationName\"" : \""o_gVTuaHwXTC1x\"", "" + 
                    "" \""handleDate\"" : \""W\"", "" + 
                    "" \""consigneeName\"" : \""vZk0m5a_\"", "" + 
                    "" \""consigneePhone\"" : \""HJEOWEQWFq\"" "" + 
                    "" } "")",".header(""Authorization"", ""Bearer eyJhbGciOiJIUzI1NiJ9.eyJzdWIiOiJhZG1pbiIsInJvbGVzIjpbIlJPTEVfQURNSU4iXSwiaWQiOiI2ZGNiOGUyZC05ZTE0LTRlZWMtYTJiYy0xZDljZDk0ZWQ1MzMiLCJpYXQiOjE3Nzg0Mjg4OTAsImV4cCI6MTc3ODQzMjQ5MH0.fFYtzH4C6yGrm4i3p_0Ud3oxHXyLyvbL9jB_sNgFBDU"")",faults,/mnt/train-ticket-aitest/evomaster/generated-tests/blackbox/ts-preserve-service/admin/EvoMaster_ts-preserve-service_admin_faults.java,23,6,True,0,,0,0,,100.0,0,0,0,0,0,0,False,,/mnt/train-ticket-aitest/evomaster/evomaster-config/runtime-logs/classes/ts-preserve-service/admin/EvoMaster_ts_preserve_service_admin_faults,/mnt/train-ticket-aitest/evomaster/evomaster-config/runtime-logs/classes/ts-preserve-service/admin/EvoMaster_ts_preserve_service_admin_faults/compile.log,/mnt/train-ticket-aitest/evomaster/evomaster-config/runtime-logs/classes/ts-preserve-service/admin/EvoMaster_ts_preserve_service_admin_faults/compile_stdout.log,/mnt/train-ticket-aitest/evomaster/evomaster-config/runtime-logs/classes/ts-preserve-service/admin/EvoMaster_ts_preserve_service_admin_faults/compile_stderr.log,False,True,1,java.lang.AssertionError;test_failure,1,False,8.06,6.85,153.75,"Tests run: 1, Failures: 1, Errors: 0, Skipped: 0",/mnt/train-ticket-aitest/evomaster/evomaster-config/runtime-logs/methods/ts-preserve-service/admin/EvoMaster_ts_preserve_service_admin_faults/test_1_postOnPreserveReturnsMismatchResponseWithSchema,/mnt/train-ticket-aitest/evomaster/evomaster-config/runtime-logs/methods/ts-preserve-service/admin/EvoMaster_ts_preserve_service_admin_faults/test_1_postOnPreserveReturnsMismatchResponseWithSchema/run.log,/mnt/train-ticket-aitest/evomaster/evomaster-config/runtime-logs/methods/ts-preserve-service/admin/EvoMaster_ts_preserve_service_admin_faults/test_1_postOnPreserveReturnsMismatchResponseWithSchema/run_stdout.log,/mnt/train-ticket-aitest/evomaster/evomaster-config/runtime-logs/methods/ts-preserve-service/admin/EvoMaster_ts_preserve_service_admin_faults/test_1_postOnPreserveReturnsMismatchResponseWithSchema/run_stderr.log
ts-preserve-service,none,EvoMaster_ts-preserve-service_none_faults.java,EvoMaster_ts_preserve_service_none_faults,test_0_postOnPreserveReturnsMismatchResponseWithSchema,False,1,403,/api/v1/preserveservice/preserve,POST,403,.statusCode(403) .assertThat(),2,".post(baseUrlOfSut + ""/api/v1/preserveservice/preserve"")",".body("" { "" + 
                    "" \""tripId\"" : \""P6t\"", "" + 
                    "" \""seatType\"" : 759, "" + 
                    "" \""to\"" : \""Eg\"", "" + 
                    "" \""handleDate\"" : \""5X98Son2vazMCds\"" "" + 
                    "" } "")",,faults,/mnt/train-ticket-aitest/evomaster/generated-tests/blackbox/ts-preserve-service/none/EvoMaster_ts-preserve-service_none_faults.java,23,6,True,0,,0,0,,100.0,0,0,0,0,0,0,False,,/mnt/train-ticket-aitest/evomaster/evomaster-config/runtime-logs/classes/ts-preserve-service/none/EvoMaster_ts_preserve_service_none_faults,/mnt/train-ticket-aitest/evomaster/evomaster-config/runtime-logs/classes/ts-preserve-service/none/EvoMaster_ts_preserve_service_none_faults/compile.log,/mnt/train-ticket-aitest/evomaster/evomaster-config/runtime-logs/classes/ts-preserve-service/none/EvoMaster_ts_preserve_service_none_faults/compile_stdout.log,/mnt/train-ticket-aitest/evomaster/evomaster-config/runtime-logs/classes/ts-preserve-service/none/EvoMaster_ts_preserve_service_none_faults/compile_stderr.log,True,True,0,,0,False,8.02,6.49,158.38,Test passed (detected via Surefire XML),/mnt/train-ticket-aitest/evomaster/evomaster-config/runtime-logs/methods/ts-preserve-service/none/EvoMaster_ts_preserve_service_none_faults/test_0_postOnPreserveReturnsMismatchResponseWithSchema,/mnt/train-ticket-aitest/evomaster/evomaster-config/runtime-logs/methods/ts-preserve-service/none/EvoMaster_ts_preserve_service_none_faults/test_0_postOnPreserveReturnsMismatchResponseWithSchema/run.log,/mnt/train-ticket-aitest/evomaster/evomaster-config/runtime-logs/methods/ts-preserve-service/none/EvoMaster_ts_preserve_service_none_faults/test_0_postOnPreserveReturnsMismatchResponseWithSchema/run_stdout.log,/mnt/train-ticket-aitest/evomaster/evomaster-config/runtime-logs/methods/ts-preserve-service/none/EvoMaster_ts_preserve_service_none_faults/test_0_postOnPreserveReturnsMismatchResponseWithSchema/run_stderr.log
ts-preserve-service,user,EvoMaster_ts-preserve-service_user_faults.java,EvoMaster_ts_preserve_service_user_faults,test_0_postOnPreserveReturnsMismatchResponseWithSchema,False,1,403,/api/v1/preserveservice/preserve,POST,403,.statusCode(403) .assertThat(),2,".post(baseUrlOfSut + ""/api/v1/preserveservice/preserve"")",".body("" { "" + 
                    "" \""accountId\"" : \""DK7MPLh7f\"", "" + 
                    "" \""contactsId\"" : \""7qfedQysrU3Na5v\"", "" + 
                    "" \""tripId\"" : \""96oq3pT8BILjk_I_\"", "" + 
                    "" \""seatType\"" : 288, "" + 
                    "" \""date\"" : \""1956-09-02\"", "" + 
                    "" \""from\"" : \""AXQCJ7MY9w\"", "" + 
                    "" \""to\"" : \""RpbucJ0\"", "" + 
                    "" \""foodType\"" : 1785801740, "" + 
                    "" \""foodName\"" : \""3t23YLli2vGZbc00\"", "" + 
                    "" \""consigneePhone\"" : \""dcj4MQBcn7yM_k\"", "" + 
                    "" \""consigneeWeight\"" : 1.1892671538229232E8 "" + 
                    "" } "")",,faults,/mnt/train-ticket-aitest/evomaster/generated-tests/blackbox/ts-preserve-service/user/EvoMaster_ts-preserve-service_user_faults.java,23,6,True,0,,0,0,,100.0,0,0,0,0,0,0,False,,/mnt/train-ticket-aitest/evomaster/evomaster-config/runtime-logs/classes/ts-preserve-service/user/EvoMaster_ts_preserve_service_user_faults,/mnt/train-ticket-aitest/evomaster/evomaster-config/runtime-logs/classes/ts-preserve-service/user/EvoMaster_ts_preserve_service_user_faults/compile.log,/mnt/train-ticket-aitest/evomaster/evomaster-config/runtime-logs/classes/ts-preserve-service/user/EvoMaster_ts_preserve_service_user_faults/compile_stdout.log,/mnt/train-ticket-aitest/evomaster/evomaster-config/runtime-logs/classes/ts-preserve-service/user/EvoMaster_ts_preserve_service_user_faults/compile_stderr.log,True,True,0,,0,False,8.54,7.01,172.15,Test passed (detected via Surefire XML),/mnt/train-ticket-aitest/evomaster/evomaster-config/runtime-logs/methods/ts-preserve-service/user/EvoMaster_ts_preserve_service_user_faults/test_0_postOnPreserveReturnsMismatchResponseWithSchema,/mnt/train-ticket-aitest/evomaster/evomaster-config/runtime-logs/methods/ts-preserve-service/user/EvoMaster_ts_preserve_service_user_faults/test_0_postOnPreserveReturnsMismatchResponseWithSchema/run.log,/mnt/train-ticket-aitest/evomaster/evomaster-config/runtime-logs/methods/ts-preserve-service/user/EvoMaster_ts_preserve_service_user_faults/test_0_postOnPreserveReturnsMismatchResponseWithSchema/run_stdout.log,/mnt/train-ticket-aitest/evomaster/evomaster-config/runtime-logs/methods/ts-preserve-service/user/EvoMaster_ts_preserve_service_user_faults/test_0_postOnPreserveReturnsMismatchResponseWithSchema/run_stderr.log
ts-preserve-service,user,EvoMaster_ts-preserve-service_user_faults.java,EvoMaster_ts_preserve_service_user_faults,test_1_postOnPreserveReturnsMismatchResponseWithSchema,False,1,403,/api/v1/preserveservice/preserve,POST,403,.statusCode(403) .assertThat(),2,".post(baseUrlOfSut + ""/api/v1/preserveservice/preserve"")",".body("" { "" + 
                    "" \""accountId\"" : \""_GEbXcC8zdPeYy\"", "" + 
                    "" \""date\"" : \""1978-01-09\"", "" + 
                    "" \""assurance\"" : 771, "" + 
                    "" \""foodType\"" : 19, "" + 
                    "" \""stationName\"" : \""I\"", "" + 
                    "" \""storeName\"" : \""QnMYcWe\"", "" + 
                    "" \""handleDate\"" : \""plX\"", "" + 
                    "" \""consigneePhone\"" : \""Nfem9sHFu3Rvh\"", "" + 
                    "" \""isWithin\"" : false "" + 
                    "" } "")",".header(""Authorization"", ""Bearer eyJhbGciOiJIUzI1NiJ9.eyJzdWIiOiJmZHNlX21pY3Jvc2VydmljZSIsInJvbGVzIjpbIlJPTEVfVVNFUiJdLCJpZCI6IjRkMmE0NmM3LTcxY2ItNGNmMS1iNWJiLWI2ODQwNmQ5ZGE2ZiIsImlhdCI6MTc3ODQyODg5MCwiZXhwIjoxNzc4NDMyNDkwfQ.m887rWoDCU5HOvw1jl4naisUyWwvBe4Kl2b2o_RROj8"")",faults,/mnt/train-ticket-aitest/evomaster/generated-tests/blackbox/ts-preserve-service/user/EvoMaster_ts-preserve-service_user_faults.java,23,6,True,0,,0,0,,100.0,0,0,0,0,0,0,False,,/mnt/train-ticket-aitest/evomaster/evomaster-config/runtime-logs/classes/ts-preserve-service/user/EvoMaster_ts_preserve_service_user_faults,/mnt/train-ticket-aitest/evomaster/evomaster-config/runtime-logs/classes/ts-preserve-service/user/EvoMaster_ts_preserve_service_user_faults/compile.log,/mnt/train-ticket-aitest/evomaster/evomaster-config/runtime-logs/classes/ts-preserve-service/user/EvoMaster_ts_preserve_service_user_faults/compile_stdout.log,/mnt/train-ticket-aitest/evomaster/evomaster-config/runtime-logs/classes/ts-preserve-service/user/EvoMaster_ts_preserve_service_user_faults/compile_stderr.log,False,True,1,java.lang.AssertionError;test_failure,1,False,8.52,6.99,159.24,"Tests run: 1, Failures: 1, Errors: 0, Skipped: 0",/mnt/train-ticket-aitest/evomaster/evomaster-config/runtime-logs/methods/ts-preserve-service/user/EvoMaster_ts_preserve_service_user_faults/test_1_postOnPreserveReturnsMismatchResponseWithSchema,/mnt/train-ticket-aitest/evomaster/evomaster-config/runtime-logs/methods/ts-preserve-service/user/EvoMaster_ts_preserve_service_user_faults/test_1_postOnPreserveReturnsMismatchResponseWithSchema/run.log,/mnt/train-ticket-aitest/evomaster/evomaster-config/runtime-logs/methods/ts-preserve-service/user/EvoMaster_ts_preserve_service_user_faults/test_1_postOnPreserveReturnsMismatchResponseWithSchema/run_stdout.log,/mnt/train-ticket-aitest/evomaster/evomaster-config/runtime-logs/methods/ts-preserve-service/user/EvoMaster_ts_preserve_service_user_faults/test_1_postOnPreserveReturnsMismatchResponseWithSchema/run_stderr.log
