service,profile,file,class,test_method,is_complex_method,call_index,call_expected_status_code,endpoint,http,asserted_code,asserts_the_expected_HTTP_status_codes?,assert_count,missing_url_parameter_values,missing_request_body,credentials_header,file_type,file_path,imports_count,wildcard_imports,compiled,compile_error_count,compile_error_types,missing_imports,incorrect_imports,unused_imports,dependency_availability_pct,syntax_errors,type_errors,undefined_variables,type_annotation_errors,generic_type_misuses,compile_exit_code,compile_timeout,compile_error_summary,class_log_dir,compile_log_path,compile_stdout_log_path,compile_stderr_log_path,runs,run_detected,runtime_error_count,runtime_error_types,run_exit_code,run_timeout,execution_seconds,cpu_seconds,peak_working_set_mb,run_error_summary,method_log_dir,run_log_path,run_stdout_log_path,run_stderr_log_path
ts-admin-basic-service,admin,EvoMaster_Test_faults.java,EvoMaster_Test_faults,test_0_getOnPricesShowsFaults_100_101,False,1,500,/api/v1/adminbasicservice/adminbasic/prices,GET,500,.statusCode(500) .assertThat(),6,".get(baseUrlOfSut + ""/api/v1/adminbasicservice/adminbasic/prices"")",,".header(""Authorization"", ""Bearer eyJhbGciOiJIUzI1NiJ9.eyJzdWIiOiJhZG1pbiIsInJvbGVzIjpbIlJPTEVfQURNSU4iXSwiaWQiOiI3YWRkZDMyZC1lODgyLTQ4ZjUtODFkMi0wOGIwODE4NmNmMWIiLCJpYXQiOjE3Nzc4NzI4MzIsImV4cCI6MTc3Nzg3NjQzMn0.f_DLshRkDsgTBBXterk9EZlY9-pcPc3ax3VK-ouE-ag"")",faults,/mnt/train-ticket-aitest/evomaster/generated-tests/blackbox/ts-admin-basic-service/admin/EvoMaster_Test_faults.java,21,6,True,0,,0,0,,100.0,0,0,0,0,0,0,False,,/mnt/train-ticket-aitest/evomaster/evomaster-config/runtime-logs/classes/ts-admin-basic-service/admin/EvoMaster_Test_faults,/mnt/train-ticket-aitest/evomaster/evomaster-config/runtime-logs/classes/ts-admin-basic-service/admin/EvoMaster_Test_faults/compile.log,/mnt/train-ticket-aitest/evomaster/evomaster-config/runtime-logs/classes/ts-admin-basic-service/admin/EvoMaster_Test_faults/compile_stdout.log,/mnt/train-ticket-aitest/evomaster/evomaster-config/runtime-logs/classes/ts-admin-basic-service/admin/EvoMaster_Test_faults/compile_stderr.log,False,True,1,java.lang.AssertionError;test_failure,1,False,16.07,11.98,154.84,"Tests run: 1, Failures: 1, Errors: 0, Skipped: 0",/mnt/train-ticket-aitest/evomaster/evomaster-config/runtime-logs/methods/ts-admin-basic-service/admin/EvoMaster_Test_faults/test_0_getOnPricesShowsFaults_100_101,/mnt/train-ticket-aitest/evomaster/evomaster-config/runtime-logs/methods/ts-admin-basic-service/admin/EvoMaster_Test_faults/test_0_getOnPricesShowsFaults_100_101/run.log,/mnt/train-ticket-aitest/evomaster/evomaster-config/runtime-logs/methods/ts-admin-basic-service/admin/EvoMaster_Test_faults/test_0_getOnPricesShowsFaults_100_101/run_stdout.log,/mnt/train-ticket-aitest/evomaster/evomaster-config/runtime-logs/methods/ts-admin-basic-service/admin/EvoMaster_Test_faults/test_0_getOnPricesShowsFaults_100_101/run_stderr.log
ts-admin-basic-service,admin,EvoMaster_Test_faults.java,EvoMaster_Test_faults,test_1_getOnPricesShowsFaults_100_101,True,1,403,/api/v1/adminbasicservice/adminbasic/prices,POST,403;500;200,.statusCode(403) .assertThat() | .statusCode(500) .assertThat() | .statusCode(200) .assertThat(),38,".post(baseUrlOfSut + ""/api/v1/adminbasicservice/adminbasic/prices"") | .post(baseUrlOfSut + ""/api/v1/adminbasicservice/adminbasic/prices"") | .post(baseUrlOfSut + ""/api/v1/adminbasicservice/adminbasic/prices"") | .get(baseUrlOfSut + ""/api/v1/adminbasicservice/adminbasic/prices"")",".body("" { "" + 
                    "" \""id\"": \""SFGvVcQ4MMHHa\"", "" + 
                    "" \""basicPriceRate\"": 0.48849308205745423 "" + 
                    "" } "") | .body("" { "" + 
                    "" \""id\"": \""AiWp1uNpa0gZHx\"", "" + 
                    "" \""routeId\"": \""2Cir\"", "" + 
                    "" \""basicPriceRate\"": 0.9171885418634638, "" + 
                    "" \""firstClassPriceRate\"": 0.09262696372460955 "" + 
                    "" } "") | .body("" { "" + 
                    "" \""id\"": \""knZGfFzH8yAINz\"" "" + 
                    "" } "")",".header(""Authorization"", ""Bearer eyJhbGciOiJIUzI1NiJ9.eyJzdWIiOiJhZG1pbiIsInJvbGVzIjpbIlJPTEVfQURNSU4iXSwiaWQiOiI3YWRkZDMyZC1lODgyLTQ4ZjUtODFkMi0wOGIwODE4NmNmMWIiLCJpYXQiOjE3Nzc4NzI4MzIsImV4cCI6MTc3Nzg3NjQzMn0.f_DLshRkDsgTBBXterk9EZlY9-pcPc3ax3VK-ouE-ag"") | .header(""Authorization"", ""Bearer eyJhbGciOiJIUzI1NiJ9.eyJzdWIiOiJhZG1pbiIsInJvbGVzIjpbIlJPTEVfQURNSU4iXSwiaWQiOiI3YWRkZDMyZC1lODgyLTQ4ZjUtODFkMi0wOGIwODE4NmNmMWIiLCJpYXQiOjE3Nzc4NzI4MzIsImV4cCI6MTc3Nzg3NjQzMn0.f_DLshRkDsgTBBXterk9EZlY9-pcPc3ax3VK-ouE-ag"") | .header(""Authorization"", ""Bearer eyJhbGciOiJIUzI1NiJ9.eyJzdWIiOiJhZG1pbiIsInJvbGVzIjpbIlJPTEVfQURNSU4iXSwiaWQiOiI3YWRkZDMyZC1lODgyLTQ4ZjUtODFkMi0wOGIwODE4NmNmMWIiLCJpYXQiOjE3Nzc4NzI4MzIsImV4cCI6MTc3Nzg3NjQzMn0.f_DLshRkDsgTBBXterk9EZlY9-pcPc3ax3VK-ouE-ag"") | .header(""Authorization"", ""Bearer eyJhbGciOiJIUzI1NiJ9.eyJzdWIiOiJhZG1pbiIsInJvbGVzIjpbIlJPTEVfQURNSU4iXSwiaWQiOiI3YWRkZDMyZC1lODgyLTQ4ZjUtODFkMi0wOGIwODE4NmNmMWIiLCJpYXQiOjE3Nzc4NzI4MzIsImV4cCI6MTc3Nzg3NjQzMn0.f_DLshRkDsgTBBXterk9EZlY9-pcPc3ax3VK-ouE-ag"")",faults,/mnt/train-ticket-aitest/evomaster/generated-tests/blackbox/ts-admin-basic-service/admin/EvoMaster_Test_faults.java,21,6,True,0,,0,0,,100.0,0,0,0,0,0,0,False,,/mnt/train-ticket-aitest/evomaster/evomaster-config/runtime-logs/classes/ts-admin-basic-service/admin/EvoMaster_Test_faults,/mnt/train-ticket-aitest/evomaster/evomaster-config/runtime-logs/classes/ts-admin-basic-service/admin/EvoMaster_Test_faults/compile.log,/mnt/train-ticket-aitest/evomaster/evomaster-config/runtime-logs/classes/ts-admin-basic-service/admin/EvoMaster_Test_faults/compile_stdout.log,/mnt/train-ticket-aitest/evomaster/evomaster-config/runtime-logs/classes/ts-admin-basic-service/admin/EvoMaster_Test_faults/compile_stderr.log,False,True,1,java.lang.AssertionError;test_failure,1,False,16.14,11.83,156.55,"Tests run: 1, Failures: 1, Errors: 0, Skipped: 0",/mnt/train-ticket-aitest/evomaster/evomaster-config/runtime-logs/methods/ts-admin-basic-service/admin/EvoMaster_Test_faults/test_1_getOnPricesShowsFaults_100_101,/mnt/train-ticket-aitest/evomaster/evomaster-config/runtime-logs/methods/ts-admin-basic-service/admin/EvoMaster_Test_faults/test_1_getOnPricesShowsFaults_100_101/run.log,/mnt/train-ticket-aitest/evomaster/evomaster-config/runtime-logs/methods/ts-admin-basic-service/admin/EvoMaster_Test_faults/test_1_getOnPricesShowsFaults_100_101/run_stdout.log,/mnt/train-ticket-aitest/evomaster/evomaster-config/runtime-logs/methods/ts-admin-basic-service/admin/EvoMaster_Test_faults/test_1_getOnPricesShowsFaults_100_101/run_stderr.log
ts-admin-basic-service,admin,EvoMaster_Test_faults.java,EvoMaster_Test_faults,test_1_getOnPricesShowsFaults_100_101,True,2,500,/api/v1/adminbasicservice/adminbasic/prices,POST,403;500;200,.statusCode(403) .assertThat() | .statusCode(500) .assertThat() | .statusCode(200) .assertThat(),38,".post(baseUrlOfSut + ""/api/v1/adminbasicservice/adminbasic/prices"") | .post(baseUrlOfSut + ""/api/v1/adminbasicservice/adminbasic/prices"") | .post(baseUrlOfSut + ""/api/v1/adminbasicservice/adminbasic/prices"") | .get(baseUrlOfSut + ""/api/v1/adminbasicservice/adminbasic/prices"")",".body("" { "" + 
                    "" \""id\"": \""SFGvVcQ4MMHHa\"", "" + 
                    "" \""basicPriceRate\"": 0.48849308205745423 "" + 
                    "" } "") | .body("" { "" + 
                    "" \""id\"": \""AiWp1uNpa0gZHx\"", "" + 
                    "" \""routeId\"": \""2Cir\"", "" + 
                    "" \""basicPriceRate\"": 0.9171885418634638, "" + 
                    "" \""firstClassPriceRate\"": 0.09262696372460955 "" + 
                    "" } "") | .body("" { "" + 
                    "" \""id\"": \""knZGfFzH8yAINz\"" "" + 
                    "" } "")",".header(""Authorization"", ""Bearer eyJhbGciOiJIUzI1NiJ9.eyJzdWIiOiJhZG1pbiIsInJvbGVzIjpbIlJPTEVfQURNSU4iXSwiaWQiOiI3YWRkZDMyZC1lODgyLTQ4ZjUtODFkMi0wOGIwODE4NmNmMWIiLCJpYXQiOjE3Nzc4NzI4MzIsImV4cCI6MTc3Nzg3NjQzMn0.f_DLshRkDsgTBBXterk9EZlY9-pcPc3ax3VK-ouE-ag"") | .header(""Authorization"", ""Bearer eyJhbGciOiJIUzI1NiJ9.eyJzdWIiOiJhZG1pbiIsInJvbGVzIjpbIlJPTEVfQURNSU4iXSwiaWQiOiI3YWRkZDMyZC1lODgyLTQ4ZjUtODFkMi0wOGIwODE4NmNmMWIiLCJpYXQiOjE3Nzc4NzI4MzIsImV4cCI6MTc3Nzg3NjQzMn0.f_DLshRkDsgTBBXterk9EZlY9-pcPc3ax3VK-ouE-ag"") | .header(""Authorization"", ""Bearer eyJhbGciOiJIUzI1NiJ9.eyJzdWIiOiJhZG1pbiIsInJvbGVzIjpbIlJPTEVfQURNSU4iXSwiaWQiOiI3YWRkZDMyZC1lODgyLTQ4ZjUtODFkMi0wOGIwODE4NmNmMWIiLCJpYXQiOjE3Nzc4NzI4MzIsImV4cCI6MTc3Nzg3NjQzMn0.f_DLshRkDsgTBBXterk9EZlY9-pcPc3ax3VK-ouE-ag"") | .header(""Authorization"", ""Bearer eyJhbGciOiJIUzI1NiJ9.eyJzdWIiOiJhZG1pbiIsInJvbGVzIjpbIlJPTEVfQURNSU4iXSwiaWQiOiI3YWRkZDMyZC1lODgyLTQ4ZjUtODFkMi0wOGIwODE4NmNmMWIiLCJpYXQiOjE3Nzc4NzI4MzIsImV4cCI6MTc3Nzg3NjQzMn0.f_DLshRkDsgTBBXterk9EZlY9-pcPc3ax3VK-ouE-ag"")",faults,/mnt/train-ticket-aitest/evomaster/generated-tests/blackbox/ts-admin-basic-service/admin/EvoMaster_Test_faults.java,21,6,True,0,,0,0,,100.0,0,0,0,0,0,0,False,,/mnt/train-ticket-aitest/evomaster/evomaster-config/runtime-logs/classes/ts-admin-basic-service/admin/EvoMaster_Test_faults,/mnt/train-ticket-aitest/evomaster/evomaster-config/runtime-logs/classes/ts-admin-basic-service/admin/EvoMaster_Test_faults/compile.log,/mnt/train-ticket-aitest/evomaster/evomaster-config/runtime-logs/classes/ts-admin-basic-service/admin/EvoMaster_Test_faults/compile_stdout.log,/mnt/train-ticket-aitest/evomaster/evomaster-config/runtime-logs/classes/ts-admin-basic-service/admin/EvoMaster_Test_faults/compile_stderr.log,False,True,1,java.lang.AssertionError;test_failure,1,False,15.57,12.09,144.65,"Tests run: 1, Failures: 1, Errors: 0, Skipped: 0",/mnt/train-ticket-aitest/evomaster/evomaster-config/runtime-logs/methods/ts-admin-basic-service/admin/EvoMaster_Test_faults/test_1_getOnPricesShowsFaults_100_101,/mnt/train-ticket-aitest/evomaster/evomaster-config/runtime-logs/methods/ts-admin-basic-service/admin/EvoMaster_Test_faults/test_1_getOnPricesShowsFaults_100_101/run.log,/mnt/train-ticket-aitest/evomaster/evomaster-config/runtime-logs/methods/ts-admin-basic-service/admin/EvoMaster_Test_faults/test_1_getOnPricesShowsFaults_100_101/run_stdout.log,/mnt/train-ticket-aitest/evomaster/evomaster-config/runtime-logs/methods/ts-admin-basic-service/admin/EvoMaster_Test_faults/test_1_getOnPricesShowsFaults_100_101/run_stderr.log
ts-admin-basic-service,admin,EvoMaster_Test_faults.java,EvoMaster_Test_faults,test_1_getOnPricesShowsFaults_100_101,True,3,500,/api/v1/adminbasicservice/adminbasic/prices,POST,403;500;200,.statusCode(403) .assertThat() | .statusCode(500) .assertThat() | .statusCode(200) .assertThat(),38,".post(baseUrlOfSut + ""/api/v1/adminbasicservice/adminbasic/prices"") | .post(baseUrlOfSut + ""/api/v1/adminbasicservice/adminbasic/prices"") | .post(baseUrlOfSut + ""/api/v1/adminbasicservice/adminbasic/prices"") | .get(baseUrlOfSut + ""/api/v1/adminbasicservice/adminbasic/prices"")",".body("" { "" + 
                    "" \""id\"": \""SFGvVcQ4MMHHa\"", "" + 
                    "" \""basicPriceRate\"": 0.48849308205745423 "" + 
                    "" } "") | .body("" { "" + 
                    "" \""id\"": \""AiWp1uNpa0gZHx\"", "" + 
                    "" \""routeId\"": \""2Cir\"", "" + 
                    "" \""basicPriceRate\"": 0.9171885418634638, "" + 
                    "" \""firstClassPriceRate\"": 0.09262696372460955 "" + 
                    "" } "") | .body("" { "" + 
                    "" \""id\"": \""knZGfFzH8yAINz\"" "" + 
                    "" } "")",".header(""Authorization"", ""Bearer eyJhbGciOiJIUzI1NiJ9.eyJzdWIiOiJhZG1pbiIsInJvbGVzIjpbIlJPTEVfQURNSU4iXSwiaWQiOiI3YWRkZDMyZC1lODgyLTQ4ZjUtODFkMi0wOGIwODE4NmNmMWIiLCJpYXQiOjE3Nzc4NzI4MzIsImV4cCI6MTc3Nzg3NjQzMn0.f_DLshRkDsgTBBXterk9EZlY9-pcPc3ax3VK-ouE-ag"") | .header(""Authorization"", ""Bearer eyJhbGciOiJIUzI1NiJ9.eyJzdWIiOiJhZG1pbiIsInJvbGVzIjpbIlJPTEVfQURNSU4iXSwiaWQiOiI3YWRkZDMyZC1lODgyLTQ4ZjUtODFkMi0wOGIwODE4NmNmMWIiLCJpYXQiOjE3Nzc4NzI4MzIsImV4cCI6MTc3Nzg3NjQzMn0.f_DLshRkDsgTBBXterk9EZlY9-pcPc3ax3VK-ouE-ag"") | .header(""Authorization"", ""Bearer eyJhbGciOiJIUzI1NiJ9.eyJzdWIiOiJhZG1pbiIsInJvbGVzIjpbIlJPTEVfQURNSU4iXSwiaWQiOiI3YWRkZDMyZC1lODgyLTQ4ZjUtODFkMi0wOGIwODE4NmNmMWIiLCJpYXQiOjE3Nzc4NzI4MzIsImV4cCI6MTc3Nzg3NjQzMn0.f_DLshRkDsgTBBXterk9EZlY9-pcPc3ax3VK-ouE-ag"") | .header(""Authorization"", ""Bearer eyJhbGciOiJIUzI1NiJ9.eyJzdWIiOiJhZG1pbiIsInJvbGVzIjpbIlJPTEVfQURNSU4iXSwiaWQiOiI3YWRkZDMyZC1lODgyLTQ4ZjUtODFkMi0wOGIwODE4NmNmMWIiLCJpYXQiOjE3Nzc4NzI4MzIsImV4cCI6MTc3Nzg3NjQzMn0.f_DLshRkDsgTBBXterk9EZlY9-pcPc3ax3VK-ouE-ag"")",faults,/mnt/train-ticket-aitest/evomaster/generated-tests/blackbox/ts-admin-basic-service/admin/EvoMaster_Test_faults.java,21,6,True,0,,0,0,,100.0,0,0,0,0,0,0,False,,/mnt/train-ticket-aitest/evomaster/evomaster-config/runtime-logs/classes/ts-admin-basic-service/admin/EvoMaster_Test_faults,/mnt/train-ticket-aitest/evomaster/evomaster-config/runtime-logs/classes/ts-admin-basic-service/admin/EvoMaster_Test_faults/compile.log,/mnt/train-ticket-aitest/evomaster/evomaster-config/runtime-logs/classes/ts-admin-basic-service/admin/EvoMaster_Test_faults/compile_stdout.log,/mnt/train-ticket-aitest/evomaster/evomaster-config/runtime-logs/classes/ts-admin-basic-service/admin/EvoMaster_Test_faults/compile_stderr.log,False,True,1,java.lang.AssertionError;test_failure,1,False,15.64,12.12,150.44,"Tests run: 1, Failures: 1, Errors: 0, Skipped: 0",/mnt/train-ticket-aitest/evomaster/evomaster-config/runtime-logs/methods/ts-admin-basic-service/admin/EvoMaster_Test_faults/test_1_getOnPricesShowsFaults_100_101,/mnt/train-ticket-aitest/evomaster/evomaster-config/runtime-logs/methods/ts-admin-basic-service/admin/EvoMaster_Test_faults/test_1_getOnPricesShowsFaults_100_101/run.log,/mnt/train-ticket-aitest/evomaster/evomaster-config/runtime-logs/methods/ts-admin-basic-service/admin/EvoMaster_Test_faults/test_1_getOnPricesShowsFaults_100_101/run_stdout.log,/mnt/train-ticket-aitest/evomaster/evomaster-config/runtime-logs/methods/ts-admin-basic-service/admin/EvoMaster_Test_faults/test_1_getOnPricesShowsFaults_100_101/run_stderr.log
ts-admin-basic-service,admin,EvoMaster_Test_faults.java,EvoMaster_Test_faults,test_1_getOnPricesShowsFaults_100_101,True,4,200,/api/v1/adminbasicservice/adminbasic/prices,GET,403;500;200,.statusCode(403) .assertThat() | .statusCode(500) .assertThat() | .statusCode(200) .assertThat(),38,".post(baseUrlOfSut + ""/api/v1/adminbasicservice/adminbasic/prices"") | .post(baseUrlOfSut + ""/api/v1/adminbasicservice/adminbasic/prices"") | .post(baseUrlOfSut + ""/api/v1/adminbasicservice/adminbasic/prices"") | .get(baseUrlOfSut + ""/api/v1/adminbasicservice/adminbasic/prices"")",".body("" { "" + 
                    "" \""id\"": \""SFGvVcQ4MMHHa\"", "" + 
                    "" \""basicPriceRate\"": 0.48849308205745423 "" + 
                    "" } "") | .body("" { "" + 
                    "" \""id\"": \""AiWp1uNpa0gZHx\"", "" + 
                    "" \""routeId\"": \""2Cir\"", "" + 
                    "" \""basicPriceRate\"": 0.9171885418634638, "" + 
                    "" \""firstClassPriceRate\"": 0.09262696372460955 "" + 
                    "" } "") | .body("" { "" + 
                    "" \""id\"": \""knZGfFzH8yAINz\"" "" + 
                    "" } "")",".header(""Authorization"", ""Bearer eyJhbGciOiJIUzI1NiJ9.eyJzdWIiOiJhZG1pbiIsInJvbGVzIjpbIlJPTEVfQURNSU4iXSwiaWQiOiI3YWRkZDMyZC1lODgyLTQ4ZjUtODFkMi0wOGIwODE4NmNmMWIiLCJpYXQiOjE3Nzc4NzI4MzIsImV4cCI6MTc3Nzg3NjQzMn0.f_DLshRkDsgTBBXterk9EZlY9-pcPc3ax3VK-ouE-ag"") | .header(""Authorization"", ""Bearer eyJhbGciOiJIUzI1NiJ9.eyJzdWIiOiJhZG1pbiIsInJvbGVzIjpbIlJPTEVfQURNSU4iXSwiaWQiOiI3YWRkZDMyZC1lODgyLTQ4ZjUtODFkMi0wOGIwODE4NmNmMWIiLCJpYXQiOjE3Nzc4NzI4MzIsImV4cCI6MTc3Nzg3NjQzMn0.f_DLshRkDsgTBBXterk9EZlY9-pcPc3ax3VK-ouE-ag"") | .header(""Authorization"", ""Bearer eyJhbGciOiJIUzI1NiJ9.eyJzdWIiOiJhZG1pbiIsInJvbGVzIjpbIlJPTEVfQURNSU4iXSwiaWQiOiI3YWRkZDMyZC1lODgyLTQ4ZjUtODFkMi0wOGIwODE4NmNmMWIiLCJpYXQiOjE3Nzc4NzI4MzIsImV4cCI6MTc3Nzg3NjQzMn0.f_DLshRkDsgTBBXterk9EZlY9-pcPc3ax3VK-ouE-ag"") | .header(""Authorization"", ""Bearer eyJhbGciOiJIUzI1NiJ9.eyJzdWIiOiJhZG1pbiIsInJvbGVzIjpbIlJPTEVfQURNSU4iXSwiaWQiOiI3YWRkZDMyZC1lODgyLTQ4ZjUtODFkMi0wOGIwODE4NmNmMWIiLCJpYXQiOjE3Nzc4NzI4MzIsImV4cCI6MTc3Nzg3NjQzMn0.f_DLshRkDsgTBBXterk9EZlY9-pcPc3ax3VK-ouE-ag"")",faults,/mnt/train-ticket-aitest/evomaster/generated-tests/blackbox/ts-admin-basic-service/admin/EvoMaster_Test_faults.java,21,6,True,0,,0,0,,100.0,0,0,0,0,0,0,False,,/mnt/train-ticket-aitest/evomaster/evomaster-config/runtime-logs/classes/ts-admin-basic-service/admin/EvoMaster_Test_faults,/mnt/train-ticket-aitest/evomaster/evomaster-config/runtime-logs/classes/ts-admin-basic-service/admin/EvoMaster_Test_faults/compile.log,/mnt/train-ticket-aitest/evomaster/evomaster-config/runtime-logs/classes/ts-admin-basic-service/admin/EvoMaster_Test_faults/compile_stdout.log,/mnt/train-ticket-aitest/evomaster/evomaster-config/runtime-logs/classes/ts-admin-basic-service/admin/EvoMaster_Test_faults/compile_stderr.log,False,True,1,java.lang.AssertionError;test_failure,1,False,16.14,12.18,150.09,"Tests run: 1, Failures: 1, Errors: 0, Skipped: 0",/mnt/train-ticket-aitest/evomaster/evomaster-config/runtime-logs/methods/ts-admin-basic-service/admin/EvoMaster_Test_faults/test_1_getOnPricesShowsFaults_100_101,/mnt/train-ticket-aitest/evomaster/evomaster-config/runtime-logs/methods/ts-admin-basic-service/admin/EvoMaster_Test_faults/test_1_getOnPricesShowsFaults_100_101/run.log,/mnt/train-ticket-aitest/evomaster/evomaster-config/runtime-logs/methods/ts-admin-basic-service/admin/EvoMaster_Test_faults/test_1_getOnPricesShowsFaults_100_101/run_stdout.log,/mnt/train-ticket-aitest/evomaster/evomaster-config/runtime-logs/methods/ts-admin-basic-service/admin/EvoMaster_Test_faults/test_1_getOnPricesShowsFaults_100_101/run_stderr.log
ts-admin-basic-service,admin,EvoMaster_Test_faults.java,EvoMaster_Test_faults,test_2_postOnPricesShowsFaults_100_101,False,1,500,/api/v1/adminbasicservice/adminbasic/prices,POST,500,.statusCode(500) .assertThat(),6,".post(baseUrlOfSut + ""/api/v1/adminbasicservice/adminbasic/prices"")",".body("" { "" + 
                    "" \""id\"": \""3OTjM_q8IvXFZ8\"", "" + 
                    "" \""routeId\"": \""i\"" "" + 
                    "" } "")",".header(""Authorization"", ""Bearer eyJhbGciOiJIUzI1NiJ9.eyJzdWIiOiJhZG1pbiIsInJvbGVzIjpbIlJPTEVfQURNSU4iXSwiaWQiOiI3YWRkZDMyZC1lODgyLTQ4ZjUtODFkMi0wOGIwODE4NmNmMWIiLCJpYXQiOjE3Nzc4NzI4MzIsImV4cCI6MTc3Nzg3NjQzMn0.f_DLshRkDsgTBBXterk9EZlY9-pcPc3ax3VK-ouE-ag"")",faults,/mnt/train-ticket-aitest/evomaster/generated-tests/blackbox/ts-admin-basic-service/admin/EvoMaster_Test_faults.java,21,6,True,0,,0,0,,100.0,0,0,0,0,0,0,False,,/mnt/train-ticket-aitest/evomaster/evomaster-config/runtime-logs/classes/ts-admin-basic-service/admin/EvoMaster_Test_faults,/mnt/train-ticket-aitest/evomaster/evomaster-config/runtime-logs/classes/ts-admin-basic-service/admin/EvoMaster_Test_faults/compile.log,/mnt/train-ticket-aitest/evomaster/evomaster-config/runtime-logs/classes/ts-admin-basic-service/admin/EvoMaster_Test_faults/compile_stdout.log,/mnt/train-ticket-aitest/evomaster/evomaster-config/runtime-logs/classes/ts-admin-basic-service/admin/EvoMaster_Test_faults/compile_stderr.log,False,True,1,java.lang.AssertionError;test_failure,1,False,16.6,13.25,152.07,"Tests run: 1, Failures: 1, Errors: 0, Skipped: 0",/mnt/train-ticket-aitest/evomaster/evomaster-config/runtime-logs/methods/ts-admin-basic-service/admin/EvoMaster_Test_faults/test_2_postOnPricesShowsFaults_100_101,/mnt/train-ticket-aitest/evomaster/evomaster-config/runtime-logs/methods/ts-admin-basic-service/admin/EvoMaster_Test_faults/test_2_postOnPricesShowsFaults_100_101/run.log,/mnt/train-ticket-aitest/evomaster/evomaster-config/runtime-logs/methods/ts-admin-basic-service/admin/EvoMaster_Test_faults/test_2_postOnPricesShowsFaults_100_101/run_stdout.log,/mnt/train-ticket-aitest/evomaster/evomaster-config/runtime-logs/methods/ts-admin-basic-service/admin/EvoMaster_Test_faults/test_2_postOnPricesShowsFaults_100_101/run_stderr.log
ts-admin-basic-service,admin,EvoMaster_Test_faults.java,EvoMaster_Test_faults,test_3_postOnPricesReturnsMismatchResponseWithSchema,False,1,403,/api/v1/adminbasicservice/adminbasic/prices,POST,403,.statusCode(403) .assertThat(),2,".post(baseUrlOfSut + ""/api/v1/adminbasicservice/adminbasic/prices"")",".body("" { "" + 
                    "" \""routeId\"": \""sKhds0dZ5\"", "" + 
                    "" \""basicPriceRate\"": 0.9898820078686315, "" + 
                    "" \""firstClassPriceRate\"": 0.8522259903113127 "" + 
                    "" } "")",".header(""Authorization"", ""Bearer eyJhbGciOiJIUzI1NiJ9.eyJzdWIiOiJhZG1pbiIsInJvbGVzIjpbIlJPTEVfQURNSU4iXSwiaWQiOiI3YWRkZDMyZC1lODgyLTQ4ZjUtODFkMi0wOGIwODE4NmNmMWIiLCJpYXQiOjE3Nzc4NzI4MzIsImV4cCI6MTc3Nzg3NjQzMn0.f_DLshRkDsgTBBXterk9EZlY9-pcPc3ax3VK-ouE-ag"")",faults,/mnt/train-ticket-aitest/evomaster/generated-tests/blackbox/ts-admin-basic-service/admin/EvoMaster_Test_faults.java,21,6,True,0,,0,0,,100.0,0,0,0,0,0,0,False,,/mnt/train-ticket-aitest/evomaster/evomaster-config/runtime-logs/classes/ts-admin-basic-service/admin/EvoMaster_Test_faults,/mnt/train-ticket-aitest/evomaster/evomaster-config/runtime-logs/classes/ts-admin-basic-service/admin/EvoMaster_Test_faults/compile.log,/mnt/train-ticket-aitest/evomaster/evomaster-config/runtime-logs/classes/ts-admin-basic-service/admin/EvoMaster_Test_faults/compile_stdout.log,/mnt/train-ticket-aitest/evomaster/evomaster-config/runtime-logs/classes/ts-admin-basic-service/admin/EvoMaster_Test_faults/compile_stderr.log,False,True,1,java.lang.AssertionError;test_failure,1,False,15.05,11.74,150.31,"Tests run: 1, Failures: 1, Errors: 0, Skipped: 0",/mnt/train-ticket-aitest/evomaster/evomaster-config/runtime-logs/methods/ts-admin-basic-service/admin/EvoMaster_Test_faults/test_3_postOnPricesReturnsMismatchResponseWithSchema,/mnt/train-ticket-aitest/evomaster/evomaster-config/runtime-logs/methods/ts-admin-basic-service/admin/EvoMaster_Test_faults/test_3_postOnPricesReturnsMismatchResponseWithSchema/run.log,/mnt/train-ticket-aitest/evomaster/evomaster-config/runtime-logs/methods/ts-admin-basic-service/admin/EvoMaster_Test_faults/test_3_postOnPricesReturnsMismatchResponseWithSchema/run_stdout.log,/mnt/train-ticket-aitest/evomaster/evomaster-config/runtime-logs/methods/ts-admin-basic-service/admin/EvoMaster_Test_faults/test_3_postOnPricesReturnsMismatchResponseWithSchema/run_stderr.log
ts-admin-basic-service,admin,EvoMaster_Test_faults.java,EvoMaster_Test_faults,test_4_deleteOnStationShowsFaults_100_101,False,1,500,/api/v1/adminbasicservice/adminbasic/stations/{id},DELETE,500,.statusCode(500) .assertThat(),6,".delete(baseUrlOfSut + ""/api/v1/adminbasicservice/adminbasic/stations/Uxh7xWS_VxcYzoa9"")",,".header(""Authorization"", ""Bearer eyJhbGciOiJIUzI1NiJ9.eyJzdWIiOiJhZG1pbiIsInJvbGVzIjpbIlJPTEVfQURNSU4iXSwiaWQiOiI3YWRkZDMyZC1lODgyLTQ4ZjUtODFkMi0wOGIwODE4NmNmMWIiLCJpYXQiOjE3Nzc4NzI4MzIsImV4cCI6MTc3Nzg3NjQzMn0.f_DLshRkDsgTBBXterk9EZlY9-pcPc3ax3VK-ouE-ag"")",faults,/mnt/train-ticket-aitest/evomaster/generated-tests/blackbox/ts-admin-basic-service/admin/EvoMaster_Test_faults.java,21,6,True,0,,0,0,,100.0,0,0,0,0,0,0,False,,/mnt/train-ticket-aitest/evomaster/evomaster-config/runtime-logs/classes/ts-admin-basic-service/admin/EvoMaster_Test_faults,/mnt/train-ticket-aitest/evomaster/evomaster-config/runtime-logs/classes/ts-admin-basic-service/admin/EvoMaster_Test_faults/compile.log,/mnt/train-ticket-aitest/evomaster/evomaster-config/runtime-logs/classes/ts-admin-basic-service/admin/EvoMaster_Test_faults/compile_stdout.log,/mnt/train-ticket-aitest/evomaster/evomaster-config/runtime-logs/classes/ts-admin-basic-service/admin/EvoMaster_Test_faults/compile_stderr.log,False,True,1,java.lang.AssertionError;test_failure,1,False,17.12,11.71,154.38,"Tests run: 1, Failures: 1, Errors: 0, Skipped: 0",/mnt/train-ticket-aitest/evomaster/evomaster-config/runtime-logs/methods/ts-admin-basic-service/admin/EvoMaster_Test_faults/test_4_deleteOnStationShowsFaults_100_101,/mnt/train-ticket-aitest/evomaster/evomaster-config/runtime-logs/methods/ts-admin-basic-service/admin/EvoMaster_Test_faults/test_4_deleteOnStationShowsFaults_100_101/run.log,/mnt/train-ticket-aitest/evomaster/evomaster-config/runtime-logs/methods/ts-admin-basic-service/admin/EvoMaster_Test_faults/test_4_deleteOnStationShowsFaults_100_101/run_stdout.log,/mnt/train-ticket-aitest/evomaster/evomaster-config/runtime-logs/methods/ts-admin-basic-service/admin/EvoMaster_Test_faults/test_4_deleteOnStationShowsFaults_100_101/run_stderr.log
ts-admin-basic-service,admin,EvoMaster_Test_faults.java,EvoMaster_Test_faults,test_5_deleteOnStationReturnsMismatchResponseWithSchema,False,1,200,/api/v1/adminbasicservice/adminbasic/stations/{id},DELETE,200,.statusCode(200) .assertThat(),5,".delete(baseUrlOfSut + ""/api/v1/adminbasicservice/adminbasic/stations/huGyj2vFHgc4qVcw"")",,".header(""Authorization"", ""Bearer eyJhbGciOiJIUzI1NiJ9.eyJzdWIiOiJhZG1pbiIsInJvbGVzIjpbIlJPTEVfQURNSU4iXSwiaWQiOiI3YWRkZDMyZC1lODgyLTQ4ZjUtODFkMi0wOGIwODE4NmNmMWIiLCJpYXQiOjE3Nzc4NzI4MzIsImV4cCI6MTc3Nzg3NjQzMn0.f_DLshRkDsgTBBXterk9EZlY9-pcPc3ax3VK-ouE-ag"")",faults,/mnt/train-ticket-aitest/evomaster/generated-tests/blackbox/ts-admin-basic-service/admin/EvoMaster_Test_faults.java,21,6,True,0,,0,0,,100.0,0,0,0,0,0,0,False,,/mnt/train-ticket-aitest/evomaster/evomaster-config/runtime-logs/classes/ts-admin-basic-service/admin/EvoMaster_Test_faults,/mnt/train-ticket-aitest/evomaster/evomaster-config/runtime-logs/classes/ts-admin-basic-service/admin/EvoMaster_Test_faults/compile.log,/mnt/train-ticket-aitest/evomaster/evomaster-config/runtime-logs/classes/ts-admin-basic-service/admin/EvoMaster_Test_faults/compile_stdout.log,/mnt/train-ticket-aitest/evomaster/evomaster-config/runtime-logs/classes/ts-admin-basic-service/admin/EvoMaster_Test_faults/compile_stderr.log,True,True,0,,0,False,17.62,12.14,160.58,Test passed (detected via Surefire XML),/mnt/train-ticket-aitest/evomaster/evomaster-config/runtime-logs/methods/ts-admin-basic-service/admin/EvoMaster_Test_faults/test_5_deleteOnStationReturnsMismatchResponseWithSchema,/mnt/train-ticket-aitest/evomaster/evomaster-config/runtime-logs/methods/ts-admin-basic-service/admin/EvoMaster_Test_faults/test_5_deleteOnStationReturnsMismatchResponseWithSchema/run.log,/mnt/train-ticket-aitest/evomaster/evomaster-config/runtime-logs/methods/ts-admin-basic-service/admin/EvoMaster_Test_faults/test_5_deleteOnStationReturnsMismatchResponseWithSchema/run_stdout.log,/mnt/train-ticket-aitest/evomaster/evomaster-config/runtime-logs/methods/ts-admin-basic-service/admin/EvoMaster_Test_faults/test_5_deleteOnStationReturnsMismatchResponseWithSchema/run_stderr.log
ts-admin-basic-service,admin,EvoMaster_Test_successes.java,EvoMaster_Test_successes,test_0_postOnPricesReturns200,False,1,200,/api/v1/adminbasicservice/adminbasic/prices,POST,200,.statusCode(200) .assertThat(),8,".post(baseUrlOfSut + ""/api/v1/adminbasicservice/adminbasic/prices"")",".body("" { "" + 
                    "" \""routeId\"": \""nmlfi_tPzcOf\"", "" + 
                    "" \""basicPriceRate\"": 0.036533802614197475 "" + 
                    "" } "")",".header(""Authorization"", ""Bearer eyJhbGciOiJIUzI1NiJ9.eyJzdWIiOiJhZG1pbiIsInJvbGVzIjpbIlJPTEVfQURNSU4iXSwiaWQiOiI3YWRkZDMyZC1lODgyLTQ4ZjUtODFkMi0wOGIwODE4NmNmMWIiLCJpYXQiOjE3Nzc4NzI4MzIsImV4cCI6MTc3Nzg3NjQzMn0.f_DLshRkDsgTBBXterk9EZlY9-pcPc3ax3VK-ouE-ag"")",successes,/mnt/train-ticket-aitest/evomaster/generated-tests/blackbox/ts-admin-basic-service/admin/EvoMaster_Test_successes.java,21,6,True,0,,0,0,,100.0,0,0,0,0,0,0,False,,/mnt/train-ticket-aitest/evomaster/evomaster-config/runtime-logs/classes/ts-admin-basic-service/admin/EvoMaster_Test_successes,/mnt/train-ticket-aitest/evomaster/evomaster-config/runtime-logs/classes/ts-admin-basic-service/admin/EvoMaster_Test_successes/compile.log,/mnt/train-ticket-aitest/evomaster/evomaster-config/runtime-logs/classes/ts-admin-basic-service/admin/EvoMaster_Test_successes/compile_stdout.log,/mnt/train-ticket-aitest/evomaster/evomaster-config/runtime-logs/classes/ts-admin-basic-service/admin/EvoMaster_Test_successes/compile_stderr.log,True,True,0,,0,False,16.58,11.81,147.37,Test passed (detected via Surefire XML),/mnt/train-ticket-aitest/evomaster/evomaster-config/runtime-logs/methods/ts-admin-basic-service/admin/EvoMaster_Test_successes/test_0_postOnPricesReturns200,/mnt/train-ticket-aitest/evomaster/evomaster-config/runtime-logs/methods/ts-admin-basic-service/admin/EvoMaster_Test_successes/test_0_postOnPricesReturns200/run.log,/mnt/train-ticket-aitest/evomaster/evomaster-config/runtime-logs/methods/ts-admin-basic-service/admin/EvoMaster_Test_successes/test_0_postOnPricesReturns200/run_stdout.log,/mnt/train-ticket-aitest/evomaster/evomaster-config/runtime-logs/methods/ts-admin-basic-service/admin/EvoMaster_Test_successes/test_0_postOnPricesReturns200/run_stderr.log
ts-admin-basic-service,none,EvoMaster_Test_faults.java,EvoMaster_Test_faults,test_0_getOnPricesShowsFaults_100_101,False,1,500,/api/v1/adminbasicservice/adminbasic/prices,GET,500,.statusCode(500) .assertThat(),6,".get(baseUrlOfSut + ""/api/v1/adminbasicservice/adminbasic/prices"")",,,faults,/mnt/train-ticket-aitest/evomaster/generated-tests/blackbox/ts-admin-basic-service/none/EvoMaster_Test_faults.java,21,6,True,0,,0,0,,100.0,0,0,0,0,0,0,False,,/mnt/train-ticket-aitest/evomaster/evomaster-config/runtime-logs/classes/ts-admin-basic-service/none/EvoMaster_Test_faults,/mnt/train-ticket-aitest/evomaster/evomaster-config/runtime-logs/classes/ts-admin-basic-service/none/EvoMaster_Test_faults/compile.log,/mnt/train-ticket-aitest/evomaster/evomaster-config/runtime-logs/classes/ts-admin-basic-service/none/EvoMaster_Test_faults/compile_stdout.log,/mnt/train-ticket-aitest/evomaster/evomaster-config/runtime-logs/classes/ts-admin-basic-service/none/EvoMaster_Test_faults/compile_stderr.log,False,True,1,java.lang.AssertionError;test_failure,1,False,14.11,11.54,156.87,"Tests run: 1, Failures: 1, Errors: 0, Skipped: 0",/mnt/train-ticket-aitest/evomaster/evomaster-config/runtime-logs/methods/ts-admin-basic-service/none/EvoMaster_Test_faults/test_0_getOnPricesShowsFaults_100_101,/mnt/train-ticket-aitest/evomaster/evomaster-config/runtime-logs/methods/ts-admin-basic-service/none/EvoMaster_Test_faults/test_0_getOnPricesShowsFaults_100_101/run.log,/mnt/train-ticket-aitest/evomaster/evomaster-config/runtime-logs/methods/ts-admin-basic-service/none/EvoMaster_Test_faults/test_0_getOnPricesShowsFaults_100_101/run_stdout.log,/mnt/train-ticket-aitest/evomaster/evomaster-config/runtime-logs/methods/ts-admin-basic-service/none/EvoMaster_Test_faults/test_0_getOnPricesShowsFaults_100_101/run_stderr.log
ts-admin-basic-service,none,EvoMaster_Test_faults.java,EvoMaster_Test_faults,test_1_postOnPricesShowsFaults_100_101,False,1,500,/api/v1/adminbasicservice/adminbasic/prices,POST,500,.statusCode(500) .assertThat(),6,".post(baseUrlOfSut + ""/api/v1/adminbasicservice/adminbasic/prices"")",".body("" { "" + 
                    "" \""id\"": \""D4kzk\"", "" + 
                    "" \""basicPriceRate\"": 0.3688176499111895, "" + 
                    "" \""firstClassPriceRate\"": 0.18262088134666543 "" + 
                    "" } "")",,faults,/mnt/train-ticket-aitest/evomaster/generated-tests/blackbox/ts-admin-basic-service/none/EvoMaster_Test_faults.java,21,6,True,0,,0,0,,100.0,0,0,0,0,0,0,False,,/mnt/train-ticket-aitest/evomaster/evomaster-config/runtime-logs/classes/ts-admin-basic-service/none/EvoMaster_Test_faults,/mnt/train-ticket-aitest/evomaster/evomaster-config/runtime-logs/classes/ts-admin-basic-service/none/EvoMaster_Test_faults/compile.log,/mnt/train-ticket-aitest/evomaster/evomaster-config/runtime-logs/classes/ts-admin-basic-service/none/EvoMaster_Test_faults/compile_stdout.log,/mnt/train-ticket-aitest/evomaster/evomaster-config/runtime-logs/classes/ts-admin-basic-service/none/EvoMaster_Test_faults/compile_stderr.log,False,True,1,java.lang.AssertionError;test_failure,1,False,14.06,11.6,151.28,"Tests run: 1, Failures: 1, Errors: 0, Skipped: 0",/mnt/train-ticket-aitest/evomaster/evomaster-config/runtime-logs/methods/ts-admin-basic-service/none/EvoMaster_Test_faults/test_1_postOnPricesShowsFaults_100_101,/mnt/train-ticket-aitest/evomaster/evomaster-config/runtime-logs/methods/ts-admin-basic-service/none/EvoMaster_Test_faults/test_1_postOnPricesShowsFaults_100_101/run.log,/mnt/train-ticket-aitest/evomaster/evomaster-config/runtime-logs/methods/ts-admin-basic-service/none/EvoMaster_Test_faults/test_1_postOnPricesShowsFaults_100_101/run_stdout.log,/mnt/train-ticket-aitest/evomaster/evomaster-config/runtime-logs/methods/ts-admin-basic-service/none/EvoMaster_Test_faults/test_1_postOnPricesShowsFaults_100_101/run_stderr.log
ts-admin-basic-service,none,EvoMaster_Test_faults.java,EvoMaster_Test_faults,test_2_postOnPricesReturnsMismatchResponseWithSchema,False,1,403,/api/v1/adminbasicservice/adminbasic/prices,POST,403,.statusCode(403) .assertThat(),2,".post(baseUrlOfSut + ""/api/v1/adminbasicservice/adminbasic/prices"")",".body("" {} "")",,faults,/mnt/train-ticket-aitest/evomaster/generated-tests/blackbox/ts-admin-basic-service/none/EvoMaster_Test_faults.java,21,6,True,0,,0,0,,100.0,0,0,0,0,0,0,False,,/mnt/train-ticket-aitest/evomaster/evomaster-config/runtime-logs/classes/ts-admin-basic-service/none/EvoMaster_Test_faults,/mnt/train-ticket-aitest/evomaster/evomaster-config/runtime-logs/classes/ts-admin-basic-service/none/EvoMaster_Test_faults/compile.log,/mnt/train-ticket-aitest/evomaster/evomaster-config/runtime-logs/classes/ts-admin-basic-service/none/EvoMaster_Test_faults/compile_stdout.log,/mnt/train-ticket-aitest/evomaster/evomaster-config/runtime-logs/classes/ts-admin-basic-service/none/EvoMaster_Test_faults/compile_stderr.log,True,True,0,,0,False,14.11,12.02,158.19,Test passed (detected via Surefire XML),/mnt/train-ticket-aitest/evomaster/evomaster-config/runtime-logs/methods/ts-admin-basic-service/none/EvoMaster_Test_faults/test_2_postOnPricesReturnsMismatchResponseWithSchema,/mnt/train-ticket-aitest/evomaster/evomaster-config/runtime-logs/methods/ts-admin-basic-service/none/EvoMaster_Test_faults/test_2_postOnPricesReturnsMismatchResponseWithSchema/run.log,/mnt/train-ticket-aitest/evomaster/evomaster-config/runtime-logs/methods/ts-admin-basic-service/none/EvoMaster_Test_faults/test_2_postOnPricesReturnsMismatchResponseWithSchema/run_stdout.log,/mnt/train-ticket-aitest/evomaster/evomaster-config/runtime-logs/methods/ts-admin-basic-service/none/EvoMaster_Test_faults/test_2_postOnPricesReturnsMismatchResponseWithSchema/run_stderr.log
ts-admin-basic-service,none,EvoMaster_Test_faults.java,EvoMaster_Test_faults,test_3_deleteOnStationShowsFaults_100_101,False,1,500,/api/v1/adminbasicservice/adminbasic/stations/{id},DELETE,500,.statusCode(500) .assertThat(),6,".delete(baseUrlOfSut + ""/api/v1/adminbasicservice/adminbasic/stations/Ni"")",,,faults,/mnt/train-ticket-aitest/evomaster/generated-tests/blackbox/ts-admin-basic-service/none/EvoMaster_Test_faults.java,21,6,True,0,,0,0,,100.0,0,0,0,0,0,0,False,,/mnt/train-ticket-aitest/evomaster/evomaster-config/runtime-logs/classes/ts-admin-basic-service/none/EvoMaster_Test_faults,/mnt/train-ticket-aitest/evomaster/evomaster-config/runtime-logs/classes/ts-admin-basic-service/none/EvoMaster_Test_faults/compile.log,/mnt/train-ticket-aitest/evomaster/evomaster-config/runtime-logs/classes/ts-admin-basic-service/none/EvoMaster_Test_faults/compile_stdout.log,/mnt/train-ticket-aitest/evomaster/evomaster-config/runtime-logs/classes/ts-admin-basic-service/none/EvoMaster_Test_faults/compile_stderr.log,False,True,1,java.lang.AssertionError;test_failure,1,False,14.06,11.92,148.43,"Tests run: 1, Failures: 1, Errors: 0, Skipped: 0",/mnt/train-ticket-aitest/evomaster/evomaster-config/runtime-logs/methods/ts-admin-basic-service/none/EvoMaster_Test_faults/test_3_deleteOnStationShowsFaults_100_101,/mnt/train-ticket-aitest/evomaster/evomaster-config/runtime-logs/methods/ts-admin-basic-service/none/EvoMaster_Test_faults/test_3_deleteOnStationShowsFaults_100_101/run.log,/mnt/train-ticket-aitest/evomaster/evomaster-config/runtime-logs/methods/ts-admin-basic-service/none/EvoMaster_Test_faults/test_3_deleteOnStationShowsFaults_100_101/run_stdout.log,/mnt/train-ticket-aitest/evomaster/evomaster-config/runtime-logs/methods/ts-admin-basic-service/none/EvoMaster_Test_faults/test_3_deleteOnStationShowsFaults_100_101/run_stderr.log
ts-admin-basic-service,user,EvoMaster_Test_faults.java,EvoMaster_Test_faults,test_0_getOnPricesShowsFaults_100_101,False,1,500,/api/v1/adminbasicservice/adminbasic/prices,GET,500,.statusCode(500) .assertThat(),6,".get(baseUrlOfSut + ""/api/v1/adminbasicservice/adminbasic/prices"")",,".header(""Authorization"", ""Bearer eyJhbGciOiJIUzI1NiJ9.eyJzdWIiOiJmZHNlX21pY3Jvc2VydmljZSIsInJvbGVzIjpbIlJPTEVfVVNFUiJdLCJpZCI6IjRkMmE0NmM3LTcxY2ItNGNmMS1iNWJiLWI2ODQwNmQ5ZGE2ZiIsImlhdCI6MTc3Nzg3MjgzMywiZXhwIjoxNzc3ODc2NDMzfQ.sv733_A_jqo65r9MkfqmDMPEDxHbVBtive-TCAjUjqI"")",faults,/mnt/train-ticket-aitest/evomaster/generated-tests/blackbox/ts-admin-basic-service/user/EvoMaster_Test_faults.java,21,6,True,0,,0,0,,100.0,0,0,0,0,0,0,False,,/mnt/train-ticket-aitest/evomaster/evomaster-config/runtime-logs/classes/ts-admin-basic-service/user/EvoMaster_Test_faults,/mnt/train-ticket-aitest/evomaster/evomaster-config/runtime-logs/classes/ts-admin-basic-service/user/EvoMaster_Test_faults/compile.log,/mnt/train-ticket-aitest/evomaster/evomaster-config/runtime-logs/classes/ts-admin-basic-service/user/EvoMaster_Test_faults/compile_stdout.log,/mnt/train-ticket-aitest/evomaster/evomaster-config/runtime-logs/classes/ts-admin-basic-service/user/EvoMaster_Test_faults/compile_stderr.log,False,True,1,java.lang.AssertionError;test_failure,1,False,15.62,11.8,153.21,"Tests run: 1, Failures: 1, Errors: 0, Skipped: 0",/mnt/train-ticket-aitest/evomaster/evomaster-config/runtime-logs/methods/ts-admin-basic-service/user/EvoMaster_Test_faults/test_0_getOnPricesShowsFaults_100_101,/mnt/train-ticket-aitest/evomaster/evomaster-config/runtime-logs/methods/ts-admin-basic-service/user/EvoMaster_Test_faults/test_0_getOnPricesShowsFaults_100_101/run.log,/mnt/train-ticket-aitest/evomaster/evomaster-config/runtime-logs/methods/ts-admin-basic-service/user/EvoMaster_Test_faults/test_0_getOnPricesShowsFaults_100_101/run_stdout.log,/mnt/train-ticket-aitest/evomaster/evomaster-config/runtime-logs/methods/ts-admin-basic-service/user/EvoMaster_Test_faults/test_0_getOnPricesShowsFaults_100_101/run_stderr.log
ts-admin-basic-service,user,EvoMaster_Test_faults.java,EvoMaster_Test_faults,test_1_postOnPricesShowsFaults_100_101,False,1,500,/api/v1/adminbasicservice/adminbasic/prices,POST,500,.statusCode(500) .assertThat(),6,".post(baseUrlOfSut + ""/api/v1/adminbasicservice/adminbasic/prices"")",".body("" { "" + 
                    "" \""trainType\"": \""SmZz9ksj\"", "" + 
                    "" \""routeId\"": \""Iju0yKErysQ\"", "" + 
                    "" \""basicPriceRate\"": 0.8183078201635795 "" + 
                    "" } "")",".header(""Authorization"", ""Bearer eyJhbGciOiJIUzI1NiJ9.eyJzdWIiOiJmZHNlX21pY3Jvc2VydmljZSIsInJvbGVzIjpbIlJPTEVfVVNFUiJdLCJpZCI6IjRkMmE0NmM3LTcxY2ItNGNmMS1iNWJiLWI2ODQwNmQ5ZGE2ZiIsImlhdCI6MTc3Nzg3MjgzMywiZXhwIjoxNzc3ODc2NDMzfQ.sv733_A_jqo65r9MkfqmDMPEDxHbVBtive-TCAjUjqI"")",faults,/mnt/train-ticket-aitest/evomaster/generated-tests/blackbox/ts-admin-basic-service/user/EvoMaster_Test_faults.java,21,6,True,0,,0,0,,100.0,0,0,0,0,0,0,False,,/mnt/train-ticket-aitest/evomaster/evomaster-config/runtime-logs/classes/ts-admin-basic-service/user/EvoMaster_Test_faults,/mnt/train-ticket-aitest/evomaster/evomaster-config/runtime-logs/classes/ts-admin-basic-service/user/EvoMaster_Test_faults/compile.log,/mnt/train-ticket-aitest/evomaster/evomaster-config/runtime-logs/classes/ts-admin-basic-service/user/EvoMaster_Test_faults/compile_stdout.log,/mnt/train-ticket-aitest/evomaster/evomaster-config/runtime-logs/classes/ts-admin-basic-service/user/EvoMaster_Test_faults/compile_stderr.log,False,True,1,java.lang.AssertionError;test_failure,1,False,14.07,11.56,152.39,"Tests run: 1, Failures: 1, Errors: 0, Skipped: 0",/mnt/train-ticket-aitest/evomaster/evomaster-config/runtime-logs/methods/ts-admin-basic-service/user/EvoMaster_Test_faults/test_1_postOnPricesShowsFaults_100_101,/mnt/train-ticket-aitest/evomaster/evomaster-config/runtime-logs/methods/ts-admin-basic-service/user/EvoMaster_Test_faults/test_1_postOnPricesShowsFaults_100_101/run.log,/mnt/train-ticket-aitest/evomaster/evomaster-config/runtime-logs/methods/ts-admin-basic-service/user/EvoMaster_Test_faults/test_1_postOnPricesShowsFaults_100_101/run_stdout.log,/mnt/train-ticket-aitest/evomaster/evomaster-config/runtime-logs/methods/ts-admin-basic-service/user/EvoMaster_Test_faults/test_1_postOnPricesShowsFaults_100_101/run_stderr.log
ts-admin-basic-service,user,EvoMaster_Test_faults.java,EvoMaster_Test_faults,test_2_postOnPricesReturnsMismatchResponseWithSchema,False,1,403,/api/v1/adminbasicservice/adminbasic/prices,POST,403,.statusCode(403) .assertThat(),2,".post(baseUrlOfSut + ""/api/v1/adminbasicservice/adminbasic/prices"")",".body("" { "" + 
                    "" \""routeId\"": \""7kBI\"", "" + 
                    "" \""firstClassPriceRate\"": 0.8558958300134507 "" + 
                    "" } "")",".header(""Authorization"", ""Bearer eyJhbGciOiJIUzI1NiJ9.eyJzdWIiOiJmZHNlX21pY3Jvc2VydmljZSIsInJvbGVzIjpbIlJPTEVfVVNFUiJdLCJpZCI6IjRkMmE0NmM3LTcxY2ItNGNmMS1iNWJiLWI2ODQwNmQ5ZGE2ZiIsImlhdCI6MTc3Nzg3MjgzMywiZXhwIjoxNzc3ODc2NDMzfQ.sv733_A_jqo65r9MkfqmDMPEDxHbVBtive-TCAjUjqI"")",faults,/mnt/train-ticket-aitest/evomaster/generated-tests/blackbox/ts-admin-basic-service/user/EvoMaster_Test_faults.java,21,6,True,0,,0,0,,100.0,0,0,0,0,0,0,False,,/mnt/train-ticket-aitest/evomaster/evomaster-config/runtime-logs/classes/ts-admin-basic-service/user/EvoMaster_Test_faults,/mnt/train-ticket-aitest/evomaster/evomaster-config/runtime-logs/classes/ts-admin-basic-service/user/EvoMaster_Test_faults/compile.log,/mnt/train-ticket-aitest/evomaster/evomaster-config/runtime-logs/classes/ts-admin-basic-service/user/EvoMaster_Test_faults/compile_stdout.log,/mnt/train-ticket-aitest/evomaster/evomaster-config/runtime-logs/classes/ts-admin-basic-service/user/EvoMaster_Test_faults/compile_stderr.log,True,True,0,,0,False,14.56,11.8,152.16,Test passed (detected via Surefire XML),/mnt/train-ticket-aitest/evomaster/evomaster-config/runtime-logs/methods/ts-admin-basic-service/user/EvoMaster_Test_faults/test_2_postOnPricesReturnsMismatchResponseWithSchema,/mnt/train-ticket-aitest/evomaster/evomaster-config/runtime-logs/methods/ts-admin-basic-service/user/EvoMaster_Test_faults/test_2_postOnPricesReturnsMismatchResponseWithSchema/run.log,/mnt/train-ticket-aitest/evomaster/evomaster-config/runtime-logs/methods/ts-admin-basic-service/user/EvoMaster_Test_faults/test_2_postOnPricesReturnsMismatchResponseWithSchema/run_stdout.log,/mnt/train-ticket-aitest/evomaster/evomaster-config/runtime-logs/methods/ts-admin-basic-service/user/EvoMaster_Test_faults/test_2_postOnPricesReturnsMismatchResponseWithSchema/run_stderr.log
ts-admin-basic-service,user,EvoMaster_Test_faults.java,EvoMaster_Test_faults,test_3_deleteOnStationShowsFaults_100_101,False,1,500,/api/v1/adminbasicservice/adminbasic/stations/{id},DELETE,500,.statusCode(500) .assertThat(),6,".delete(baseUrlOfSut + ""/api/v1/adminbasicservice/adminbasic/stations/WbVr6"")",,".header(""Authorization"", ""Bearer eyJhbGciOiJIUzI1NiJ9.eyJzdWIiOiJmZHNlX21pY3Jvc2VydmljZSIsInJvbGVzIjpbIlJPTEVfVVNFUiJdLCJpZCI6IjRkMmE0NmM3LTcxY2ItNGNmMS1iNWJiLWI2ODQwNmQ5ZGE2ZiIsImlhdCI6MTc3Nzg3MjgzMywiZXhwIjoxNzc3ODc2NDMzfQ.sv733_A_jqo65r9MkfqmDMPEDxHbVBtive-TCAjUjqI"")",faults,/mnt/train-ticket-aitest/evomaster/generated-tests/blackbox/ts-admin-basic-service/user/EvoMaster_Test_faults.java,21,6,True,0,,0,0,,100.0,0,0,0,0,0,0,False,,/mnt/train-ticket-aitest/evomaster/evomaster-config/runtime-logs/classes/ts-admin-basic-service/user/EvoMaster_Test_faults,/mnt/train-ticket-aitest/evomaster/evomaster-config/runtime-logs/classes/ts-admin-basic-service/user/EvoMaster_Test_faults/compile.log,/mnt/train-ticket-aitest/evomaster/evomaster-config/runtime-logs/classes/ts-admin-basic-service/user/EvoMaster_Test_faults/compile_stdout.log,/mnt/train-ticket-aitest/evomaster/evomaster-config/runtime-logs/classes/ts-admin-basic-service/user/EvoMaster_Test_faults/compile_stderr.log,False,True,1,java.lang.AssertionError;test_failure,1,False,14.11,11.67,153.93,"Tests run: 1, Failures: 1, Errors: 0, Skipped: 0",/mnt/train-ticket-aitest/evomaster/evomaster-config/runtime-logs/methods/ts-admin-basic-service/user/EvoMaster_Test_faults/test_3_deleteOnStationShowsFaults_100_101,/mnt/train-ticket-aitest/evomaster/evomaster-config/runtime-logs/methods/ts-admin-basic-service/user/EvoMaster_Test_faults/test_3_deleteOnStationShowsFaults_100_101/run.log,/mnt/train-ticket-aitest/evomaster/evomaster-config/runtime-logs/methods/ts-admin-basic-service/user/EvoMaster_Test_faults/test_3_deleteOnStationShowsFaults_100_101/run_stdout.log,/mnt/train-ticket-aitest/evomaster/evomaster-config/runtime-logs/methods/ts-admin-basic-service/user/EvoMaster_Test_faults/test_3_deleteOnStationShowsFaults_100_101/run_stderr.log
ts-admin-order-service,admin,EvoMaster_Test_faults.java,EvoMaster_Test_faults,test_0_putOnAdminorderShowsFaults_100_101,False,1,500,/api/v1/adminorderservice/adminorder,PUT,500,.statusCode(500) .assertThat(),6,".put(baseUrlOfSut + ""/api/v1/adminorderservice/adminorder"")",".body("" { "" + 
                    "" \""id\"": \""NnC17Oj3i\"", "" + 
                    "" \""boughtDate\"": \""1901-07-17\"", "" + 
                    "" \""travelTime\"": \""2077-07-00T04:49:03+07:33\"", "" + 
                    "" \""seatClass\"": 679, "" + 
                    "" \""seatNumber\"": \""a\"", "" + 
                    "" \""status\"": 873 "" + 
                    "" } "")",".header(""Authorization"", ""Bearer eyJhbGciOiJIUzI1NiJ9.eyJzdWIiOiJhZG1pbiIsInJvbGVzIjpbIlJPTEVfQURNSU4iXSwiaWQiOiI3YWRkZDMyZC1lODgyLTQ4ZjUtODFkMi0wOGIwODE4NmNmMWIiLCJpYXQiOjE3Nzc4NzI4MzIsImV4cCI6MTc3Nzg3NjQzMn0.f_DLshRkDsgTBBXterk9EZlY9-pcPc3ax3VK-ouE-ag"")",faults,/mnt/train-ticket-aitest/evomaster/generated-tests/blackbox/ts-admin-order-service/admin/EvoMaster_Test_faults.java,21,6,True,0,,0,0,,100.0,0,0,0,0,0,0,False,,/mnt/train-ticket-aitest/evomaster/evomaster-config/runtime-logs/classes/ts-admin-order-service/admin/EvoMaster_Test_faults,/mnt/train-ticket-aitest/evomaster/evomaster-config/runtime-logs/classes/ts-admin-order-service/admin/EvoMaster_Test_faults/compile.log,/mnt/train-ticket-aitest/evomaster/evomaster-config/runtime-logs/classes/ts-admin-order-service/admin/EvoMaster_Test_faults/compile_stdout.log,/mnt/train-ticket-aitest/evomaster/evomaster-config/runtime-logs/classes/ts-admin-order-service/admin/EvoMaster_Test_faults/compile_stderr.log,False,True,1,java.lang.AssertionError;test_failure,1,False,15.36,11.72,154.04,"Tests run: 1, Failures: 1, Errors: 0, Skipped: 0",/mnt/train-ticket-aitest/evomaster/evomaster-config/runtime-logs/methods/ts-admin-order-service/admin/EvoMaster_Test_faults/test_0_putOnAdminorderShowsFaults_100_101,/mnt/train-ticket-aitest/evomaster/evomaster-config/runtime-logs/methods/ts-admin-order-service/admin/EvoMaster_Test_faults/test_0_putOnAdminorderShowsFaults_100_101/run.log,/mnt/train-ticket-aitest/evomaster/evomaster-config/runtime-logs/methods/ts-admin-order-service/admin/EvoMaster_Test_faults/test_0_putOnAdminorderShowsFaults_100_101/run_stdout.log,/mnt/train-ticket-aitest/evomaster/evomaster-config/runtime-logs/methods/ts-admin-order-service/admin/EvoMaster_Test_faults/test_0_putOnAdminorderShowsFaults_100_101/run_stderr.log
ts-admin-order-service,admin,EvoMaster_Test_faults.java,EvoMaster_Test_faults,test_1_putOnAdminorderReturnsMismatchResponseWithSchema,False,1,403,/api/v1/adminorderservice/adminorder,PUT,403,.statusCode(403) .assertThat(),2,".put(baseUrlOfSut + ""/api/v1/adminorderservice/adminorder"")",".body("" { "" + 
                    "" \""id\"": \""Tl5if58R2\"", "" + 
                    "" \""boughtDate\"": \""1912-05-19\"", "" + 
                    "" \""travelDate\"": \""1951-08-21\"", "" + 
                    "" \""travelTime\"": \""2080-07-05T16:03:29.989-10:11\"", "" + 
                    "" \""accountId\"": \""m3Zc\"", "" + 
                    "" \""contactsDocumentNumber\"": \""lZsskrKCC5flN\"", "" + 
                    "" \""trainNumber\"": \""6W9Rm6\"", "" + 
                    "" \""coachNumber\"": 566, "" + 
                    "" \""seatClass\"": 579, "" + 
                    "" \""seatNumber\"": \""S8lC9tNv061RlPjK\"", "" + 
                    "" \""from\"": \""\"", "" + 
                    "" \""to\"": \""uKv\"", "" + 
                    "" \""price\"": 0.9960761439821391 "" + 
                    "" } "")",".header(""Authorization"", ""Bearer eyJhbGciOiJIUzI1NiJ9.eyJzdWIiOiJhZG1pbiIsInJvbGVzIjpbIlJPTEVfQURNSU4iXSwiaWQiOiI3YWRkZDMyZC1lODgyLTQ4ZjUtODFkMi0wOGIwODE4NmNmMWIiLCJpYXQiOjE3Nzc4NzI4MzIsImV4cCI6MTc3Nzg3NjQzMn0.f_DLshRkDsgTBBXterk9EZlY9-pcPc3ax3VK-ouE-ag"")",faults,/mnt/train-ticket-aitest/evomaster/generated-tests/blackbox/ts-admin-order-service/admin/EvoMaster_Test_faults.java,21,6,True,0,,0,0,,100.0,0,0,0,0,0,0,False,,/mnt/train-ticket-aitest/evomaster/evomaster-config/runtime-logs/classes/ts-admin-order-service/admin/EvoMaster_Test_faults,/mnt/train-ticket-aitest/evomaster/evomaster-config/runtime-logs/classes/ts-admin-order-service/admin/EvoMaster_Test_faults/compile.log,/mnt/train-ticket-aitest/evomaster/evomaster-config/runtime-logs/classes/ts-admin-order-service/admin/EvoMaster_Test_faults/compile_stdout.log,/mnt/train-ticket-aitest/evomaster/evomaster-config/runtime-logs/classes/ts-admin-order-service/admin/EvoMaster_Test_faults/compile_stderr.log,False,True,1,java.lang.AssertionError;test_failure,1,False,15.75,12.08,153.06,"Tests run: 1, Failures: 1, Errors: 0, Skipped: 0",/mnt/train-ticket-aitest/evomaster/evomaster-config/runtime-logs/methods/ts-admin-order-service/admin/EvoMaster_Test_faults/test_1_putOnAdminorderReturnsMismatchResponseWithSchema,/mnt/train-ticket-aitest/evomaster/evomaster-config/runtime-logs/methods/ts-admin-order-service/admin/EvoMaster_Test_faults/test_1_putOnAdminorderReturnsMismatchResponseWithSchema/run.log,/mnt/train-ticket-aitest/evomaster/evomaster-config/runtime-logs/methods/ts-admin-order-service/admin/EvoMaster_Test_faults/test_1_putOnAdminorderReturnsMismatchResponseWithSchema/run_stdout.log,/mnt/train-ticket-aitest/evomaster/evomaster-config/runtime-logs/methods/ts-admin-order-service/admin/EvoMaster_Test_faults/test_1_putOnAdminorderReturnsMismatchResponseWithSchema/run_stderr.log
ts-admin-order-service,admin,EvoMaster_Test_faults.java,EvoMaster_Test_faults,test_2_deleteOnAdminordShowsFaults_100_101,False,1,500,/api/v1/adminorderservice/adminorder/{orderId}/{trainNumber},DELETE,500,.statusCode(500) .assertThat(),6,".delete(baseUrlOfSut + ""/api/v1/adminorderservice/adminorder/enBamyD/Jp"")",,".header(""Authorization"", ""Bearer eyJhbGciOiJIUzI1NiJ9.eyJzdWIiOiJhZG1pbiIsInJvbGVzIjpbIlJPTEVfQURNSU4iXSwiaWQiOiI3YWRkZDMyZC1lODgyLTQ4ZjUtODFkMi0wOGIwODE4NmNmMWIiLCJpYXQiOjE3Nzc4NzI4MzIsImV4cCI6MTc3Nzg3NjQzMn0.f_DLshRkDsgTBBXterk9EZlY9-pcPc3ax3VK-ouE-ag"")",faults,/mnt/train-ticket-aitest/evomaster/generated-tests/blackbox/ts-admin-order-service/admin/EvoMaster_Test_faults.java,21,6,True,0,,0,0,,100.0,0,0,0,0,0,0,False,,/mnt/train-ticket-aitest/evomaster/evomaster-config/runtime-logs/classes/ts-admin-order-service/admin/EvoMaster_Test_faults,/mnt/train-ticket-aitest/evomaster/evomaster-config/runtime-logs/classes/ts-admin-order-service/admin/EvoMaster_Test_faults/compile.log,/mnt/train-ticket-aitest/evomaster/evomaster-config/runtime-logs/classes/ts-admin-order-service/admin/EvoMaster_Test_faults/compile_stdout.log,/mnt/train-ticket-aitest/evomaster/evomaster-config/runtime-logs/classes/ts-admin-order-service/admin/EvoMaster_Test_faults/compile_stderr.log,False,True,1,java.lang.AssertionError;test_failure,1,False,15.22,11.68,147.42,"Tests run: 1, Failures: 1, Errors: 0, Skipped: 0",/mnt/train-ticket-aitest/evomaster/evomaster-config/runtime-logs/methods/ts-admin-order-service/admin/EvoMaster_Test_faults/test_2_deleteOnAdminordShowsFaults_100_101,/mnt/train-ticket-aitest/evomaster/evomaster-config/runtime-logs/methods/ts-admin-order-service/admin/EvoMaster_Test_faults/test_2_deleteOnAdminordShowsFaults_100_101/run.log,/mnt/train-ticket-aitest/evomaster/evomaster-config/runtime-logs/methods/ts-admin-order-service/admin/EvoMaster_Test_faults/test_2_deleteOnAdminordShowsFaults_100_101/run_stdout.log,/mnt/train-ticket-aitest/evomaster/evomaster-config/runtime-logs/methods/ts-admin-order-service/admin/EvoMaster_Test_faults/test_2_deleteOnAdminordShowsFaults_100_101/run_stderr.log
ts-admin-order-service,admin,EvoMaster_Test_faults.java,EvoMaster_Test_faults,test_3_deleteOnAdminordReturnsMismatchResponseWithSchema,False,1,403,/api/v1/adminorderservice/adminorder/{orderId}/{trainNumber},DELETE,403,.statusCode(403) .assertThat(),2,".delete(baseUrlOfSut + ""/api/v1/adminorderservice/adminorder/Bw30i_V/4"")",,".header(""Authorization"", ""Bearer eyJhbGciOiJIUzI1NiJ9.eyJzdWIiOiJhZG1pbiIsInJvbGVzIjpbIlJPTEVfQURNSU4iXSwiaWQiOiI3YWRkZDMyZC1lODgyLTQ4ZjUtODFkMi0wOGIwODE4NmNmMWIiLCJpYXQiOjE3Nzc4NzI4MzIsImV4cCI6MTc3Nzg3NjQzMn0.f_DLshRkDsgTBBXterk9EZlY9-pcPc3ax3VK-ouE-ag"")",faults,/mnt/train-ticket-aitest/evomaster/generated-tests/blackbox/ts-admin-order-service/admin/EvoMaster_Test_faults.java,21,6,True,0,,0,0,,100.0,0,0,0,0,0,0,False,,/mnt/train-ticket-aitest/evomaster/evomaster-config/runtime-logs/classes/ts-admin-order-service/admin/EvoMaster_Test_faults,/mnt/train-ticket-aitest/evomaster/evomaster-config/runtime-logs/classes/ts-admin-order-service/admin/EvoMaster_Test_faults/compile.log,/mnt/train-ticket-aitest/evomaster/evomaster-config/runtime-logs/classes/ts-admin-order-service/admin/EvoMaster_Test_faults/compile_stdout.log,/mnt/train-ticket-aitest/evomaster/evomaster-config/runtime-logs/classes/ts-admin-order-service/admin/EvoMaster_Test_faults/compile_stderr.log,True,True,0,,0,False,14.11,11.54,153.71,Test passed (detected via Surefire XML),/mnt/train-ticket-aitest/evomaster/evomaster-config/runtime-logs/methods/ts-admin-order-service/admin/EvoMaster_Test_faults/test_3_deleteOnAdminordReturnsMismatchResponseWithSchema,/mnt/train-ticket-aitest/evomaster/evomaster-config/runtime-logs/methods/ts-admin-order-service/admin/EvoMaster_Test_faults/test_3_deleteOnAdminordReturnsMismatchResponseWithSchema/run.log,/mnt/train-ticket-aitest/evomaster/evomaster-config/runtime-logs/methods/ts-admin-order-service/admin/EvoMaster_Test_faults/test_3_deleteOnAdminordReturnsMismatchResponseWithSchema/run_stdout.log,/mnt/train-ticket-aitest/evomaster/evomaster-config/runtime-logs/methods/ts-admin-order-service/admin/EvoMaster_Test_faults/test_3_deleteOnAdminordReturnsMismatchResponseWithSchema/run_stderr.log
ts-admin-order-service,none,EvoMaster_Test_faults.java,EvoMaster_Test_faults,test_0_putOnAdminorderShowsFaults_100_101,False,1,500,/api/v1/adminorderservice/adminorder,PUT,500,.statusCode(500) .assertThat(),6,".put(baseUrlOfSut + ""/api/v1/adminorderservice/adminorder"")",".body("" { "" + 
                    "" \""travelDate\"": \""2092-00-12\"", "" + 
                    "" \""documentType\"": 977, "" + 
                    "" \""trainNumber\"": \""6aONtOC\"", "" + 
                    "" \""status\"": 958 "" + 
                    "" } "")",,faults,/mnt/train-ticket-aitest/evomaster/generated-tests/blackbox/ts-admin-order-service/none/EvoMaster_Test_faults.java,21,6,True,0,,0,0,,100.0,0,0,0,0,0,0,False,,/mnt/train-ticket-aitest/evomaster/evomaster-config/runtime-logs/classes/ts-admin-order-service/none/EvoMaster_Test_faults,/mnt/train-ticket-aitest/evomaster/evomaster-config/runtime-logs/classes/ts-admin-order-service/none/EvoMaster_Test_faults/compile.log,/mnt/train-ticket-aitest/evomaster/evomaster-config/runtime-logs/classes/ts-admin-order-service/none/EvoMaster_Test_faults/compile_stdout.log,/mnt/train-ticket-aitest/evomaster/evomaster-config/runtime-logs/classes/ts-admin-order-service/none/EvoMaster_Test_faults/compile_stderr.log,False,True,1,java.lang.AssertionError;test_failure,1,False,14.57,12.05,157.47,"Tests run: 1, Failures: 1, Errors: 0, Skipped: 0",/mnt/train-ticket-aitest/evomaster/evomaster-config/runtime-logs/methods/ts-admin-order-service/none/EvoMaster_Test_faults/test_0_putOnAdminorderShowsFaults_100_101,/mnt/train-ticket-aitest/evomaster/evomaster-config/runtime-logs/methods/ts-admin-order-service/none/EvoMaster_Test_faults/test_0_putOnAdminorderShowsFaults_100_101/run.log,/mnt/train-ticket-aitest/evomaster/evomaster-config/runtime-logs/methods/ts-admin-order-service/none/EvoMaster_Test_faults/test_0_putOnAdminorderShowsFaults_100_101/run_stdout.log,/mnt/train-ticket-aitest/evomaster/evomaster-config/runtime-logs/methods/ts-admin-order-service/none/EvoMaster_Test_faults/test_0_putOnAdminorderShowsFaults_100_101/run_stderr.log
ts-admin-order-service,none,EvoMaster_Test_faults.java,EvoMaster_Test_faults,test_1_deleteOnAdminordShowsFaults_100_101,False,1,500,/api/v1/adminorderservice/adminorder/{orderId}/{trainNumber},DELETE,500,.statusCode(500) .assertThat(),6,".delete(baseUrlOfSut + ""/api/v1/adminorderservice/adminorder/2UZH/RdVH"")",,,faults,/mnt/train-ticket-aitest/evomaster/generated-tests/blackbox/ts-admin-order-service/none/EvoMaster_Test_faults.java,21,6,True,0,,0,0,,100.0,0,0,0,0,0,0,False,,/mnt/train-ticket-aitest/evomaster/evomaster-config/runtime-logs/classes/ts-admin-order-service/none/EvoMaster_Test_faults,/mnt/train-ticket-aitest/evomaster/evomaster-config/runtime-logs/classes/ts-admin-order-service/none/EvoMaster_Test_faults/compile.log,/mnt/train-ticket-aitest/evomaster/evomaster-config/runtime-logs/classes/ts-admin-order-service/none/EvoMaster_Test_faults/compile_stdout.log,/mnt/train-ticket-aitest/evomaster/evomaster-config/runtime-logs/classes/ts-admin-order-service/none/EvoMaster_Test_faults/compile_stderr.log,False,True,1,java.lang.AssertionError;test_failure,1,False,14.58,11.88,150.66,"Tests run: 1, Failures: 1, Errors: 0, Skipped: 0",/mnt/train-ticket-aitest/evomaster/evomaster-config/runtime-logs/methods/ts-admin-order-service/none/EvoMaster_Test_faults/test_1_deleteOnAdminordShowsFaults_100_101,/mnt/train-ticket-aitest/evomaster/evomaster-config/runtime-logs/methods/ts-admin-order-service/none/EvoMaster_Test_faults/test_1_deleteOnAdminordShowsFaults_100_101/run.log,/mnt/train-ticket-aitest/evomaster/evomaster-config/runtime-logs/methods/ts-admin-order-service/none/EvoMaster_Test_faults/test_1_deleteOnAdminordShowsFaults_100_101/run_stdout.log,/mnt/train-ticket-aitest/evomaster/evomaster-config/runtime-logs/methods/ts-admin-order-service/none/EvoMaster_Test_faults/test_1_deleteOnAdminordShowsFaults_100_101/run_stderr.log
ts-admin-order-service,none,EvoMaster_Test_faults.java,EvoMaster_Test_faults,test_2_deleteOnAdminordReturnsMismatchResponseWithSchema,False,1,403,/api/v1/adminorderservice/adminorder/{orderId}/{trainNumber},DELETE,403,.statusCode(403) .assertThat(),2,".delete(baseUrlOfSut + ""/api/v1/adminorderservice/adminorder/Mv/B"")",,,faults,/mnt/train-ticket-aitest/evomaster/generated-tests/blackbox/ts-admin-order-service/none/EvoMaster_Test_faults.java,21,6,True,0,,0,0,,100.0,0,0,0,0,0,0,False,,/mnt/train-ticket-aitest/evomaster/evomaster-config/runtime-logs/classes/ts-admin-order-service/none/EvoMaster_Test_faults,/mnt/train-ticket-aitest/evomaster/evomaster-config/runtime-logs/classes/ts-admin-order-service/none/EvoMaster_Test_faults/compile.log,/mnt/train-ticket-aitest/evomaster/evomaster-config/runtime-logs/classes/ts-admin-order-service/none/EvoMaster_Test_faults/compile_stdout.log,/mnt/train-ticket-aitest/evomaster/evomaster-config/runtime-logs/classes/ts-admin-order-service/none/EvoMaster_Test_faults/compile_stderr.log,True,True,0,,0,False,14.09,11.91,152.39,Test passed (detected via Surefire XML),/mnt/train-ticket-aitest/evomaster/evomaster-config/runtime-logs/methods/ts-admin-order-service/none/EvoMaster_Test_faults/test_2_deleteOnAdminordReturnsMismatchResponseWithSchema,/mnt/train-ticket-aitest/evomaster/evomaster-config/runtime-logs/methods/ts-admin-order-service/none/EvoMaster_Test_faults/test_2_deleteOnAdminordReturnsMismatchResponseWithSchema/run.log,/mnt/train-ticket-aitest/evomaster/evomaster-config/runtime-logs/methods/ts-admin-order-service/none/EvoMaster_Test_faults/test_2_deleteOnAdminordReturnsMismatchResponseWithSchema/run_stdout.log,/mnt/train-ticket-aitest/evomaster/evomaster-config/runtime-logs/methods/ts-admin-order-service/none/EvoMaster_Test_faults/test_2_deleteOnAdminordReturnsMismatchResponseWithSchema/run_stderr.log
ts-admin-order-service,user,EvoMaster_Test_faults.java,EvoMaster_Test_faults,test_0_putOnAdminorderShowsFaults_100_101,False,1,500,/api/v1/adminorderservice/adminorder,PUT,500,.statusCode(500) .assertThat(),6,".put(baseUrlOfSut + ""/api/v1/adminorderservice/adminorder"")",".body("" { "" + 
                    "" \""boughtDate\"": \""1981-04-16\"", "" + 
                    "" \""travelTime\"": \""1925-00-13T23:27:21.011Z\"", "" + 
                    "" \""accountId\"": \""JThVX\"", "" + 
                    "" \""documentType\"": 131, "" + 
                    "" \""contactsDocumentNumber\"": \""_UV71q7MVS\"", "" + 
                    "" \""trainNumber\"": \""gwpTsBZ\"", "" + 
                    "" \""from\"": \""xQMnM1QJRfA583H\"", "" + 
                    "" \""to\"": \""\"", "" + 
                    "" \""status\"": 307, "" + 
                    "" \""price\"": 0.09831715456761358 "" + 
                    "" } "")",,faults,/mnt/train-ticket-aitest/evomaster/generated-tests/blackbox/ts-admin-order-service/user/EvoMaster_Test_faults.java,21,6,True,0,,0,0,,100.0,0,0,0,0,0,0,False,,/mnt/train-ticket-aitest/evomaster/evomaster-config/runtime-logs/classes/ts-admin-order-service/user/EvoMaster_Test_faults,/mnt/train-ticket-aitest/evomaster/evomaster-config/runtime-logs/classes/ts-admin-order-service/user/EvoMaster_Test_faults/compile.log,/mnt/train-ticket-aitest/evomaster/evomaster-config/runtime-logs/classes/ts-admin-order-service/user/EvoMaster_Test_faults/compile_stdout.log,/mnt/train-ticket-aitest/evomaster/evomaster-config/runtime-logs/classes/ts-admin-order-service/user/EvoMaster_Test_faults/compile_stderr.log,False,True,1,java.lang.AssertionError;test_failure,1,False,15.27,11.77,152.93,"Tests run: 1, Failures: 1, Errors: 0, Skipped: 0",/mnt/train-ticket-aitest/evomaster/evomaster-config/runtime-logs/methods/ts-admin-order-service/user/EvoMaster_Test_faults/test_0_putOnAdminorderShowsFaults_100_101,/mnt/train-ticket-aitest/evomaster/evomaster-config/runtime-logs/methods/ts-admin-order-service/user/EvoMaster_Test_faults/test_0_putOnAdminorderShowsFaults_100_101/run.log,/mnt/train-ticket-aitest/evomaster/evomaster-config/runtime-logs/methods/ts-admin-order-service/user/EvoMaster_Test_faults/test_0_putOnAdminorderShowsFaults_100_101/run_stdout.log,/mnt/train-ticket-aitest/evomaster/evomaster-config/runtime-logs/methods/ts-admin-order-service/user/EvoMaster_Test_faults/test_0_putOnAdminorderShowsFaults_100_101/run_stderr.log
ts-admin-order-service,user,EvoMaster_Test_faults.java,EvoMaster_Test_faults,test_1_deleteOnAdminordShowsFaults_100_101,False,1,500,/api/v1/adminorderservice/adminorder/{orderId}/{trainNumber},DELETE,500,.statusCode(500) .assertThat(),6,".delete(baseUrlOfSut + ""/api/v1/adminorderservice/adminorder/J3I9tx/ZgHMmJQBEa"")",,,faults,/mnt/train-ticket-aitest/evomaster/generated-tests/blackbox/ts-admin-order-service/user/EvoMaster_Test_faults.java,21,6,True,0,,0,0,,100.0,0,0,0,0,0,0,False,,/mnt/train-ticket-aitest/evomaster/evomaster-config/runtime-logs/classes/ts-admin-order-service/user/EvoMaster_Test_faults,/mnt/train-ticket-aitest/evomaster/evomaster-config/runtime-logs/classes/ts-admin-order-service/user/EvoMaster_Test_faults/compile.log,/mnt/train-ticket-aitest/evomaster/evomaster-config/runtime-logs/classes/ts-admin-order-service/user/EvoMaster_Test_faults/compile_stdout.log,/mnt/train-ticket-aitest/evomaster/evomaster-config/runtime-logs/classes/ts-admin-order-service/user/EvoMaster_Test_faults/compile_stderr.log,False,True,1,java.lang.AssertionError;test_failure,1,False,14.05,12.01,157.58,"Tests run: 1, Failures: 1, Errors: 0, Skipped: 0",/mnt/train-ticket-aitest/evomaster/evomaster-config/runtime-logs/methods/ts-admin-order-service/user/EvoMaster_Test_faults/test_1_deleteOnAdminordShowsFaults_100_101,/mnt/train-ticket-aitest/evomaster/evomaster-config/runtime-logs/methods/ts-admin-order-service/user/EvoMaster_Test_faults/test_1_deleteOnAdminordShowsFaults_100_101/run.log,/mnt/train-ticket-aitest/evomaster/evomaster-config/runtime-logs/methods/ts-admin-order-service/user/EvoMaster_Test_faults/test_1_deleteOnAdminordShowsFaults_100_101/run_stdout.log,/mnt/train-ticket-aitest/evomaster/evomaster-config/runtime-logs/methods/ts-admin-order-service/user/EvoMaster_Test_faults/test_1_deleteOnAdminordShowsFaults_100_101/run_stderr.log
ts-admin-order-service,user,EvoMaster_Test_faults.java,EvoMaster_Test_faults,test_2_deleteOnAdminordReturnsMismatchResponseWithSchema,False,1,403,/api/v1/adminorderservice/adminorder/{orderId}/{trainNumber},DELETE,403,.statusCode(403) .assertThat(),2,".delete(baseUrlOfSut + ""/api/v1/adminorderservice/adminorder/jfYr7b/ju2QkTwK5"")",,".header(""Authorization"", ""Bearer eyJhbGciOiJIUzI1NiJ9.eyJzdWIiOiJmZHNlX21pY3Jvc2VydmljZSIsInJvbGVzIjpbIlJPTEVfVVNFUiJdLCJpZCI6IjRkMmE0NmM3LTcxY2ItNGNmMS1iNWJiLWI2ODQwNmQ5ZGE2ZiIsImlhdCI6MTc3Nzg3MjgzMywiZXhwIjoxNzc3ODc2NDMzfQ.sv733_A_jqo65r9MkfqmDMPEDxHbVBtive-TCAjUjqI"")",faults,/mnt/train-ticket-aitest/evomaster/generated-tests/blackbox/ts-admin-order-service/user/EvoMaster_Test_faults.java,21,6,True,0,,0,0,,100.0,0,0,0,0,0,0,False,,/mnt/train-ticket-aitest/evomaster/evomaster-config/runtime-logs/classes/ts-admin-order-service/user/EvoMaster_Test_faults,/mnt/train-ticket-aitest/evomaster/evomaster-config/runtime-logs/classes/ts-admin-order-service/user/EvoMaster_Test_faults/compile.log,/mnt/train-ticket-aitest/evomaster/evomaster-config/runtime-logs/classes/ts-admin-order-service/user/EvoMaster_Test_faults/compile_stdout.log,/mnt/train-ticket-aitest/evomaster/evomaster-config/runtime-logs/classes/ts-admin-order-service/user/EvoMaster_Test_faults/compile_stderr.log,True,True,0,,0,False,14.09,12.1,155.51,Test passed (detected via Surefire XML),/mnt/train-ticket-aitest/evomaster/evomaster-config/runtime-logs/methods/ts-admin-order-service/user/EvoMaster_Test_faults/test_2_deleteOnAdminordReturnsMismatchResponseWithSchema,/mnt/train-ticket-aitest/evomaster/evomaster-config/runtime-logs/methods/ts-admin-order-service/user/EvoMaster_Test_faults/test_2_deleteOnAdminordReturnsMismatchResponseWithSchema/run.log,/mnt/train-ticket-aitest/evomaster/evomaster-config/runtime-logs/methods/ts-admin-order-service/user/EvoMaster_Test_faults/test_2_deleteOnAdminordReturnsMismatchResponseWithSchema/run_stdout.log,/mnt/train-ticket-aitest/evomaster/evomaster-config/runtime-logs/methods/ts-admin-order-service/user/EvoMaster_Test_faults/test_2_deleteOnAdminordReturnsMismatchResponseWithSchema/run_stderr.log
ts-admin-user-service,admin,EvoMaster_Test_faults.java,EvoMaster_Test_faults,test_0_putOnUsersShowsFaults_100_101,False,1,500,/api/v1/adminuserservice/users,PUT,500,.statusCode(500) .assertThat(),6,".put(baseUrlOfSut + ""/api/v1/adminuserservice/users"")",".body("" { "" + 
                    "" \""userName\"": \""WARKZGz2oBSYO0\"", "" + 
                    "" \""gender\"": 660, "" + 
                    "" \""documentNum\"": \""ikccklswz7EmwHi\"" "" + 
                    "" } "")",".header(""Authorization"", ""Bearer eyJhbGciOiJIUzI1NiJ9.eyJzdWIiOiJhZG1pbiIsInJvbGVzIjpbIlJPTEVfQURNSU4iXSwiaWQiOiI3YWRkZDMyZC1lODgyLTQ4ZjUtODFkMi0wOGIwODE4NmNmMWIiLCJpYXQiOjE3Nzc4NzI4MzIsImV4cCI6MTc3Nzg3NjQzMn0.f_DLshRkDsgTBBXterk9EZlY9-pcPc3ax3VK-ouE-ag"")",faults,/mnt/train-ticket-aitest/evomaster/generated-tests/blackbox/ts-admin-user-service/admin/EvoMaster_Test_faults.java,21,6,True,0,,0,0,,100.0,0,0,0,0,0,0,False,,/mnt/train-ticket-aitest/evomaster/evomaster-config/runtime-logs/classes/ts-admin-user-service/admin/EvoMaster_Test_faults,/mnt/train-ticket-aitest/evomaster/evomaster-config/runtime-logs/classes/ts-admin-user-service/admin/EvoMaster_Test_faults/compile.log,/mnt/train-ticket-aitest/evomaster/evomaster-config/runtime-logs/classes/ts-admin-user-service/admin/EvoMaster_Test_faults/compile_stdout.log,/mnt/train-ticket-aitest/evomaster/evomaster-config/runtime-logs/classes/ts-admin-user-service/admin/EvoMaster_Test_faults/compile_stderr.log,False,True,1,java.lang.AssertionError;test_failure,1,False,18.47,11.66,156.42,"Tests run: 1, Failures: 1, Errors: 0, Skipped: 0",/mnt/train-ticket-aitest/evomaster/evomaster-config/runtime-logs/methods/ts-admin-user-service/admin/EvoMaster_Test_faults/test_0_putOnUsersShowsFaults_100_101,/mnt/train-ticket-aitest/evomaster/evomaster-config/runtime-logs/methods/ts-admin-user-service/admin/EvoMaster_Test_faults/test_0_putOnUsersShowsFaults_100_101/run.log,/mnt/train-ticket-aitest/evomaster/evomaster-config/runtime-logs/methods/ts-admin-user-service/admin/EvoMaster_Test_faults/test_0_putOnUsersShowsFaults_100_101/run_stdout.log,/mnt/train-ticket-aitest/evomaster/evomaster-config/runtime-logs/methods/ts-admin-user-service/admin/EvoMaster_Test_faults/test_0_putOnUsersShowsFaults_100_101/run_stderr.log
ts-admin-user-service,admin,EvoMaster_Test_faults.java,EvoMaster_Test_faults,test_1_putOnUsersReturnsMismatchResponseWithSchema,False,1,200,/api/v1/adminuserservice/users,PUT,200,.statusCode(200) .assertThat(),5,".put(baseUrlOfSut + ""/api/v1/adminuserservice/users"")",".body("" { "" + 
                    "" \""userName\"": \""\"", "" + 
                    "" \""gender\"": 457, "" + 
                    "" \""email\"": \""oXXdVl\"" "" + 
                    "" } "")",".header(""Authorization"", ""Bearer eyJhbGciOiJIUzI1NiJ9.eyJzdWIiOiJhZG1pbiIsInJvbGVzIjpbIlJPTEVfQURNSU4iXSwiaWQiOiI3YWRkZDMyZC1lODgyLTQ4ZjUtODFkMi0wOGIwODE4NmNmMWIiLCJpYXQiOjE3Nzc4NzI4MzIsImV4cCI6MTc3Nzg3NjQzMn0.f_DLshRkDsgTBBXterk9EZlY9-pcPc3ax3VK-ouE-ag"")",faults,/mnt/train-ticket-aitest/evomaster/generated-tests/blackbox/ts-admin-user-service/admin/EvoMaster_Test_faults.java,21,6,True,0,,0,0,,100.0,0,0,0,0,0,0,False,,/mnt/train-ticket-aitest/evomaster/evomaster-config/runtime-logs/classes/ts-admin-user-service/admin/EvoMaster_Test_faults,/mnt/train-ticket-aitest/evomaster/evomaster-config/runtime-logs/classes/ts-admin-user-service/admin/EvoMaster_Test_faults/compile.log,/mnt/train-ticket-aitest/evomaster/evomaster-config/runtime-logs/classes/ts-admin-user-service/admin/EvoMaster_Test_faults/compile_stdout.log,/mnt/train-ticket-aitest/evomaster/evomaster-config/runtime-logs/classes/ts-admin-user-service/admin/EvoMaster_Test_faults/compile_stderr.log,True,True,0,,0,False,16.07,11.99,149.8,Test passed (detected via Surefire XML),/mnt/train-ticket-aitest/evomaster/evomaster-config/runtime-logs/methods/ts-admin-user-service/admin/EvoMaster_Test_faults/test_1_putOnUsersReturnsMismatchResponseWithSchema,/mnt/train-ticket-aitest/evomaster/evomaster-config/runtime-logs/methods/ts-admin-user-service/admin/EvoMaster_Test_faults/test_1_putOnUsersReturnsMismatchResponseWithSchema/run.log,/mnt/train-ticket-aitest/evomaster/evomaster-config/runtime-logs/methods/ts-admin-user-service/admin/EvoMaster_Test_faults/test_1_putOnUsersReturnsMismatchResponseWithSchema/run_stdout.log,/mnt/train-ticket-aitest/evomaster/evomaster-config/runtime-logs/methods/ts-admin-user-service/admin/EvoMaster_Test_faults/test_1_putOnUsersReturnsMismatchResponseWithSchema/run_stderr.log
ts-admin-user-service,admin,EvoMaster_Test_faults.java,EvoMaster_Test_faults,test_2_putOnUsersReturnsMismatchResponseWithSchema,False,1,403,/api/v1/adminuserservice/users,PUT,403,.statusCode(403) .assertThat(),2,".put(baseUrlOfSut + ""/api/v1/adminuserservice/users"")",".body("" { "" + 
                    "" \""userId\"": \""piYz4xP\"", "" + 
                    "" \""password\"": \""6Km\"", "" + 
                    "" \""email\"": \""rQYb71aWWipUt\"" "" + 
                    "" } "")",".header(""Authorization"", ""Bearer eyJhbGciOiJIUzI1NiJ9.eyJzdWIiOiJhZG1pbiIsInJvbGVzIjpbIlJPTEVfQURNSU4iXSwiaWQiOiI3YWRkZDMyZC1lODgyLTQ4ZjUtODFkMi0wOGIwODE4NmNmMWIiLCJpYXQiOjE3Nzc4NzI4MzIsImV4cCI6MTc3Nzg3NjQzMn0.f_DLshRkDsgTBBXterk9EZlY9-pcPc3ax3VK-ouE-ag"")",faults,/mnt/train-ticket-aitest/evomaster/generated-tests/blackbox/ts-admin-user-service/admin/EvoMaster_Test_faults.java,21,6,True,0,,0,0,,100.0,0,0,0,0,0,0,False,,/mnt/train-ticket-aitest/evomaster/evomaster-config/runtime-logs/classes/ts-admin-user-service/admin/EvoMaster_Test_faults,/mnt/train-ticket-aitest/evomaster/evomaster-config/runtime-logs/classes/ts-admin-user-service/admin/EvoMaster_Test_faults/compile.log,/mnt/train-ticket-aitest/evomaster/evomaster-config/runtime-logs/classes/ts-admin-user-service/admin/EvoMaster_Test_faults/compile_stdout.log,/mnt/train-ticket-aitest/evomaster/evomaster-config/runtime-logs/classes/ts-admin-user-service/admin/EvoMaster_Test_faults/compile_stderr.log,False,True,1,java.lang.AssertionError;test_failure,1,False,15.25,11.54,151.9,"Tests run: 1, Failures: 1, Errors: 0, Skipped: 0",/mnt/train-ticket-aitest/evomaster/evomaster-config/runtime-logs/methods/ts-admin-user-service/admin/EvoMaster_Test_faults/test_2_putOnUsersReturnsMismatchResponseWithSchema,/mnt/train-ticket-aitest/evomaster/evomaster-config/runtime-logs/methods/ts-admin-user-service/admin/EvoMaster_Test_faults/test_2_putOnUsersReturnsMismatchResponseWithSchema/run.log,/mnt/train-ticket-aitest/evomaster/evomaster-config/runtime-logs/methods/ts-admin-user-service/admin/EvoMaster_Test_faults/test_2_putOnUsersReturnsMismatchResponseWithSchema/run_stdout.log,/mnt/train-ticket-aitest/evomaster/evomaster-config/runtime-logs/methods/ts-admin-user-service/admin/EvoMaster_Test_faults/test_2_putOnUsersReturnsMismatchResponseWithSchema/run_stderr.log
ts-admin-user-service,none,EvoMaster_Test_faults.java,EvoMaster_Test_faults,test_0_putOnUsersShowsFaults_100_101,False,1,500,/api/v1/adminuserservice/users,PUT,500,.statusCode(500) .assertThat(),6,".put(baseUrlOfSut + ""/api/v1/adminuserservice/users"")",".body("" { "" + 
                    "" \""userId\"": \""JG9OiPMYq\"", "" + 
                    "" \""password\"": \""2U44Ys34fRR\"", "" + 
                    "" \""gender\"": 855 "" + 
                    "" } "")",,faults,/mnt/train-ticket-aitest/evomaster/generated-tests/blackbox/ts-admin-user-service/none/EvoMaster_Test_faults.java,21,6,True,0,,0,0,,100.0,0,0,0,0,0,0,False,,/mnt/train-ticket-aitest/evomaster/evomaster-config/runtime-logs/classes/ts-admin-user-service/none/EvoMaster_Test_faults,/mnt/train-ticket-aitest/evomaster/evomaster-config/runtime-logs/classes/ts-admin-user-service/none/EvoMaster_Test_faults/compile.log,/mnt/train-ticket-aitest/evomaster/evomaster-config/runtime-logs/classes/ts-admin-user-service/none/EvoMaster_Test_faults/compile_stdout.log,/mnt/train-ticket-aitest/evomaster/evomaster-config/runtime-logs/classes/ts-admin-user-service/none/EvoMaster_Test_faults/compile_stderr.log,False,True,1,java.lang.AssertionError;test_failure,1,False,15.08,12.84,162.6,"Tests run: 1, Failures: 1, Errors: 0, Skipped: 0",/mnt/train-ticket-aitest/evomaster/evomaster-config/runtime-logs/methods/ts-admin-user-service/none/EvoMaster_Test_faults/test_0_putOnUsersShowsFaults_100_101,/mnt/train-ticket-aitest/evomaster/evomaster-config/runtime-logs/methods/ts-admin-user-service/none/EvoMaster_Test_faults/test_0_putOnUsersShowsFaults_100_101/run.log,/mnt/train-ticket-aitest/evomaster/evomaster-config/runtime-logs/methods/ts-admin-user-service/none/EvoMaster_Test_faults/test_0_putOnUsersShowsFaults_100_101/run_stdout.log,/mnt/train-ticket-aitest/evomaster/evomaster-config/runtime-logs/methods/ts-admin-user-service/none/EvoMaster_Test_faults/test_0_putOnUsersShowsFaults_100_101/run_stderr.log
ts-admin-user-service,user,EvoMaster_Test_faults.java,EvoMaster_Test_faults,test_0_putOnUsersShowsFaults_100_101,False,1,500,/api/v1/adminuserservice/users,PUT,500,.statusCode(500) .assertThat(),6,".put(baseUrlOfSut + ""/api/v1/adminuserservice/users"")",".body("" { "" + 
                    "" \""userName\"": \""DHESUR0NaxCqq\"", "" + 
                    "" \""gender\"": 200, "" + 
                    "" \""documentType\"": 877 "" + 
                    "" } "")",,faults,/mnt/train-ticket-aitest/evomaster/generated-tests/blackbox/ts-admin-user-service/user/EvoMaster_Test_faults.java,21,6,True,0,,0,0,,100.0,0,0,0,0,0,0,False,,/mnt/train-ticket-aitest/evomaster/evomaster-config/runtime-logs/classes/ts-admin-user-service/user/EvoMaster_Test_faults,/mnt/train-ticket-aitest/evomaster/evomaster-config/runtime-logs/classes/ts-admin-user-service/user/EvoMaster_Test_faults/compile.log,/mnt/train-ticket-aitest/evomaster/evomaster-config/runtime-logs/classes/ts-admin-user-service/user/EvoMaster_Test_faults/compile_stdout.log,/mnt/train-ticket-aitest/evomaster/evomaster-config/runtime-logs/classes/ts-admin-user-service/user/EvoMaster_Test_faults/compile_stderr.log,False,True,1,java.lang.AssertionError;test_failure,1,False,14.05,11.4,154.02,"Tests run: 1, Failures: 1, Errors: 0, Skipped: 0",/mnt/train-ticket-aitest/evomaster/evomaster-config/runtime-logs/methods/ts-admin-user-service/user/EvoMaster_Test_faults/test_0_putOnUsersShowsFaults_100_101,/mnt/train-ticket-aitest/evomaster/evomaster-config/runtime-logs/methods/ts-admin-user-service/user/EvoMaster_Test_faults/test_0_putOnUsersShowsFaults_100_101/run.log,/mnt/train-ticket-aitest/evomaster/evomaster-config/runtime-logs/methods/ts-admin-user-service/user/EvoMaster_Test_faults/test_0_putOnUsersShowsFaults_100_101/run_stdout.log,/mnt/train-ticket-aitest/evomaster/evomaster-config/runtime-logs/methods/ts-admin-user-service/user/EvoMaster_Test_faults/test_0_putOnUsersShowsFaults_100_101/run_stderr.log
ts-admin-user-service,user,EvoMaster_Test_faults.java,EvoMaster_Test_faults,test_1_putOnUsersReturnsMismatchResponseWithSchema,False,1,403,/api/v1/adminuserservice/users,PUT,403,.statusCode(403) .assertThat(),2,".put(baseUrlOfSut + ""/api/v1/adminuserservice/users"")",".body("" { "" + 
                    "" \""userName\"": \""7YoBAx\"", "" + 
                    "" \""documentNum\"": \""2UHVmhRVQM\"", "" + 
                    "" \""email\"": \""\"" "" + 
                    "" } "")",".header(""Authorization"", ""Bearer eyJhbGciOiJIUzI1NiJ9.eyJzdWIiOiJmZHNlX21pY3Jvc2VydmljZSIsInJvbGVzIjpbIlJPTEVfVVNFUiJdLCJpZCI6IjRkMmE0NmM3LTcxY2ItNGNmMS1iNWJiLWI2ODQwNmQ5ZGE2ZiIsImlhdCI6MTc3Nzg3MjgzMywiZXhwIjoxNzc3ODc2NDMzfQ.sv733_A_jqo65r9MkfqmDMPEDxHbVBtive-TCAjUjqI"")",faults,/mnt/train-ticket-aitest/evomaster/generated-tests/blackbox/ts-admin-user-service/user/EvoMaster_Test_faults.java,21,6,True,0,,0,0,,100.0,0,0,0,0,0,0,False,,/mnt/train-ticket-aitest/evomaster/evomaster-config/runtime-logs/classes/ts-admin-user-service/user/EvoMaster_Test_faults,/mnt/train-ticket-aitest/evomaster/evomaster-config/runtime-logs/classes/ts-admin-user-service/user/EvoMaster_Test_faults/compile.log,/mnt/train-ticket-aitest/evomaster/evomaster-config/runtime-logs/classes/ts-admin-user-service/user/EvoMaster_Test_faults/compile_stdout.log,/mnt/train-ticket-aitest/evomaster/evomaster-config/runtime-logs/classes/ts-admin-user-service/user/EvoMaster_Test_faults/compile_stderr.log,True,True,0,,0,False,14.63,12.09,152.72,Test passed (detected via Surefire XML),/mnt/train-ticket-aitest/evomaster/evomaster-config/runtime-logs/methods/ts-admin-user-service/user/EvoMaster_Test_faults/test_1_putOnUsersReturnsMismatchResponseWithSchema,/mnt/train-ticket-aitest/evomaster/evomaster-config/runtime-logs/methods/ts-admin-user-service/user/EvoMaster_Test_faults/test_1_putOnUsersReturnsMismatchResponseWithSchema/run.log,/mnt/train-ticket-aitest/evomaster/evomaster-config/runtime-logs/methods/ts-admin-user-service/user/EvoMaster_Test_faults/test_1_putOnUsersReturnsMismatchResponseWithSchema/run_stdout.log,/mnt/train-ticket-aitest/evomaster/evomaster-config/runtime-logs/methods/ts-admin-user-service/user/EvoMaster_Test_faults/test_1_putOnUsersReturnsMismatchResponseWithSchema/run_stderr.log
ts-assurance-service,admin,EvoMaster_Test_faults.java,EvoMaster_Test_faults,test_0_patchOnAssurReturnsMismatchResponseWithSchema,False,1,503,/api/v1/assuranceservice/assurances/{assuranceId}/{orderId}/{typeIndex},PATCH,503,.statusCode(503) .assertThat(),6,".patch(baseUrlOfSut + ""/api/v1/assuranceservice/assurances/8IE4/X6xEEje9e0TP5HKk/325"")",,".header(""Authorization"", ""Bearer eyJhbGciOiJIUzI1NiJ9.eyJzdWIiOiJhZG1pbiIsInJvbGVzIjpbIlJPTEVfQURNSU4iXSwiaWQiOiI3YWRkZDMyZC1lODgyLTQ4ZjUtODFkMi0wOGIwODE4NmNmMWIiLCJpYXQiOjE3Nzc4NzI4MzIsImV4cCI6MTc3Nzg3NjQzMn0.f_DLshRkDsgTBBXterk9EZlY9-pcPc3ax3VK-ouE-ag"")",faults,/mnt/train-ticket-aitest/evomaster/generated-tests/blackbox/ts-assurance-service/admin/EvoMaster_Test_faults.java,21,6,True,0,,0,0,,100.0,0,0,0,0,0,0,False,,/mnt/train-ticket-aitest/evomaster/evomaster-config/runtime-logs/classes/ts-assurance-service/admin/EvoMaster_Test_faults,/mnt/train-ticket-aitest/evomaster/evomaster-config/runtime-logs/classes/ts-assurance-service/admin/EvoMaster_Test_faults/compile.log,/mnt/train-ticket-aitest/evomaster/evomaster-config/runtime-logs/classes/ts-assurance-service/admin/EvoMaster_Test_faults/compile_stdout.log,/mnt/train-ticket-aitest/evomaster/evomaster-config/runtime-logs/classes/ts-assurance-service/admin/EvoMaster_Test_faults/compile_stderr.log,False,True,1,java.lang.AssertionError;test_failure,1,False,17.11,11.65,152.46,"Tests run: 1, Failures: 1, Errors: 0, Skipped: 0",/mnt/train-ticket-aitest/evomaster/evomaster-config/runtime-logs/methods/ts-assurance-service/admin/EvoMaster_Test_faults/test_0_patchOnAssurReturnsMismatchResponseWithSchema,/mnt/train-ticket-aitest/evomaster/evomaster-config/runtime-logs/methods/ts-assurance-service/admin/EvoMaster_Test_faults/test_0_patchOnAssurReturnsMismatchResponseWithSchema/run.log,/mnt/train-ticket-aitest/evomaster/evomaster-config/runtime-logs/methods/ts-assurance-service/admin/EvoMaster_Test_faults/test_0_patchOnAssurReturnsMismatchResponseWithSchema/run_stdout.log,/mnt/train-ticket-aitest/evomaster/evomaster-config/runtime-logs/methods/ts-assurance-service/admin/EvoMaster_Test_faults/test_0_patchOnAssurReturnsMismatchResponseWithSchema/run_stderr.log
ts-assurance-service,admin,EvoMaster_Test_faults.java,EvoMaster_Test_faults,test_1_patchOnAssurReturnsMismatchResponseWithSchema,False,1,503,/api/v1/assuranceservice/assurances/{assuranceId}/{orderId}/{typeIndex},PATCH,503,.statusCode(503) .assertThat(),6,".patch(baseUrlOfSut + ""/api/v1/assuranceservice/assurances/nl/kc0_8I2cvmL7j8D_/-1975232333"")",,".header(""Authorization"", ""Bearer eyJhbGciOiJIUzI1NiJ9.eyJzdWIiOiJhZG1pbiIsInJvbGVzIjpbIlJPTEVfQURNSU4iXSwiaWQiOiI3YWRkZDMyZC1lODgyLTQ4ZjUtODFkMi0wOGIwODE4NmNmMWIiLCJpYXQiOjE3Nzc4NzI4MzIsImV4cCI6MTc3Nzg3NjQzMn0.f_DLshRkDsgTBBXterk9EZlY9-pcPc3ax3VK-ouE-ag"")",faults,/mnt/train-ticket-aitest/evomaster/generated-tests/blackbox/ts-assurance-service/admin/EvoMaster_Test_faults.java,21,6,True,0,,0,0,,100.0,0,0,0,0,0,0,False,,/mnt/train-ticket-aitest/evomaster/evomaster-config/runtime-logs/classes/ts-assurance-service/admin/EvoMaster_Test_faults,/mnt/train-ticket-aitest/evomaster/evomaster-config/runtime-logs/classes/ts-assurance-service/admin/EvoMaster_Test_faults/compile.log,/mnt/train-ticket-aitest/evomaster/evomaster-config/runtime-logs/classes/ts-assurance-service/admin/EvoMaster_Test_faults/compile_stdout.log,/mnt/train-ticket-aitest/evomaster/evomaster-config/runtime-logs/classes/ts-assurance-service/admin/EvoMaster_Test_faults/compile_stderr.log,False,True,1,java.lang.AssertionError;test_failure,1,False,16.59,11.81,155.7,"Tests run: 1, Failures: 1, Errors: 0, Skipped: 0",/mnt/train-ticket-aitest/evomaster/evomaster-config/runtime-logs/methods/ts-assurance-service/admin/EvoMaster_Test_faults/test_1_patchOnAssurReturnsMismatchResponseWithSchema,/mnt/train-ticket-aitest/evomaster/evomaster-config/runtime-logs/methods/ts-assurance-service/admin/EvoMaster_Test_faults/test_1_patchOnAssurReturnsMismatchResponseWithSchema/run.log,/mnt/train-ticket-aitest/evomaster/evomaster-config/runtime-logs/methods/ts-assurance-service/admin/EvoMaster_Test_faults/test_1_patchOnAssurReturnsMismatchResponseWithSchema/run_stdout.log,/mnt/train-ticket-aitest/evomaster/evomaster-config/runtime-logs/methods/ts-assurance-service/admin/EvoMaster_Test_faults/test_1_patchOnAssurReturnsMismatchResponseWithSchema/run_stderr.log
ts-assurance-service,none,EvoMaster_Test_faults.java,EvoMaster_Test_faults,test_0_patchOnAssurReturnsMismatchResponseWithSchema,False,1,503,/api/v1/assuranceservice/assurances/{assuranceId}/{orderId}/{typeIndex},PATCH,503,.statusCode(503) .assertThat(),6,".patch(baseUrlOfSut + ""/api/v1/assuranceservice/assurances/cCiIZU1tSzw4sC/PWw67d/90"")",,,faults,/mnt/train-ticket-aitest/evomaster/generated-tests/blackbox/ts-assurance-service/none/EvoMaster_Test_faults.java,21,6,True,0,,0,0,,100.0,0,0,0,0,0,0,False,,/mnt/train-ticket-aitest/evomaster/evomaster-config/runtime-logs/classes/ts-assurance-service/none/EvoMaster_Test_faults,/mnt/train-ticket-aitest/evomaster/evomaster-config/runtime-logs/classes/ts-assurance-service/none/EvoMaster_Test_faults/compile.log,/mnt/train-ticket-aitest/evomaster/evomaster-config/runtime-logs/classes/ts-assurance-service/none/EvoMaster_Test_faults/compile_stdout.log,/mnt/train-ticket-aitest/evomaster/evomaster-config/runtime-logs/classes/ts-assurance-service/none/EvoMaster_Test_faults/compile_stderr.log,False,True,1,java.lang.AssertionError;test_failure,1,False,16.12,11.9,151.39,"Tests run: 1, Failures: 1, Errors: 0, Skipped: 0",/mnt/train-ticket-aitest/evomaster/evomaster-config/runtime-logs/methods/ts-assurance-service/none/EvoMaster_Test_faults/test_0_patchOnAssurReturnsMismatchResponseWithSchema,/mnt/train-ticket-aitest/evomaster/evomaster-config/runtime-logs/methods/ts-assurance-service/none/EvoMaster_Test_faults/test_0_patchOnAssurReturnsMismatchResponseWithSchema/run.log,/mnt/train-ticket-aitest/evomaster/evomaster-config/runtime-logs/methods/ts-assurance-service/none/EvoMaster_Test_faults/test_0_patchOnAssurReturnsMismatchResponseWithSchema/run_stdout.log,/mnt/train-ticket-aitest/evomaster/evomaster-config/runtime-logs/methods/ts-assurance-service/none/EvoMaster_Test_faults/test_0_patchOnAssurReturnsMismatchResponseWithSchema/run_stderr.log
ts-assurance-service,none,EvoMaster_Test_faults.java,EvoMaster_Test_faults,test_1_patchOnAssurReturnsMismatchResponseWithSchema,False,1,503,/api/v1/assuranceservice/assurances/{assuranceId}/{orderId}/{typeIndex},PATCH,503,.statusCode(503) .assertThat(),6,".patch(baseUrlOfSut + ""/api/v1/assuranceservice/assurances/7bSeeVhWG4Ib/ihbavMxzZ/-1996903597"")",,,faults,/mnt/train-ticket-aitest/evomaster/generated-tests/blackbox/ts-assurance-service/none/EvoMaster_Test_faults.java,21,6,True,0,,0,0,,100.0,0,0,0,0,0,0,False,,/mnt/train-ticket-aitest/evomaster/evomaster-config/runtime-logs/classes/ts-assurance-service/none/EvoMaster_Test_faults,/mnt/train-ticket-aitest/evomaster/evomaster-config/runtime-logs/classes/ts-assurance-service/none/EvoMaster_Test_faults/compile.log,/mnt/train-ticket-aitest/evomaster/evomaster-config/runtime-logs/classes/ts-assurance-service/none/EvoMaster_Test_faults/compile_stdout.log,/mnt/train-ticket-aitest/evomaster/evomaster-config/runtime-logs/classes/ts-assurance-service/none/EvoMaster_Test_faults/compile_stderr.log,False,True,1,java.lang.AssertionError;test_failure,1,False,16.17,11.83,164.51,"Tests run: 1, Failures: 1, Errors: 0, Skipped: 0",/mnt/train-ticket-aitest/evomaster/evomaster-config/runtime-logs/methods/ts-assurance-service/none/EvoMaster_Test_faults/test_1_patchOnAssurReturnsMismatchResponseWithSchema,/mnt/train-ticket-aitest/evomaster/evomaster-config/runtime-logs/methods/ts-assurance-service/none/EvoMaster_Test_faults/test_1_patchOnAssurReturnsMismatchResponseWithSchema/run.log,/mnt/train-ticket-aitest/evomaster/evomaster-config/runtime-logs/methods/ts-assurance-service/none/EvoMaster_Test_faults/test_1_patchOnAssurReturnsMismatchResponseWithSchema/run_stdout.log,/mnt/train-ticket-aitest/evomaster/evomaster-config/runtime-logs/methods/ts-assurance-service/none/EvoMaster_Test_faults/test_1_patchOnAssurReturnsMismatchResponseWithSchema/run_stderr.log
ts-assurance-service,user,EvoMaster_Test_faults.java,EvoMaster_Test_faults,test_0_patchOnAssurReturnsMismatchResponseWithSchema,False,1,503,/api/v1/assuranceservice/assurances/{assuranceId}/{orderId}/{typeIndex},PATCH,503,.statusCode(503) .assertThat(),6,".patch(baseUrlOfSut + ""/api/v1/assuranceservice/assurances/8UpMIBc03pP/4fxNwj/69609292"")",,".header(""Authorization"", ""Bearer eyJhbGciOiJIUzI1NiJ9.eyJzdWIiOiJmZHNlX21pY3Jvc2VydmljZSIsInJvbGVzIjpbIlJPTEVfVVNFUiJdLCJpZCI6IjRkMmE0NmM3LTcxY2ItNGNmMS1iNWJiLWI2ODQwNmQ5ZGE2ZiIsImlhdCI6MTc3Nzg3MjgzMywiZXhwIjoxNzc3ODc2NDMzfQ.sv733_A_jqo65r9MkfqmDMPEDxHbVBtive-TCAjUjqI"")",faults,/mnt/train-ticket-aitest/evomaster/generated-tests/blackbox/ts-assurance-service/user/EvoMaster_Test_faults.java,21,6,True,0,,0,0,,100.0,0,0,0,0,0,0,False,,/mnt/train-ticket-aitest/evomaster/evomaster-config/runtime-logs/classes/ts-assurance-service/user/EvoMaster_Test_faults,/mnt/train-ticket-aitest/evomaster/evomaster-config/runtime-logs/classes/ts-assurance-service/user/EvoMaster_Test_faults/compile.log,/mnt/train-ticket-aitest/evomaster/evomaster-config/runtime-logs/classes/ts-assurance-service/user/EvoMaster_Test_faults/compile_stdout.log,/mnt/train-ticket-aitest/evomaster/evomaster-config/runtime-logs/classes/ts-assurance-service/user/EvoMaster_Test_faults/compile_stderr.log,False,True,1,java.lang.AssertionError;test_failure,1,False,16.14,11.72,149.25,"Tests run: 1, Failures: 1, Errors: 0, Skipped: 0",/mnt/train-ticket-aitest/evomaster/evomaster-config/runtime-logs/methods/ts-assurance-service/user/EvoMaster_Test_faults/test_0_patchOnAssurReturnsMismatchResponseWithSchema,/mnt/train-ticket-aitest/evomaster/evomaster-config/runtime-logs/methods/ts-assurance-service/user/EvoMaster_Test_faults/test_0_patchOnAssurReturnsMismatchResponseWithSchema/run.log,/mnt/train-ticket-aitest/evomaster/evomaster-config/runtime-logs/methods/ts-assurance-service/user/EvoMaster_Test_faults/test_0_patchOnAssurReturnsMismatchResponseWithSchema/run_stdout.log,/mnt/train-ticket-aitest/evomaster/evomaster-config/runtime-logs/methods/ts-assurance-service/user/EvoMaster_Test_faults/test_0_patchOnAssurReturnsMismatchResponseWithSchema/run_stderr.log
ts-cancel-service,admin,EvoMaster_Test_faults.java,EvoMaster_Test_faults,test_0_getOnCancelShowsFaults_100_101,False,1,500,/api/v1/cancelservice/cancel/{orderId}/{loginId},GET,500,.statusCode(500) .assertThat(),6,".get(baseUrlOfSut + ""/api/v1/cancelservice/cancel/mZ1cqW4x/Kn8PsPRx"")",,".header(""Authorization"", ""Bearer eyJhbGciOiJIUzI1NiJ9.eyJzdWIiOiJhZG1pbiIsInJvbGVzIjpbIlJPTEVfQURNSU4iXSwiaWQiOiI3YWRkZDMyZC1lODgyLTQ4ZjUtODFkMi0wOGIwODE4NmNmMWIiLCJpYXQiOjE3Nzc4NzI4MzIsImV4cCI6MTc3Nzg3NjQzMn0.f_DLshRkDsgTBBXterk9EZlY9-pcPc3ax3VK-ouE-ag"")",faults,/mnt/train-ticket-aitest/evomaster/generated-tests/blackbox/ts-cancel-service/admin/EvoMaster_Test_faults.java,21,6,True,0,,0,0,,100.0,0,0,0,0,0,0,False,,/mnt/train-ticket-aitest/evomaster/evomaster-config/runtime-logs/classes/ts-cancel-service/admin/EvoMaster_Test_faults,/mnt/train-ticket-aitest/evomaster/evomaster-config/runtime-logs/classes/ts-cancel-service/admin/EvoMaster_Test_faults/compile.log,/mnt/train-ticket-aitest/evomaster/evomaster-config/runtime-logs/classes/ts-cancel-service/admin/EvoMaster_Test_faults/compile_stdout.log,/mnt/train-ticket-aitest/evomaster/evomaster-config/runtime-logs/classes/ts-cancel-service/admin/EvoMaster_Test_faults/compile_stderr.log,False,True,1,java.lang.AssertionError;test_failure,1,False,16.17,11.88,159.54,"Tests run: 1, Failures: 1, Errors: 0, Skipped: 0",/mnt/train-ticket-aitest/evomaster/evomaster-config/runtime-logs/methods/ts-cancel-service/admin/EvoMaster_Test_faults/test_0_getOnCancelShowsFaults_100_101,/mnt/train-ticket-aitest/evomaster/evomaster-config/runtime-logs/methods/ts-cancel-service/admin/EvoMaster_Test_faults/test_0_getOnCancelShowsFaults_100_101/run.log,/mnt/train-ticket-aitest/evomaster/evomaster-config/runtime-logs/methods/ts-cancel-service/admin/EvoMaster_Test_faults/test_0_getOnCancelShowsFaults_100_101/run_stdout.log,/mnt/train-ticket-aitest/evomaster/evomaster-config/runtime-logs/methods/ts-cancel-service/admin/EvoMaster_Test_faults/test_0_getOnCancelShowsFaults_100_101/run_stderr.log
ts-cancel-service,admin,EvoMaster_Test_faults.java,EvoMaster_Test_faults,test_1_getOnCancelReturnsMismatchResponseWithSchema,False,1,200,/api/v1/cancelservice/cancel/{orderId}/{loginId},GET,200,.statusCode(200) .assertThat(),5,".get(baseUrlOfSut + ""/api/v1/cancelservice/cancel/Mz/gVwEuWMS"")",,".header(""Authorization"", ""Bearer eyJhbGciOiJIUzI1NiJ9.eyJzdWIiOiJhZG1pbiIsInJvbGVzIjpbIlJPTEVfQURNSU4iXSwiaWQiOiI3YWRkZDMyZC1lODgyLTQ4ZjUtODFkMi0wOGIwODE4NmNmMWIiLCJpYXQiOjE3Nzc4NzI4MzIsImV4cCI6MTc3Nzg3NjQzMn0.f_DLshRkDsgTBBXterk9EZlY9-pcPc3ax3VK-ouE-ag"")",faults,/mnt/train-ticket-aitest/evomaster/generated-tests/blackbox/ts-cancel-service/admin/EvoMaster_Test_faults.java,21,6,True,0,,0,0,,100.0,0,0,0,0,0,0,False,,/mnt/train-ticket-aitest/evomaster/evomaster-config/runtime-logs/classes/ts-cancel-service/admin/EvoMaster_Test_faults,/mnt/train-ticket-aitest/evomaster/evomaster-config/runtime-logs/classes/ts-cancel-service/admin/EvoMaster_Test_faults/compile.log,/mnt/train-ticket-aitest/evomaster/evomaster-config/runtime-logs/classes/ts-cancel-service/admin/EvoMaster_Test_faults/compile_stdout.log,/mnt/train-ticket-aitest/evomaster/evomaster-config/runtime-logs/classes/ts-cancel-service/admin/EvoMaster_Test_faults/compile_stderr.log,False,True,1,java.lang.AssertionError;test_failure,1,False,16.09,11.26,148.84,"Tests run: 1, Failures: 1, Errors: 0, Skipped: 0",/mnt/train-ticket-aitest/evomaster/evomaster-config/runtime-logs/methods/ts-cancel-service/admin/EvoMaster_Test_faults/test_1_getOnCancelReturnsMismatchResponseWithSchema,/mnt/train-ticket-aitest/evomaster/evomaster-config/runtime-logs/methods/ts-cancel-service/admin/EvoMaster_Test_faults/test_1_getOnCancelReturnsMismatchResponseWithSchema/run.log,/mnt/train-ticket-aitest/evomaster/evomaster-config/runtime-logs/methods/ts-cancel-service/admin/EvoMaster_Test_faults/test_1_getOnCancelReturnsMismatchResponseWithSchema/run_stdout.log,/mnt/train-ticket-aitest/evomaster/evomaster-config/runtime-logs/methods/ts-cancel-service/admin/EvoMaster_Test_faults/test_1_getOnCancelReturnsMismatchResponseWithSchema/run_stderr.log
ts-cancel-service,none,EvoMaster_Test_faults.java,EvoMaster_Test_faults,test_0_getOnCancelShowsFaults_100_101,False,1,500,/api/v1/cancelservice/cancel/{orderId}/{loginId},GET,500,.statusCode(500) .assertThat(),6,".get(baseUrlOfSut + ""/api/v1/cancelservice/cancel/FQUS_1_k/Dz5RpQsMV09Eeam"")",,,faults,/mnt/train-ticket-aitest/evomaster/generated-tests/blackbox/ts-cancel-service/none/EvoMaster_Test_faults.java,21,6,True,0,,0,0,,100.0,0,0,0,0,0,0,False,,/mnt/train-ticket-aitest/evomaster/evomaster-config/runtime-logs/classes/ts-cancel-service/none/EvoMaster_Test_faults,/mnt/train-ticket-aitest/evomaster/evomaster-config/runtime-logs/classes/ts-cancel-service/none/EvoMaster_Test_faults/compile.log,/mnt/train-ticket-aitest/evomaster/evomaster-config/runtime-logs/classes/ts-cancel-service/none/EvoMaster_Test_faults/compile_stdout.log,/mnt/train-ticket-aitest/evomaster/evomaster-config/runtime-logs/classes/ts-cancel-service/none/EvoMaster_Test_faults/compile_stderr.log,False,True,1,java.lang.AssertionError;test_failure,1,False,14.66,12.12,158.93,"Tests run: 1, Failures: 1, Errors: 0, Skipped: 0",/mnt/train-ticket-aitest/evomaster/evomaster-config/runtime-logs/methods/ts-cancel-service/none/EvoMaster_Test_faults/test_0_getOnCancelShowsFaults_100_101,/mnt/train-ticket-aitest/evomaster/evomaster-config/runtime-logs/methods/ts-cancel-service/none/EvoMaster_Test_faults/test_0_getOnCancelShowsFaults_100_101/run.log,/mnt/train-ticket-aitest/evomaster/evomaster-config/runtime-logs/methods/ts-cancel-service/none/EvoMaster_Test_faults/test_0_getOnCancelShowsFaults_100_101/run_stdout.log,/mnt/train-ticket-aitest/evomaster/evomaster-config/runtime-logs/methods/ts-cancel-service/none/EvoMaster_Test_faults/test_0_getOnCancelShowsFaults_100_101/run_stderr.log
ts-cancel-service,user,EvoMaster_Test_faults.java,EvoMaster_Test_faults,test_0_getOnCancelShowsFaults_100_101,False,1,500,/api/v1/cancelservice/cancel/{orderId}/{loginId},GET,500,.statusCode(500) .assertThat(),6,".get(baseUrlOfSut + ""/api/v1/cancelservice/cancel/bwAb/x"")",,".header(""Authorization"", ""Bearer eyJhbGciOiJIUzI1NiJ9.eyJzdWIiOiJmZHNlX21pY3Jvc2VydmljZSIsInJvbGVzIjpbIlJPTEVfVVNFUiJdLCJpZCI6IjRkMmE0NmM3LTcxY2ItNGNmMS1iNWJiLWI2ODQwNmQ5ZGE2ZiIsImlhdCI6MTc3Nzg3MjgzMywiZXhwIjoxNzc3ODc2NDMzfQ.sv733_A_jqo65r9MkfqmDMPEDxHbVBtive-TCAjUjqI"")",faults,/mnt/train-ticket-aitest/evomaster/generated-tests/blackbox/ts-cancel-service/user/EvoMaster_Test_faults.java,21,6,True,0,,0,0,,100.0,0,0,0,0,0,0,False,,/mnt/train-ticket-aitest/evomaster/evomaster-config/runtime-logs/classes/ts-cancel-service/user/EvoMaster_Test_faults,/mnt/train-ticket-aitest/evomaster/evomaster-config/runtime-logs/classes/ts-cancel-service/user/EvoMaster_Test_faults/compile.log,/mnt/train-ticket-aitest/evomaster/evomaster-config/runtime-logs/classes/ts-cancel-service/user/EvoMaster_Test_faults/compile_stdout.log,/mnt/train-ticket-aitest/evomaster/evomaster-config/runtime-logs/classes/ts-cancel-service/user/EvoMaster_Test_faults/compile_stderr.log,False,True,1,java.lang.AssertionError;test_failure,1,False,14.58,11.86,152.04,"Tests run: 1, Failures: 1, Errors: 0, Skipped: 0",/mnt/train-ticket-aitest/evomaster/evomaster-config/runtime-logs/methods/ts-cancel-service/user/EvoMaster_Test_faults/test_0_getOnCancelShowsFaults_100_101,/mnt/train-ticket-aitest/evomaster/evomaster-config/runtime-logs/methods/ts-cancel-service/user/EvoMaster_Test_faults/test_0_getOnCancelShowsFaults_100_101/run.log,/mnt/train-ticket-aitest/evomaster/evomaster-config/runtime-logs/methods/ts-cancel-service/user/EvoMaster_Test_faults/test_0_getOnCancelShowsFaults_100_101/run_stdout.log,/mnt/train-ticket-aitest/evomaster/evomaster-config/runtime-logs/methods/ts-cancel-service/user/EvoMaster_Test_faults/test_0_getOnCancelShowsFaults_100_101/run_stderr.log
ts-cancel-service,user,EvoMaster_Test_faults.java,EvoMaster_Test_faults,test_1_getOnCancelReturnsMismatchResponseWithSchema,False,1,200,/api/v1/cancelservice/cancel/{orderId}/{loginId},GET,200,.statusCode(200) .assertThat(),5,".get(baseUrlOfSut + ""/api/v1/cancelservice/cancel/t5x2r0h4GXRVJ/eXhXy"")",,".header(""Authorization"", ""Bearer eyJhbGciOiJIUzI1NiJ9.eyJzdWIiOiJmZHNlX21pY3Jvc2VydmljZSIsInJvbGVzIjpbIlJPTEVfVVNFUiJdLCJpZCI6IjRkMmE0NmM3LTcxY2ItNGNmMS1iNWJiLWI2ODQwNmQ5ZGE2ZiIsImlhdCI6MTc3Nzg3MjgzMywiZXhwIjoxNzc3ODc2NDMzfQ.sv733_A_jqo65r9MkfqmDMPEDxHbVBtive-TCAjUjqI"")",faults,/mnt/train-ticket-aitest/evomaster/generated-tests/blackbox/ts-cancel-service/user/EvoMaster_Test_faults.java,21,6,True,0,,0,0,,100.0,0,0,0,0,0,0,False,,/mnt/train-ticket-aitest/evomaster/evomaster-config/runtime-logs/classes/ts-cancel-service/user/EvoMaster_Test_faults,/mnt/train-ticket-aitest/evomaster/evomaster-config/runtime-logs/classes/ts-cancel-service/user/EvoMaster_Test_faults/compile.log,/mnt/train-ticket-aitest/evomaster/evomaster-config/runtime-logs/classes/ts-cancel-service/user/EvoMaster_Test_faults/compile_stdout.log,/mnt/train-ticket-aitest/evomaster/evomaster-config/runtime-logs/classes/ts-cancel-service/user/EvoMaster_Test_faults/compile_stderr.log,False,True,1,java.lang.AssertionError;test_failure,1,False,16.62,11.86,152.85,"Tests run: 1, Failures: 1, Errors: 0, Skipped: 0",/mnt/train-ticket-aitest/evomaster/evomaster-config/runtime-logs/methods/ts-cancel-service/user/EvoMaster_Test_faults/test_1_getOnCancelReturnsMismatchResponseWithSchema,/mnt/train-ticket-aitest/evomaster/evomaster-config/runtime-logs/methods/ts-cancel-service/user/EvoMaster_Test_faults/test_1_getOnCancelReturnsMismatchResponseWithSchema/run.log,/mnt/train-ticket-aitest/evomaster/evomaster-config/runtime-logs/methods/ts-cancel-service/user/EvoMaster_Test_faults/test_1_getOnCancelReturnsMismatchResponseWithSchema/run_stdout.log,/mnt/train-ticket-aitest/evomaster/evomaster-config/runtime-logs/methods/ts-cancel-service/user/EvoMaster_Test_faults/test_1_getOnCancelReturnsMismatchResponseWithSchema/run_stderr.log
ts-contacts-service,admin,EvoMaster_Test_faults.java,EvoMaster_Test_faults,test_0_getOnContactsShowsFaults_100_101,False,1,500,/api/v1/contactservice/contacts,GET,500,.statusCode(500) .assertThat(),6,".get(baseUrlOfSut + ""/api/v1/contactservice/contacts"")",,,faults,/mnt/train-ticket-aitest/evomaster/generated-tests/blackbox/ts-contacts-service/admin/EvoMaster_Test_faults.java,21,6,True,0,,0,0,,100.0,0,0,0,0,0,0,False,,/mnt/train-ticket-aitest/evomaster/evomaster-config/runtime-logs/classes/ts-contacts-service/admin/EvoMaster_Test_faults,/mnt/train-ticket-aitest/evomaster/evomaster-config/runtime-logs/classes/ts-contacts-service/admin/EvoMaster_Test_faults/compile.log,/mnt/train-ticket-aitest/evomaster/evomaster-config/runtime-logs/classes/ts-contacts-service/admin/EvoMaster_Test_faults/compile_stdout.log,/mnt/train-ticket-aitest/evomaster/evomaster-config/runtime-logs/classes/ts-contacts-service/admin/EvoMaster_Test_faults/compile_stderr.log,False,True,1,java.lang.AssertionError;test_failure,1,False,14.56,11.92,158.55,"Tests run: 1, Failures: 1, Errors: 0, Skipped: 0",/mnt/train-ticket-aitest/evomaster/evomaster-config/runtime-logs/methods/ts-contacts-service/admin/EvoMaster_Test_faults/test_0_getOnContactsShowsFaults_100_101,/mnt/train-ticket-aitest/evomaster/evomaster-config/runtime-logs/methods/ts-contacts-service/admin/EvoMaster_Test_faults/test_0_getOnContactsShowsFaults_100_101/run.log,/mnt/train-ticket-aitest/evomaster/evomaster-config/runtime-logs/methods/ts-contacts-service/admin/EvoMaster_Test_faults/test_0_getOnContactsShowsFaults_100_101/run_stdout.log,/mnt/train-ticket-aitest/evomaster/evomaster-config/runtime-logs/methods/ts-contacts-service/admin/EvoMaster_Test_faults/test_0_getOnContactsShowsFaults_100_101/run_stderr.log
ts-contacts-service,admin,EvoMaster_Test_faults.java,EvoMaster_Test_faults,test_1_getOnContactsReturnsMismatchResponseWithSchema,False,1,200,/api/v1/contactservice/contacts,GET,200,.statusCode(200) .assertThat(),20,".get(baseUrlOfSut + ""/api/v1/contactservice/contacts"")",,".header(""Authorization"", ""Bearer eyJhbGciOiJIUzI1NiJ9.eyJzdWIiOiJhZG1pbiIsInJvbGVzIjpbIlJPTEVfQURNSU4iXSwiaWQiOiI3YWRkZDMyZC1lODgyLTQ4ZjUtODFkMi0wOGIwODE4NmNmMWIiLCJpYXQiOjE3Nzc4NzI4MzIsImV4cCI6MTc3Nzg3NjQzMn0.f_DLshRkDsgTBBXterk9EZlY9-pcPc3ax3VK-ouE-ag"")",faults,/mnt/train-ticket-aitest/evomaster/generated-tests/blackbox/ts-contacts-service/admin/EvoMaster_Test_faults.java,21,6,True,0,,0,0,,100.0,0,0,0,0,0,0,False,,/mnt/train-ticket-aitest/evomaster/evomaster-config/runtime-logs/classes/ts-contacts-service/admin/EvoMaster_Test_faults,/mnt/train-ticket-aitest/evomaster/evomaster-config/runtime-logs/classes/ts-contacts-service/admin/EvoMaster_Test_faults/compile.log,/mnt/train-ticket-aitest/evomaster/evomaster-config/runtime-logs/classes/ts-contacts-service/admin/EvoMaster_Test_faults/compile_stdout.log,/mnt/train-ticket-aitest/evomaster/evomaster-config/runtime-logs/classes/ts-contacts-service/admin/EvoMaster_Test_faults/compile_stderr.log,False,True,1,java.lang.AssertionError;test_failure,1,False,16.62,11.75,158.64,"Tests run: 1, Failures: 1, Errors: 0, Skipped: 0",/mnt/train-ticket-aitest/evomaster/evomaster-config/runtime-logs/methods/ts-contacts-service/admin/EvoMaster_Test_faults/test_1_getOnContactsReturnsMismatchResponseWithSchema,/mnt/train-ticket-aitest/evomaster/evomaster-config/runtime-logs/methods/ts-contacts-service/admin/EvoMaster_Test_faults/test_1_getOnContactsReturnsMismatchResponseWithSchema/run.log,/mnt/train-ticket-aitest/evomaster/evomaster-config/runtime-logs/methods/ts-contacts-service/admin/EvoMaster_Test_faults/test_1_getOnContactsReturnsMismatchResponseWithSchema/run_stdout.log,/mnt/train-ticket-aitest/evomaster/evomaster-config/runtime-logs/methods/ts-contacts-service/admin/EvoMaster_Test_faults/test_1_getOnContactsReturnsMismatchResponseWithSchema/run_stderr.log
ts-contacts-service,admin,EvoMaster_Test_faults.java,EvoMaster_Test_faults,test_2_deleteOnContactShowsFaults_100_101,False,1,500,/api/v1/contactservice/contacts/{contactsId},DELETE,500,.statusCode(500) .assertThat(),6,".delete(baseUrlOfSut + ""/api/v1/contactservice/contacts/Q"")",,".header(""Authorization"", ""Bearer eyJhbGciOiJIUzI1NiJ9.eyJzdWIiOiJhZG1pbiIsInJvbGVzIjpbIlJPTEVfQURNSU4iXSwiaWQiOiI3YWRkZDMyZC1lODgyLTQ4ZjUtODFkMi0wOGIwODE4NmNmMWIiLCJpYXQiOjE3Nzc4NzI4MzIsImV4cCI6MTc3Nzg3NjQzMn0.f_DLshRkDsgTBBXterk9EZlY9-pcPc3ax3VK-ouE-ag"")",faults,/mnt/train-ticket-aitest/evomaster/generated-tests/blackbox/ts-contacts-service/admin/EvoMaster_Test_faults.java,21,6,True,0,,0,0,,100.0,0,0,0,0,0,0,False,,/mnt/train-ticket-aitest/evomaster/evomaster-config/runtime-logs/classes/ts-contacts-service/admin/EvoMaster_Test_faults,/mnt/train-ticket-aitest/evomaster/evomaster-config/runtime-logs/classes/ts-contacts-service/admin/EvoMaster_Test_faults/compile.log,/mnt/train-ticket-aitest/evomaster/evomaster-config/runtime-logs/classes/ts-contacts-service/admin/EvoMaster_Test_faults/compile_stdout.log,/mnt/train-ticket-aitest/evomaster/evomaster-config/runtime-logs/classes/ts-contacts-service/admin/EvoMaster_Test_faults/compile_stderr.log,False,True,1,java.lang.AssertionError;test_failure,1,False,14.57,11.98,155.91,"Tests run: 1, Failures: 1, Errors: 0, Skipped: 0",/mnt/train-ticket-aitest/evomaster/evomaster-config/runtime-logs/methods/ts-contacts-service/admin/EvoMaster_Test_faults/test_2_deleteOnContactShowsFaults_100_101,/mnt/train-ticket-aitest/evomaster/evomaster-config/runtime-logs/methods/ts-contacts-service/admin/EvoMaster_Test_faults/test_2_deleteOnContactShowsFaults_100_101/run.log,/mnt/train-ticket-aitest/evomaster/evomaster-config/runtime-logs/methods/ts-contacts-service/admin/EvoMaster_Test_faults/test_2_deleteOnContactShowsFaults_100_101/run_stdout.log,/mnt/train-ticket-aitest/evomaster/evomaster-config/runtime-logs/methods/ts-contacts-service/admin/EvoMaster_Test_faults/test_2_deleteOnContactShowsFaults_100_101/run_stderr.log
ts-contacts-service,admin,EvoMaster_Test_faults.java,EvoMaster_Test_faults,test_3_deleteOnContactReturnsMismatchResponseWithSchema,False,1,200,/api/v1/contactservice/contacts/{contactsId},DELETE,200,.statusCode(200) .assertThat(),5,".delete(baseUrlOfSut + ""/api/v1/contactservice/contacts/Gzz8u"")",,".header(""Authorization"", ""Bearer eyJhbGciOiJIUzI1NiJ9.eyJzdWIiOiJhZG1pbiIsInJvbGVzIjpbIlJPTEVfQURNSU4iXSwiaWQiOiI3YWRkZDMyZC1lODgyLTQ4ZjUtODFkMi0wOGIwODE4NmNmMWIiLCJpYXQiOjE3Nzc4NzI4MzIsImV4cCI6MTc3Nzg3NjQzMn0.f_DLshRkDsgTBBXterk9EZlY9-pcPc3ax3VK-ouE-ag"")",faults,/mnt/train-ticket-aitest/evomaster/generated-tests/blackbox/ts-contacts-service/admin/EvoMaster_Test_faults.java,21,6,True,0,,0,0,,100.0,0,0,0,0,0,0,False,,/mnt/train-ticket-aitest/evomaster/evomaster-config/runtime-logs/classes/ts-contacts-service/admin/EvoMaster_Test_faults,/mnt/train-ticket-aitest/evomaster/evomaster-config/runtime-logs/classes/ts-contacts-service/admin/EvoMaster_Test_faults/compile.log,/mnt/train-ticket-aitest/evomaster/evomaster-config/runtime-logs/classes/ts-contacts-service/admin/EvoMaster_Test_faults/compile_stdout.log,/mnt/train-ticket-aitest/evomaster/evomaster-config/runtime-logs/classes/ts-contacts-service/admin/EvoMaster_Test_faults/compile_stderr.log,True,True,0,,0,False,16.62,11.65,159.52,Test passed (detected via Surefire XML),/mnt/train-ticket-aitest/evomaster/evomaster-config/runtime-logs/methods/ts-contacts-service/admin/EvoMaster_Test_faults/test_3_deleteOnContactReturnsMismatchResponseWithSchema,/mnt/train-ticket-aitest/evomaster/evomaster-config/runtime-logs/methods/ts-contacts-service/admin/EvoMaster_Test_faults/test_3_deleteOnContactReturnsMismatchResponseWithSchema/run.log,/mnt/train-ticket-aitest/evomaster/evomaster-config/runtime-logs/methods/ts-contacts-service/admin/EvoMaster_Test_faults/test_3_deleteOnContactReturnsMismatchResponseWithSchema/run_stdout.log,/mnt/train-ticket-aitest/evomaster/evomaster-config/runtime-logs/methods/ts-contacts-service/admin/EvoMaster_Test_faults/test_3_deleteOnContactReturnsMismatchResponseWithSchema/run_stderr.log
ts-contacts-service,admin,EvoMaster_Test_faults.java,EvoMaster_Test_faults,test_4_deleteOnContactReturnsMismatchResponseWithSchema,False,1,403,/api/v1/contactservice/contacts/{contactsId},DELETE,403,.statusCode(403) .assertThat(),2,".delete(baseUrlOfSut + ""/api/v1/contactservice/contacts/lCD"")",,,faults,/mnt/train-ticket-aitest/evomaster/generated-tests/blackbox/ts-contacts-service/admin/EvoMaster_Test_faults.java,21,6,True,0,,0,0,,100.0,0,0,0,0,0,0,False,,/mnt/train-ticket-aitest/evomaster/evomaster-config/runtime-logs/classes/ts-contacts-service/admin/EvoMaster_Test_faults,/mnt/train-ticket-aitest/evomaster/evomaster-config/runtime-logs/classes/ts-contacts-service/admin/EvoMaster_Test_faults/compile.log,/mnt/train-ticket-aitest/evomaster/evomaster-config/runtime-logs/classes/ts-contacts-service/admin/EvoMaster_Test_faults/compile_stdout.log,/mnt/train-ticket-aitest/evomaster/evomaster-config/runtime-logs/classes/ts-contacts-service/admin/EvoMaster_Test_faults/compile_stderr.log,True,True,0,,0,False,15.11,12.91,173.88,Test passed (detected via Surefire XML),/mnt/train-ticket-aitest/evomaster/evomaster-config/runtime-logs/methods/ts-contacts-service/admin/EvoMaster_Test_faults/test_4_deleteOnContactReturnsMismatchResponseWithSchema,/mnt/train-ticket-aitest/evomaster/evomaster-config/runtime-logs/methods/ts-contacts-service/admin/EvoMaster_Test_faults/test_4_deleteOnContactReturnsMismatchResponseWithSchema/run.log,/mnt/train-ticket-aitest/evomaster/evomaster-config/runtime-logs/methods/ts-contacts-service/admin/EvoMaster_Test_faults/test_4_deleteOnContactReturnsMismatchResponseWithSchema/run_stdout.log,/mnt/train-ticket-aitest/evomaster/evomaster-config/runtime-logs/methods/ts-contacts-service/admin/EvoMaster_Test_faults/test_4_deleteOnContactReturnsMismatchResponseWithSchema/run_stderr.log
ts-contacts-service,none,EvoMaster_Test_faults.java,EvoMaster_Test_faults,test_0_getOnContactsReturnsMismatchResponseWithSchema,False,1,403,/api/v1/contactservice/contacts,GET,403,.statusCode(403) .assertThat(),2,".get(baseUrlOfSut + ""/api/v1/contactservice/contacts"")",,,faults,/mnt/train-ticket-aitest/evomaster/generated-tests/blackbox/ts-contacts-service/none/EvoMaster_Test_faults.java,21,6,True,0,,0,0,,100.0,0,0,0,0,0,0,False,,/mnt/train-ticket-aitest/evomaster/evomaster-config/runtime-logs/classes/ts-contacts-service/none/EvoMaster_Test_faults,/mnt/train-ticket-aitest/evomaster/evomaster-config/runtime-logs/classes/ts-contacts-service/none/EvoMaster_Test_faults/compile.log,/mnt/train-ticket-aitest/evomaster/evomaster-config/runtime-logs/classes/ts-contacts-service/none/EvoMaster_Test_faults/compile_stdout.log,/mnt/train-ticket-aitest/evomaster/evomaster-config/runtime-logs/classes/ts-contacts-service/none/EvoMaster_Test_faults/compile_stderr.log,True,True,0,,0,False,14.61,11.55,154.21,Test passed (detected via Surefire XML),/mnt/train-ticket-aitest/evomaster/evomaster-config/runtime-logs/methods/ts-contacts-service/none/EvoMaster_Test_faults/test_0_getOnContactsReturnsMismatchResponseWithSchema,/mnt/train-ticket-aitest/evomaster/evomaster-config/runtime-logs/methods/ts-contacts-service/none/EvoMaster_Test_faults/test_0_getOnContactsReturnsMismatchResponseWithSchema/run.log,/mnt/train-ticket-aitest/evomaster/evomaster-config/runtime-logs/methods/ts-contacts-service/none/EvoMaster_Test_faults/test_0_getOnContactsReturnsMismatchResponseWithSchema/run_stdout.log,/mnt/train-ticket-aitest/evomaster/evomaster-config/runtime-logs/methods/ts-contacts-service/none/EvoMaster_Test_faults/test_0_getOnContactsReturnsMismatchResponseWithSchema/run_stderr.log
ts-contacts-service,none,EvoMaster_Test_faults.java,EvoMaster_Test_faults,test_1_deleteOnContactShowsFaults_100_101,False,1,500,/api/v1/contactservice/contacts/{contactsId},DELETE,500,.statusCode(500) .assertThat(),6,".delete(baseUrlOfSut + ""/api/v1/contactservice/contacts/BRKCGp"")",,,faults,/mnt/train-ticket-aitest/evomaster/generated-tests/blackbox/ts-contacts-service/none/EvoMaster_Test_faults.java,21,6,True,0,,0,0,,100.0,0,0,0,0,0,0,False,,/mnt/train-ticket-aitest/evomaster/evomaster-config/runtime-logs/classes/ts-contacts-service/none/EvoMaster_Test_faults,/mnt/train-ticket-aitest/evomaster/evomaster-config/runtime-logs/classes/ts-contacts-service/none/EvoMaster_Test_faults/compile.log,/mnt/train-ticket-aitest/evomaster/evomaster-config/runtime-logs/classes/ts-contacts-service/none/EvoMaster_Test_faults/compile_stdout.log,/mnt/train-ticket-aitest/evomaster/evomaster-config/runtime-logs/classes/ts-contacts-service/none/EvoMaster_Test_faults/compile_stderr.log,False,True,1,java.lang.AssertionError;test_failure,1,False,14.57,12.08,158.39,"Tests run: 1, Failures: 1, Errors: 0, Skipped: 0",/mnt/train-ticket-aitest/evomaster/evomaster-config/runtime-logs/methods/ts-contacts-service/none/EvoMaster_Test_faults/test_1_deleteOnContactShowsFaults_100_101,/mnt/train-ticket-aitest/evomaster/evomaster-config/runtime-logs/methods/ts-contacts-service/none/EvoMaster_Test_faults/test_1_deleteOnContactShowsFaults_100_101/run.log,/mnt/train-ticket-aitest/evomaster/evomaster-config/runtime-logs/methods/ts-contacts-service/none/EvoMaster_Test_faults/test_1_deleteOnContactShowsFaults_100_101/run_stdout.log,/mnt/train-ticket-aitest/evomaster/evomaster-config/runtime-logs/methods/ts-contacts-service/none/EvoMaster_Test_faults/test_1_deleteOnContactShowsFaults_100_101/run_stderr.log
ts-contacts-service,none,EvoMaster_Test_faults.java,EvoMaster_Test_faults,test_2_deleteOnContactReturnsMismatchResponseWithSchema,False,1,403,/api/v1/contactservice/contacts/{contactsId},DELETE,403,.statusCode(403) .assertThat(),2,".delete(baseUrlOfSut + ""/api/v1/contactservice/contacts/KHz45sQUPG"")",,,faults,/mnt/train-ticket-aitest/evomaster/generated-tests/blackbox/ts-contacts-service/none/EvoMaster_Test_faults.java,21,6,True,0,,0,0,,100.0,0,0,0,0,0,0,False,,/mnt/train-ticket-aitest/evomaster/evomaster-config/runtime-logs/classes/ts-contacts-service/none/EvoMaster_Test_faults,/mnt/train-ticket-aitest/evomaster/evomaster-config/runtime-logs/classes/ts-contacts-service/none/EvoMaster_Test_faults/compile.log,/mnt/train-ticket-aitest/evomaster/evomaster-config/runtime-logs/classes/ts-contacts-service/none/EvoMaster_Test_faults/compile_stdout.log,/mnt/train-ticket-aitest/evomaster/evomaster-config/runtime-logs/classes/ts-contacts-service/none/EvoMaster_Test_faults/compile_stderr.log,True,True,0,,0,False,14.09,11.8,159.12,Test passed (detected via Surefire XML),/mnt/train-ticket-aitest/evomaster/evomaster-config/runtime-logs/methods/ts-contacts-service/none/EvoMaster_Test_faults/test_2_deleteOnContactReturnsMismatchResponseWithSchema,/mnt/train-ticket-aitest/evomaster/evomaster-config/runtime-logs/methods/ts-contacts-service/none/EvoMaster_Test_faults/test_2_deleteOnContactReturnsMismatchResponseWithSchema/run.log,/mnt/train-ticket-aitest/evomaster/evomaster-config/runtime-logs/methods/ts-contacts-service/none/EvoMaster_Test_faults/test_2_deleteOnContactReturnsMismatchResponseWithSchema/run_stdout.log,/mnt/train-ticket-aitest/evomaster/evomaster-config/runtime-logs/methods/ts-contacts-service/none/EvoMaster_Test_faults/test_2_deleteOnContactReturnsMismatchResponseWithSchema/run_stderr.log
ts-contacts-service,user,EvoMaster_Test_faults.java,EvoMaster_Test_faults,test_0_getOnContactsShowsFaults_100_101,False,1,500,/api/v1/contactservice/contacts,GET,500,.statusCode(500) .assertThat(),6,".get(baseUrlOfSut + ""/api/v1/contactservice/contacts"")",,".header(""Authorization"", ""Bearer eyJhbGciOiJIUzI1NiJ9.eyJzdWIiOiJmZHNlX21pY3Jvc2VydmljZSIsInJvbGVzIjpbIlJPTEVfVVNFUiJdLCJpZCI6IjRkMmE0NmM3LTcxY2ItNGNmMS1iNWJiLWI2ODQwNmQ5ZGE2ZiIsImlhdCI6MTc3Nzg3MjgzMywiZXhwIjoxNzc3ODc2NDMzfQ.sv733_A_jqo65r9MkfqmDMPEDxHbVBtive-TCAjUjqI"")",faults,/mnt/train-ticket-aitest/evomaster/generated-tests/blackbox/ts-contacts-service/user/EvoMaster_Test_faults.java,21,6,True,0,,0,0,,100.0,0,0,0,0,0,0,False,,/mnt/train-ticket-aitest/evomaster/evomaster-config/runtime-logs/classes/ts-contacts-service/user/EvoMaster_Test_faults,/mnt/train-ticket-aitest/evomaster/evomaster-config/runtime-logs/classes/ts-contacts-service/user/EvoMaster_Test_faults/compile.log,/mnt/train-ticket-aitest/evomaster/evomaster-config/runtime-logs/classes/ts-contacts-service/user/EvoMaster_Test_faults/compile_stdout.log,/mnt/train-ticket-aitest/evomaster/evomaster-config/runtime-logs/classes/ts-contacts-service/user/EvoMaster_Test_faults/compile_stderr.log,False,True,1,java.lang.AssertionError;test_failure,1,False,15.13,11.78,154.01,"Tests run: 1, Failures: 1, Errors: 0, Skipped: 0",/mnt/train-ticket-aitest/evomaster/evomaster-config/runtime-logs/methods/ts-contacts-service/user/EvoMaster_Test_faults/test_0_getOnContactsShowsFaults_100_101,/mnt/train-ticket-aitest/evomaster/evomaster-config/runtime-logs/methods/ts-contacts-service/user/EvoMaster_Test_faults/test_0_getOnContactsShowsFaults_100_101/run.log,/mnt/train-ticket-aitest/evomaster/evomaster-config/runtime-logs/methods/ts-contacts-service/user/EvoMaster_Test_faults/test_0_getOnContactsShowsFaults_100_101/run_stdout.log,/mnt/train-ticket-aitest/evomaster/evomaster-config/runtime-logs/methods/ts-contacts-service/user/EvoMaster_Test_faults/test_0_getOnContactsShowsFaults_100_101/run_stderr.log
ts-contacts-service,user,EvoMaster_Test_faults.java,EvoMaster_Test_faults,test_1_getOnContactsReturnsMismatchResponseWithSchema,False,1,200,/api/v1/contactservice/contacts,GET,200,.statusCode(200) .assertThat(),20,".get(baseUrlOfSut + ""/api/v1/contactservice/contacts"")",,".header(""Authorization"", ""Bearer eyJhbGciOiJIUzI1NiJ9.eyJzdWIiOiJmZHNlX21pY3Jvc2VydmljZSIsInJvbGVzIjpbIlJPTEVfVVNFUiJdLCJpZCI6IjRkMmE0NmM3LTcxY2ItNGNmMS1iNWJiLWI2ODQwNmQ5ZGE2ZiIsImlhdCI6MTc3Nzg3MjgzMywiZXhwIjoxNzc3ODc2NDMzfQ.sv733_A_jqo65r9MkfqmDMPEDxHbVBtive-TCAjUjqI"")",faults,/mnt/train-ticket-aitest/evomaster/generated-tests/blackbox/ts-contacts-service/user/EvoMaster_Test_faults.java,21,6,True,0,,0,0,,100.0,0,0,0,0,0,0,False,,/mnt/train-ticket-aitest/evomaster/evomaster-config/runtime-logs/classes/ts-contacts-service/user/EvoMaster_Test_faults,/mnt/train-ticket-aitest/evomaster/evomaster-config/runtime-logs/classes/ts-contacts-service/user/EvoMaster_Test_faults/compile.log,/mnt/train-ticket-aitest/evomaster/evomaster-config/runtime-logs/classes/ts-contacts-service/user/EvoMaster_Test_faults/compile_stdout.log,/mnt/train-ticket-aitest/evomaster/evomaster-config/runtime-logs/classes/ts-contacts-service/user/EvoMaster_Test_faults/compile_stderr.log,False,True,1,java.lang.AssertionError;test_failure,1,False,16.2,11.4,167.31,"Tests run: 1, Failures: 1, Errors: 0, Skipped: 0",/mnt/train-ticket-aitest/evomaster/evomaster-config/runtime-logs/methods/ts-contacts-service/user/EvoMaster_Test_faults/test_1_getOnContactsReturnsMismatchResponseWithSchema,/mnt/train-ticket-aitest/evomaster/evomaster-config/runtime-logs/methods/ts-contacts-service/user/EvoMaster_Test_faults/test_1_getOnContactsReturnsMismatchResponseWithSchema/run.log,/mnt/train-ticket-aitest/evomaster/evomaster-config/runtime-logs/methods/ts-contacts-service/user/EvoMaster_Test_faults/test_1_getOnContactsReturnsMismatchResponseWithSchema/run_stdout.log,/mnt/train-ticket-aitest/evomaster/evomaster-config/runtime-logs/methods/ts-contacts-service/user/EvoMaster_Test_faults/test_1_getOnContactsReturnsMismatchResponseWithSchema/run_stderr.log
ts-contacts-service,user,EvoMaster_Test_faults.java,EvoMaster_Test_faults,test_2_getOnContactsReturnsMismatchResponseWithSchema,False,1,403,/api/v1/contactservice/contacts,GET,403,.statusCode(403) .assertThat(),2,".get(baseUrlOfSut + ""/api/v1/contactservice/contacts"")",,,faults,/mnt/train-ticket-aitest/evomaster/generated-tests/blackbox/ts-contacts-service/user/EvoMaster_Test_faults.java,21,6,True,0,,0,0,,100.0,0,0,0,0,0,0,False,,/mnt/train-ticket-aitest/evomaster/evomaster-config/runtime-logs/classes/ts-contacts-service/user/EvoMaster_Test_faults,/mnt/train-ticket-aitest/evomaster/evomaster-config/runtime-logs/classes/ts-contacts-service/user/EvoMaster_Test_faults/compile.log,/mnt/train-ticket-aitest/evomaster/evomaster-config/runtime-logs/classes/ts-contacts-service/user/EvoMaster_Test_faults/compile_stdout.log,/mnt/train-ticket-aitest/evomaster/evomaster-config/runtime-logs/classes/ts-contacts-service/user/EvoMaster_Test_faults/compile_stderr.log,True,True,0,,0,False,14.58,11.81,154.11,Test passed (detected via Surefire XML),/mnt/train-ticket-aitest/evomaster/evomaster-config/runtime-logs/methods/ts-contacts-service/user/EvoMaster_Test_faults/test_2_getOnContactsReturnsMismatchResponseWithSchema,/mnt/train-ticket-aitest/evomaster/evomaster-config/runtime-logs/methods/ts-contacts-service/user/EvoMaster_Test_faults/test_2_getOnContactsReturnsMismatchResponseWithSchema/run.log,/mnt/train-ticket-aitest/evomaster/evomaster-config/runtime-logs/methods/ts-contacts-service/user/EvoMaster_Test_faults/test_2_getOnContactsReturnsMismatchResponseWithSchema/run_stdout.log,/mnt/train-ticket-aitest/evomaster/evomaster-config/runtime-logs/methods/ts-contacts-service/user/EvoMaster_Test_faults/test_2_getOnContactsReturnsMismatchResponseWithSchema/run_stderr.log
ts-contacts-service,user,EvoMaster_Test_faults.java,EvoMaster_Test_faults,test_3_deleteOnContactShowsFaults_100_101,False,1,500,/api/v1/contactservice/contacts/{contactsId},DELETE,500,.statusCode(500) .assertThat(),6,".delete(baseUrlOfSut + ""/api/v1/contactservice/contacts/NIA0WhJ3px"")",,".header(""Authorization"", ""Bearer eyJhbGciOiJIUzI1NiJ9.eyJzdWIiOiJmZHNlX21pY3Jvc2VydmljZSIsInJvbGVzIjpbIlJPTEVfVVNFUiJdLCJpZCI6IjRkMmE0NmM3LTcxY2ItNGNmMS1iNWJiLWI2ODQwNmQ5ZGE2ZiIsImlhdCI6MTc3Nzg3MjgzMywiZXhwIjoxNzc3ODc2NDMzfQ.sv733_A_jqo65r9MkfqmDMPEDxHbVBtive-TCAjUjqI"")",faults,/mnt/train-ticket-aitest/evomaster/generated-tests/blackbox/ts-contacts-service/user/EvoMaster_Test_faults.java,21,6,True,0,,0,0,,100.0,0,0,0,0,0,0,False,,/mnt/train-ticket-aitest/evomaster/evomaster-config/runtime-logs/classes/ts-contacts-service/user/EvoMaster_Test_faults,/mnt/train-ticket-aitest/evomaster/evomaster-config/runtime-logs/classes/ts-contacts-service/user/EvoMaster_Test_faults/compile.log,/mnt/train-ticket-aitest/evomaster/evomaster-config/runtime-logs/classes/ts-contacts-service/user/EvoMaster_Test_faults/compile_stdout.log,/mnt/train-ticket-aitest/evomaster/evomaster-config/runtime-logs/classes/ts-contacts-service/user/EvoMaster_Test_faults/compile_stderr.log,False,True,1,java.lang.AssertionError;test_failure,1,False,14.58,11.26,153.52,"Tests run: 1, Failures: 1, Errors: 0, Skipped: 0",/mnt/train-ticket-aitest/evomaster/evomaster-config/runtime-logs/methods/ts-contacts-service/user/EvoMaster_Test_faults/test_3_deleteOnContactShowsFaults_100_101,/mnt/train-ticket-aitest/evomaster/evomaster-config/runtime-logs/methods/ts-contacts-service/user/EvoMaster_Test_faults/test_3_deleteOnContactShowsFaults_100_101/run.log,/mnt/train-ticket-aitest/evomaster/evomaster-config/runtime-logs/methods/ts-contacts-service/user/EvoMaster_Test_faults/test_3_deleteOnContactShowsFaults_100_101/run_stdout.log,/mnt/train-ticket-aitest/evomaster/evomaster-config/runtime-logs/methods/ts-contacts-service/user/EvoMaster_Test_faults/test_3_deleteOnContactShowsFaults_100_101/run_stderr.log
ts-contacts-service,user,EvoMaster_Test_faults.java,EvoMaster_Test_faults,test_4_deleteOnContactReturnsMismatchResponseWithSchema,False,1,200,/api/v1/contactservice/contacts/{contactsId},DELETE,200,.statusCode(200) .assertThat(),5,".delete(baseUrlOfSut + ""/api/v1/contactservice/contacts/DjZrQgKBiPhb1_"")",,".header(""Authorization"", ""Bearer eyJhbGciOiJIUzI1NiJ9.eyJzdWIiOiJmZHNlX21pY3Jvc2VydmljZSIsInJvbGVzIjpbIlJPTEVfVVNFUiJdLCJpZCI6IjRkMmE0NmM3LTcxY2ItNGNmMS1iNWJiLWI2ODQwNmQ5ZGE2ZiIsImlhdCI6MTc3Nzg3MjgzMywiZXhwIjoxNzc3ODc2NDMzfQ.sv733_A_jqo65r9MkfqmDMPEDxHbVBtive-TCAjUjqI"")",faults,/mnt/train-ticket-aitest/evomaster/generated-tests/blackbox/ts-contacts-service/user/EvoMaster_Test_faults.java,21,6,True,0,,0,0,,100.0,0,0,0,0,0,0,False,,/mnt/train-ticket-aitest/evomaster/evomaster-config/runtime-logs/classes/ts-contacts-service/user/EvoMaster_Test_faults,/mnt/train-ticket-aitest/evomaster/evomaster-config/runtime-logs/classes/ts-contacts-service/user/EvoMaster_Test_faults/compile.log,/mnt/train-ticket-aitest/evomaster/evomaster-config/runtime-logs/classes/ts-contacts-service/user/EvoMaster_Test_faults/compile_stdout.log,/mnt/train-ticket-aitest/evomaster/evomaster-config/runtime-logs/classes/ts-contacts-service/user/EvoMaster_Test_faults/compile_stderr.log,True,True,0,,0,False,16.07,11.42,160.98,Test passed (detected via Surefire XML),/mnt/train-ticket-aitest/evomaster/evomaster-config/runtime-logs/methods/ts-contacts-service/user/EvoMaster_Test_faults/test_4_deleteOnContactReturnsMismatchResponseWithSchema,/mnt/train-ticket-aitest/evomaster/evomaster-config/runtime-logs/methods/ts-contacts-service/user/EvoMaster_Test_faults/test_4_deleteOnContactReturnsMismatchResponseWithSchema/run.log,/mnt/train-ticket-aitest/evomaster/evomaster-config/runtime-logs/methods/ts-contacts-service/user/EvoMaster_Test_faults/test_4_deleteOnContactReturnsMismatchResponseWithSchema/run_stdout.log,/mnt/train-ticket-aitest/evomaster/evomaster-config/runtime-logs/methods/ts-contacts-service/user/EvoMaster_Test_faults/test_4_deleteOnContactReturnsMismatchResponseWithSchema/run_stderr.log
ts-contacts-service,user,EvoMaster_Test_faults.java,EvoMaster_Test_faults,test_5_deleteOnContactReturnsMismatchResponseWithSchema,False,1,403,/api/v1/contactservice/contacts/{contactsId},DELETE,403,.statusCode(403) .assertThat(),2,".delete(baseUrlOfSut + ""/api/v1/contactservice/contacts/kK3V7gm"")",,,faults,/mnt/train-ticket-aitest/evomaster/generated-tests/blackbox/ts-contacts-service/user/EvoMaster_Test_faults.java,21,6,True,0,,0,0,,100.0,0,0,0,0,0,0,False,,/mnt/train-ticket-aitest/evomaster/evomaster-config/runtime-logs/classes/ts-contacts-service/user/EvoMaster_Test_faults,/mnt/train-ticket-aitest/evomaster/evomaster-config/runtime-logs/classes/ts-contacts-service/user/EvoMaster_Test_faults/compile.log,/mnt/train-ticket-aitest/evomaster/evomaster-config/runtime-logs/classes/ts-contacts-service/user/EvoMaster_Test_faults/compile_stdout.log,/mnt/train-ticket-aitest/evomaster/evomaster-config/runtime-logs/classes/ts-contacts-service/user/EvoMaster_Test_faults/compile_stderr.log,True,True,0,,0,False,14.05,11.54,153.95,Test passed (detected via Surefire XML),/mnt/train-ticket-aitest/evomaster/evomaster-config/runtime-logs/methods/ts-contacts-service/user/EvoMaster_Test_faults/test_5_deleteOnContactReturnsMismatchResponseWithSchema,/mnt/train-ticket-aitest/evomaster/evomaster-config/runtime-logs/methods/ts-contacts-service/user/EvoMaster_Test_faults/test_5_deleteOnContactReturnsMismatchResponseWithSchema/run.log,/mnt/train-ticket-aitest/evomaster/evomaster-config/runtime-logs/methods/ts-contacts-service/user/EvoMaster_Test_faults/test_5_deleteOnContactReturnsMismatchResponseWithSchema/run_stdout.log,/mnt/train-ticket-aitest/evomaster/evomaster-config/runtime-logs/methods/ts-contacts-service/user/EvoMaster_Test_faults/test_5_deleteOnContactReturnsMismatchResponseWithSchema/run_stderr.log
ts-inside-payment-service,admin,EvoMaster_Test_faults.java,EvoMaster_Test_faults,test_0_postOnAccountShowsFaults_100_101,False,1,500,/api/v1/inside_pay_service/inside_payment/account,POST,500,.statusCode(500) .assertThat(),6,".post(baseUrlOfSut + ""/api/v1/inside_pay_service/inside_payment/account"")",".body("" { "" + 
                    "" \""userId\"": \""i0q_\"", "" + 
                    "" \""money\"": \""Pgc2ZRSW_j9hB8n\"" "" + 
                    "" } "")",".header(""Authorization"", ""Bearer eyJhbGciOiJIUzI1NiJ9.eyJzdWIiOiJhZG1pbiIsInJvbGVzIjpbIlJPTEVfQURNSU4iXSwiaWQiOiI3YWRkZDMyZC1lODgyLTQ4ZjUtODFkMi0wOGIwODE4NmNmMWIiLCJpYXQiOjE3Nzc4NzI4MzIsImV4cCI6MTc3Nzg3NjQzMn0.f_DLshRkDsgTBBXterk9EZlY9-pcPc3ax3VK-ouE-ag"")",faults,/mnt/train-ticket-aitest/evomaster/generated-tests/blackbox/ts-inside-payment-service/admin/EvoMaster_Test_faults.java,21,6,True,0,,0,0,,100.0,0,0,0,0,0,0,False,,/mnt/train-ticket-aitest/evomaster/evomaster-config/runtime-logs/classes/ts-inside-payment-service/admin/EvoMaster_Test_faults,/mnt/train-ticket-aitest/evomaster/evomaster-config/runtime-logs/classes/ts-inside-payment-service/admin/EvoMaster_Test_faults/compile.log,/mnt/train-ticket-aitest/evomaster/evomaster-config/runtime-logs/classes/ts-inside-payment-service/admin/EvoMaster_Test_faults/compile_stdout.log,/mnt/train-ticket-aitest/evomaster/evomaster-config/runtime-logs/classes/ts-inside-payment-service/admin/EvoMaster_Test_faults/compile_stderr.log,False,True,1,java.lang.AssertionError;test_failure,1,False,14.59,11.6,152.34,"Tests run: 1, Failures: 1, Errors: 0, Skipped: 0",/mnt/train-ticket-aitest/evomaster/evomaster-config/runtime-logs/methods/ts-inside-payment-service/admin/EvoMaster_Test_faults/test_0_postOnAccountShowsFaults_100_101,/mnt/train-ticket-aitest/evomaster/evomaster-config/runtime-logs/methods/ts-inside-payment-service/admin/EvoMaster_Test_faults/test_0_postOnAccountShowsFaults_100_101/run.log,/mnt/train-ticket-aitest/evomaster/evomaster-config/runtime-logs/methods/ts-inside-payment-service/admin/EvoMaster_Test_faults/test_0_postOnAccountShowsFaults_100_101/run_stdout.log,/mnt/train-ticket-aitest/evomaster/evomaster-config/runtime-logs/methods/ts-inside-payment-service/admin/EvoMaster_Test_faults/test_0_postOnAccountShowsFaults_100_101/run_stderr.log
ts-inside-payment-service,admin,EvoMaster_Test_faults.java,EvoMaster_Test_faults,test_1_postOnAccountReturnsMismatchResponseWithSchema,False,1,403,/api/v1/inside_pay_service/inside_payment/account,POST,403,.statusCode(403) .assertThat(),2,".post(baseUrlOfSut + ""/api/v1/inside_pay_service/inside_payment/account"")",".body("" { "" + 
                    "" \""money\"": \""W6yAQR3\"" "" + 
                    "" } "")",".header(""Authorization"", ""Bearer eyJhbGciOiJIUzI1NiJ9.eyJzdWIiOiJhZG1pbiIsInJvbGVzIjpbIlJPTEVfQURNSU4iXSwiaWQiOiI3YWRkZDMyZC1lODgyLTQ4ZjUtODFkMi0wOGIwODE4NmNmMWIiLCJpYXQiOjE3Nzc4NzI4MzIsImV4cCI6MTc3Nzg3NjQzMn0.f_DLshRkDsgTBBXterk9EZlY9-pcPc3ax3VK-ouE-ag"")",faults,/mnt/train-ticket-aitest/evomaster/generated-tests/blackbox/ts-inside-payment-service/admin/EvoMaster_Test_faults.java,21,6,True,0,,0,0,,100.0,0,0,0,0,0,0,False,,/mnt/train-ticket-aitest/evomaster/evomaster-config/runtime-logs/classes/ts-inside-payment-service/admin/EvoMaster_Test_faults,/mnt/train-ticket-aitest/evomaster/evomaster-config/runtime-logs/classes/ts-inside-payment-service/admin/EvoMaster_Test_faults/compile.log,/mnt/train-ticket-aitest/evomaster/evomaster-config/runtime-logs/classes/ts-inside-payment-service/admin/EvoMaster_Test_faults/compile_stdout.log,/mnt/train-ticket-aitest/evomaster/evomaster-config/runtime-logs/classes/ts-inside-payment-service/admin/EvoMaster_Test_faults/compile_stderr.log,True,True,0,,0,False,15.07,11.84,156.97,Test passed (detected via Surefire XML),/mnt/train-ticket-aitest/evomaster/evomaster-config/runtime-logs/methods/ts-inside-payment-service/admin/EvoMaster_Test_faults/test_1_postOnAccountReturnsMismatchResponseWithSchema,/mnt/train-ticket-aitest/evomaster/evomaster-config/runtime-logs/methods/ts-inside-payment-service/admin/EvoMaster_Test_faults/test_1_postOnAccountReturnsMismatchResponseWithSchema/run.log,/mnt/train-ticket-aitest/evomaster/evomaster-config/runtime-logs/methods/ts-inside-payment-service/admin/EvoMaster_Test_faults/test_1_postOnAccountReturnsMismatchResponseWithSchema/run_stdout.log,/mnt/train-ticket-aitest/evomaster/evomaster-config/runtime-logs/methods/ts-inside-payment-service/admin/EvoMaster_Test_faults/test_1_postOnAccountReturnsMismatchResponseWithSchema/run_stderr.log
ts-inside-payment-service,none,EvoMaster_Test_faults.java,EvoMaster_Test_faults,test_0_postOnAccountShowsFaults_100_101,False,1,500,/api/v1/inside_pay_service/inside_payment/account,POST,500,.statusCode(500) .assertThat(),6,".post(baseUrlOfSut + ""/api/v1/inside_pay_service/inside_payment/account"")",".body("" { "" + 
                    "" \""userId\"": \""VUETJyi0C\"" "" + 
                    "" } "")",,faults,/mnt/train-ticket-aitest/evomaster/generated-tests/blackbox/ts-inside-payment-service/none/EvoMaster_Test_faults.java,21,6,True,0,,0,0,,100.0,0,0,0,0,0,0,False,,/mnt/train-ticket-aitest/evomaster/evomaster-config/runtime-logs/classes/ts-inside-payment-service/none/EvoMaster_Test_faults,/mnt/train-ticket-aitest/evomaster/evomaster-config/runtime-logs/classes/ts-inside-payment-service/none/EvoMaster_Test_faults/compile.log,/mnt/train-ticket-aitest/evomaster/evomaster-config/runtime-logs/classes/ts-inside-payment-service/none/EvoMaster_Test_faults/compile_stdout.log,/mnt/train-ticket-aitest/evomaster/evomaster-config/runtime-logs/classes/ts-inside-payment-service/none/EvoMaster_Test_faults/compile_stderr.log,False,True,1,java.lang.AssertionError;test_failure,1,False,14.61,11.82,158.89,"Tests run: 1, Failures: 1, Errors: 0, Skipped: 0",/mnt/train-ticket-aitest/evomaster/evomaster-config/runtime-logs/methods/ts-inside-payment-service/none/EvoMaster_Test_faults/test_0_postOnAccountShowsFaults_100_101,/mnt/train-ticket-aitest/evomaster/evomaster-config/runtime-logs/methods/ts-inside-payment-service/none/EvoMaster_Test_faults/test_0_postOnAccountShowsFaults_100_101/run.log,/mnt/train-ticket-aitest/evomaster/evomaster-config/runtime-logs/methods/ts-inside-payment-service/none/EvoMaster_Test_faults/test_0_postOnAccountShowsFaults_100_101/run_stdout.log,/mnt/train-ticket-aitest/evomaster/evomaster-config/runtime-logs/methods/ts-inside-payment-service/none/EvoMaster_Test_faults/test_0_postOnAccountShowsFaults_100_101/run_stderr.log
ts-inside-payment-service,user,EvoMaster_Test_faults.java,EvoMaster_Test_faults,test_0_postOnAccountShowsFaults_100_101,False,1,500,/api/v1/inside_pay_service/inside_payment/account,POST,500,.statusCode(500) .assertThat(),6,".post(baseUrlOfSut + ""/api/v1/inside_pay_service/inside_payment/account"")",".body("" { "" + 
                    "" \""userId\"": \""hhRTAMz17Pmi9\"" "" + 
                    "" } "")",".header(""Authorization"", ""Bearer eyJhbGciOiJIUzI1NiJ9.eyJzdWIiOiJmZHNlX21pY3Jvc2VydmljZSIsInJvbGVzIjpbIlJPTEVfVVNFUiJdLCJpZCI6IjRkMmE0NmM3LTcxY2ItNGNmMS1iNWJiLWI2ODQwNmQ5ZGE2ZiIsImlhdCI6MTc3Nzg3MjgzMywiZXhwIjoxNzc3ODc2NDMzfQ.sv733_A_jqo65r9MkfqmDMPEDxHbVBtive-TCAjUjqI"")",faults,/mnt/train-ticket-aitest/evomaster/generated-tests/blackbox/ts-inside-payment-service/user/EvoMaster_Test_faults.java,21,6,True,0,,0,0,,100.0,0,0,0,0,0,0,False,,/mnt/train-ticket-aitest/evomaster/evomaster-config/runtime-logs/classes/ts-inside-payment-service/user/EvoMaster_Test_faults,/mnt/train-ticket-aitest/evomaster/evomaster-config/runtime-logs/classes/ts-inside-payment-service/user/EvoMaster_Test_faults/compile.log,/mnt/train-ticket-aitest/evomaster/evomaster-config/runtime-logs/classes/ts-inside-payment-service/user/EvoMaster_Test_faults/compile_stdout.log,/mnt/train-ticket-aitest/evomaster/evomaster-config/runtime-logs/classes/ts-inside-payment-service/user/EvoMaster_Test_faults/compile_stderr.log,False,True,1,java.lang.AssertionError;test_failure,1,False,14.65,11.69,154.96,"Tests run: 1, Failures: 1, Errors: 0, Skipped: 0",/mnt/train-ticket-aitest/evomaster/evomaster-config/runtime-logs/methods/ts-inside-payment-service/user/EvoMaster_Test_faults/test_0_postOnAccountShowsFaults_100_101,/mnt/train-ticket-aitest/evomaster/evomaster-config/runtime-logs/methods/ts-inside-payment-service/user/EvoMaster_Test_faults/test_0_postOnAccountShowsFaults_100_101/run.log,/mnt/train-ticket-aitest/evomaster/evomaster-config/runtime-logs/methods/ts-inside-payment-service/user/EvoMaster_Test_faults/test_0_postOnAccountShowsFaults_100_101/run_stdout.log,/mnt/train-ticket-aitest/evomaster/evomaster-config/runtime-logs/methods/ts-inside-payment-service/user/EvoMaster_Test_faults/test_0_postOnAccountShowsFaults_100_101/run_stderr.log
ts-inside-payment-service,user,EvoMaster_Test_faults.java,EvoMaster_Test_faults,test_1_postOnAccountReturnsMismatchResponseWithSchema,False,1,200,/api/v1/inside_pay_service/inside_payment/account,POST,200,.statusCode(200) .assertThat(),5,".post(baseUrlOfSut + ""/api/v1/inside_pay_service/inside_payment/account"")",".body("" { "" + 
                    "" \""userId\"": \""U\"", "" + 
                    "" \""money\"": \""azkntdr34Uz\"" "" + 
                    "" } "")",".header(""Authorization"", ""Bearer eyJhbGciOiJIUzI1NiJ9.eyJzdWIiOiJmZHNlX21pY3Jvc2VydmljZSIsInJvbGVzIjpbIlJPTEVfVVNFUiJdLCJpZCI6IjRkMmE0NmM3LTcxY2ItNGNmMS1iNWJiLWI2ODQwNmQ5ZGE2ZiIsImlhdCI6MTc3Nzg3MjgzMywiZXhwIjoxNzc3ODc2NDMzfQ.sv733_A_jqo65r9MkfqmDMPEDxHbVBtive-TCAjUjqI"")",faults,/mnt/train-ticket-aitest/evomaster/generated-tests/blackbox/ts-inside-payment-service/user/EvoMaster_Test_faults.java,21,6,True,0,,0,0,,100.0,0,0,0,0,0,0,False,,/mnt/train-ticket-aitest/evomaster/evomaster-config/runtime-logs/classes/ts-inside-payment-service/user/EvoMaster_Test_faults,/mnt/train-ticket-aitest/evomaster/evomaster-config/runtime-logs/classes/ts-inside-payment-service/user/EvoMaster_Test_faults/compile.log,/mnt/train-ticket-aitest/evomaster/evomaster-config/runtime-logs/classes/ts-inside-payment-service/user/EvoMaster_Test_faults/compile_stdout.log,/mnt/train-ticket-aitest/evomaster/evomaster-config/runtime-logs/classes/ts-inside-payment-service/user/EvoMaster_Test_faults/compile_stderr.log,False,True,1,java.lang.AssertionError;test_failure,1,False,16.09,11.58,159.27,"Tests run: 1, Failures: 1, Errors: 0, Skipped: 0",/mnt/train-ticket-aitest/evomaster/evomaster-config/runtime-logs/methods/ts-inside-payment-service/user/EvoMaster_Test_faults/test_1_postOnAccountReturnsMismatchResponseWithSchema,/mnt/train-ticket-aitest/evomaster/evomaster-config/runtime-logs/methods/ts-inside-payment-service/user/EvoMaster_Test_faults/test_1_postOnAccountReturnsMismatchResponseWithSchema/run.log,/mnt/train-ticket-aitest/evomaster/evomaster-config/runtime-logs/methods/ts-inside-payment-service/user/EvoMaster_Test_faults/test_1_postOnAccountReturnsMismatchResponseWithSchema/run_stdout.log,/mnt/train-ticket-aitest/evomaster/evomaster-config/runtime-logs/methods/ts-inside-payment-service/user/EvoMaster_Test_faults/test_1_postOnAccountReturnsMismatchResponseWithSchema/run_stderr.log
ts-order-service,admin,EvoMaster_Test_faults.java,EvoMaster_Test_faults,test_0_putOnOrderShowsFaults_100_101,False,1,500,/api/v1/orderservice/order,PUT,500,.statusCode(500) .assertThat(),6,".put(baseUrlOfSut + ""/api/v1/orderservice/order"")",".body("" { "" + 
                    "" \""boughtDate\"": \""2040-13-13\"", "" + 
                    "" \""travelDate\"": \""1901-10-14\"", "" + 
                    "" \""documentType\"": 506, "" + 
                    "" \""contactsDocumentNumber\"": \""G2Q\"", "" + 
                    "" \""seatClass\"": 525, "" + 
                    "" \""seatNumber\"": \""IccraU\"", "" + 
                    "" \""from\"": \""UTBz7uh_8aYYI\"", "" + 
                    "" \""to\"": \""QPgdBtt7Iu\"" "" + 
                    "" } "")",".header(""Authorization"", ""Bearer eyJhbGciOiJIUzI1NiJ9.eyJzdWIiOiJhZG1pbiIsInJvbGVzIjpbIlJPTEVfQURNSU4iXSwiaWQiOiI3YWRkZDMyZC1lODgyLTQ4ZjUtODFkMi0wOGIwODE4NmNmMWIiLCJpYXQiOjE3Nzc4NzI4MzIsImV4cCI6MTc3Nzg3NjQzMn0.f_DLshRkDsgTBBXterk9EZlY9-pcPc3ax3VK-ouE-ag"")",faults,/mnt/train-ticket-aitest/evomaster/generated-tests/blackbox/ts-order-service/admin/EvoMaster_Test_faults.java,21,6,True,0,,0,0,,100.0,0,0,0,0,0,0,False,,/mnt/train-ticket-aitest/evomaster/evomaster-config/runtime-logs/classes/ts-order-service/admin/EvoMaster_Test_faults,/mnt/train-ticket-aitest/evomaster/evomaster-config/runtime-logs/classes/ts-order-service/admin/EvoMaster_Test_faults/compile.log,/mnt/train-ticket-aitest/evomaster/evomaster-config/runtime-logs/classes/ts-order-service/admin/EvoMaster_Test_faults/compile_stdout.log,/mnt/train-ticket-aitest/evomaster/evomaster-config/runtime-logs/classes/ts-order-service/admin/EvoMaster_Test_faults/compile_stderr.log,False,True,1,java.lang.AssertionError;test_failure,1,False,15.56,12.54,173.91,"Tests run: 1, Failures: 1, Errors: 0, Skipped: 0",/mnt/train-ticket-aitest/evomaster/evomaster-config/runtime-logs/methods/ts-order-service/admin/EvoMaster_Test_faults/test_0_putOnOrderShowsFaults_100_101,/mnt/train-ticket-aitest/evomaster/evomaster-config/runtime-logs/methods/ts-order-service/admin/EvoMaster_Test_faults/test_0_putOnOrderShowsFaults_100_101/run.log,/mnt/train-ticket-aitest/evomaster/evomaster-config/runtime-logs/methods/ts-order-service/admin/EvoMaster_Test_faults/test_0_putOnOrderShowsFaults_100_101/run_stdout.log,/mnt/train-ticket-aitest/evomaster/evomaster-config/runtime-logs/methods/ts-order-service/admin/EvoMaster_Test_faults/test_0_putOnOrderShowsFaults_100_101/run_stderr.log
ts-order-service,admin,EvoMaster_Test_faults.java,EvoMaster_Test_faults,test_1_putOnOrderReturnsMismatchResponseWithSchema,False,1,403,/api/v1/orderservice/order,PUT,403,.statusCode(403) .assertThat(),2,".put(baseUrlOfSut + ""/api/v1/orderservice/order"")",".body("" { "" + 
                    "" \""travelDate\"": \""1967-13-25\"", "" + 
                    "" \""travelTime\"": \""2043-12-24T22:13:55.674+14:58\"", "" + 
                    "" \""contactsDocumentNumber\"": \""7EAJ\"", "" + 
                    "" \""seatClass\"": 212, "" + 
                    "" \""seatNumber\"": \""sczlLXAIYRk\"", "" + 
                    "" \""from\"": \""iqicqh2Mjtdk4\"", "" + 
                    "" \""status\"": -605804944, "" + 
                    "" \""price\"": 0.407853106321724 "" + 
                    "" } "")",".header(""Authorization"", ""Bearer eyJhbGciOiJIUzI1NiJ9.eyJzdWIiOiJhZG1pbiIsInJvbGVzIjpbIlJPTEVfQURNSU4iXSwiaWQiOiI3YWRkZDMyZC1lODgyLTQ4ZjUtODFkMi0wOGIwODE4NmNmMWIiLCJpYXQiOjE3Nzc4NzI4MzIsImV4cCI6MTc3Nzg3NjQzMn0.f_DLshRkDsgTBBXterk9EZlY9-pcPc3ax3VK-ouE-ag"")",faults,/mnt/train-ticket-aitest/evomaster/generated-tests/blackbox/ts-order-service/admin/EvoMaster_Test_faults.java,21,6,True,0,,0,0,,100.0,0,0,0,0,0,0,False,,/mnt/train-ticket-aitest/evomaster/evomaster-config/runtime-logs/classes/ts-order-service/admin/EvoMaster_Test_faults,/mnt/train-ticket-aitest/evomaster/evomaster-config/runtime-logs/classes/ts-order-service/admin/EvoMaster_Test_faults/compile.log,/mnt/train-ticket-aitest/evomaster/evomaster-config/runtime-logs/classes/ts-order-service/admin/EvoMaster_Test_faults/compile_stdout.log,/mnt/train-ticket-aitest/evomaster/evomaster-config/runtime-logs/classes/ts-order-service/admin/EvoMaster_Test_faults/compile_stderr.log,True,True,0,,0,False,14.58,11.92,153.94,Test passed (detected via Surefire XML),/mnt/train-ticket-aitest/evomaster/evomaster-config/runtime-logs/methods/ts-order-service/admin/EvoMaster_Test_faults/test_1_putOnOrderReturnsMismatchResponseWithSchema,/mnt/train-ticket-aitest/evomaster/evomaster-config/runtime-logs/methods/ts-order-service/admin/EvoMaster_Test_faults/test_1_putOnOrderReturnsMismatchResponseWithSchema/run.log,/mnt/train-ticket-aitest/evomaster/evomaster-config/runtime-logs/methods/ts-order-service/admin/EvoMaster_Test_faults/test_1_putOnOrderReturnsMismatchResponseWithSchema/run_stdout.log,/mnt/train-ticket-aitest/evomaster/evomaster-config/runtime-logs/methods/ts-order-service/admin/EvoMaster_Test_faults/test_1_putOnOrderReturnsMismatchResponseWithSchema/run_stderr.log
ts-order-service,none,EvoMaster_Test_faults.java,EvoMaster_Test_faults,test_0_putOnOrderShowsFaults_100_101,False,1,500,/api/v1/orderservice/order,PUT,500,.statusCode(500) .assertThat(),6,".put(baseUrlOfSut + ""/api/v1/orderservice/order"")",".body("" { "" + 
                    "" \""travelTime\"": \""1954-11-01T03:38:57Z\"", "" + 
                    "" \""accountId\"": \""Vj3\"", "" + 
                    "" \""contactsDocumentNumber\"": \""QcGyY1fwd_ba\"", "" + 
                    "" \""trainNumber\"": \""Sqk3lTvX\"", "" + 
                    "" \""seatNumber\"": \""Djjikq39uwV688\"", "" + 
                    "" \""to\"": \""4KvWg7O\"", "" + 
                    "" \""status\"": 401 "" + 
                    "" } "")",,faults,/mnt/train-ticket-aitest/evomaster/generated-tests/blackbox/ts-order-service/none/EvoMaster_Test_faults.java,21,6,True,0,,0,0,,100.0,0,0,0,0,0,0,False,,/mnt/train-ticket-aitest/evomaster/evomaster-config/runtime-logs/classes/ts-order-service/none/EvoMaster_Test_faults,/mnt/train-ticket-aitest/evomaster/evomaster-config/runtime-logs/classes/ts-order-service/none/EvoMaster_Test_faults/compile.log,/mnt/train-ticket-aitest/evomaster/evomaster-config/runtime-logs/classes/ts-order-service/none/EvoMaster_Test_faults/compile_stdout.log,/mnt/train-ticket-aitest/evomaster/evomaster-config/runtime-logs/classes/ts-order-service/none/EvoMaster_Test_faults/compile_stderr.log,False,True,1,java.lang.AssertionError;test_failure,1,False,14.62,12.07,151.88,"Tests run: 1, Failures: 1, Errors: 0, Skipped: 0",/mnt/train-ticket-aitest/evomaster/evomaster-config/runtime-logs/methods/ts-order-service/none/EvoMaster_Test_faults/test_0_putOnOrderShowsFaults_100_101,/mnt/train-ticket-aitest/evomaster/evomaster-config/runtime-logs/methods/ts-order-service/none/EvoMaster_Test_faults/test_0_putOnOrderShowsFaults_100_101/run.log,/mnt/train-ticket-aitest/evomaster/evomaster-config/runtime-logs/methods/ts-order-service/none/EvoMaster_Test_faults/test_0_putOnOrderShowsFaults_100_101/run_stdout.log,/mnt/train-ticket-aitest/evomaster/evomaster-config/runtime-logs/methods/ts-order-service/none/EvoMaster_Test_faults/test_0_putOnOrderShowsFaults_100_101/run_stderr.log
ts-order-service,user,EvoMaster_Test_faults.java,EvoMaster_Test_faults,test_0_putOnOrderShowsFaults_100_101,False,1,500,/api/v1/orderservice/order,PUT,500,.statusCode(500) .assertThat(),6,".put(baseUrlOfSut + ""/api/v1/orderservice/order"")",".body("" { "" + 
                    "" \""id\"": \""Cp18LYatcwFKCCDM\"", "" + 
                    "" \""travelTime\"": \""2095-08-27T10:08:51Z\"", "" + 
                    "" \""accountId\"": \""33Eft_ukOCwGW\"", "" + 
                    "" \""contactsName\"": \""b9byhXS6t\"", "" + 
                    "" \""contactsDocumentNumber\"": \""3CWXknM\"", "" + 
                    "" \""trainNumber\"": \""VO427sUid6\"", "" + 
                    "" \""to\"": \""G0BQNZRqh\"", "" + 
                    "" \""status\"": 709 "" + 
                    "" } "")",".header(""Authorization"", ""Bearer eyJhbGciOiJIUzI1NiJ9.eyJzdWIiOiJmZHNlX21pY3Jvc2VydmljZSIsInJvbGVzIjpbIlJPTEVfVVNFUiJdLCJpZCI6IjRkMmE0NmM3LTcxY2ItNGNmMS1iNWJiLWI2ODQwNmQ5ZGE2ZiIsImlhdCI6MTc3Nzg3MjgzMywiZXhwIjoxNzc3ODc2NDMzfQ.sv733_A_jqo65r9MkfqmDMPEDxHbVBtive-TCAjUjqI"")",faults,/mnt/train-ticket-aitest/evomaster/generated-tests/blackbox/ts-order-service/user/EvoMaster_Test_faults.java,21,6,True,0,,0,0,,100.0,0,0,0,0,0,0,False,,/mnt/train-ticket-aitest/evomaster/evomaster-config/runtime-logs/classes/ts-order-service/user/EvoMaster_Test_faults,/mnt/train-ticket-aitest/evomaster/evomaster-config/runtime-logs/classes/ts-order-service/user/EvoMaster_Test_faults/compile.log,/mnt/train-ticket-aitest/evomaster/evomaster-config/runtime-logs/classes/ts-order-service/user/EvoMaster_Test_faults/compile_stdout.log,/mnt/train-ticket-aitest/evomaster/evomaster-config/runtime-logs/classes/ts-order-service/user/EvoMaster_Test_faults/compile_stderr.log,False,True,1,java.lang.AssertionError;test_failure,1,False,15.07,11.85,150.82,"Tests run: 1, Failures: 1, Errors: 0, Skipped: 0",/mnt/train-ticket-aitest/evomaster/evomaster-config/runtime-logs/methods/ts-order-service/user/EvoMaster_Test_faults/test_0_putOnOrderShowsFaults_100_101,/mnt/train-ticket-aitest/evomaster/evomaster-config/runtime-logs/methods/ts-order-service/user/EvoMaster_Test_faults/test_0_putOnOrderShowsFaults_100_101/run.log,/mnt/train-ticket-aitest/evomaster/evomaster-config/runtime-logs/methods/ts-order-service/user/EvoMaster_Test_faults/test_0_putOnOrderShowsFaults_100_101/run_stdout.log,/mnt/train-ticket-aitest/evomaster/evomaster-config/runtime-logs/methods/ts-order-service/user/EvoMaster_Test_faults/test_0_putOnOrderShowsFaults_100_101/run_stderr.log
ts-order-service,user,EvoMaster_Test_faults.java,EvoMaster_Test_faults,test_1_putOnOrderReturnsMismatchResponseWithSchema,False,1,403,/api/v1/orderservice/order,PUT,403,.statusCode(403) .assertThat(),2,".put(baseUrlOfSut + ""/api/v1/orderservice/order"")",".body("" { "" + 
                    "" \""travelDate\"": \""2031-13-08\"", "" + 
                    "" \""travelTime\"": \""1996-10-24T22:14:56.021Z\"", "" + 
                    "" \""accountId\"": \""o1qXgF3arIPl\"", "" + 
                    "" \""contactsName\"": \""dwpMQ6\"", "" + 
                    "" \""contactsDocumentNumber\"": \""tTNbNQEB9TYjY\"", "" + 
                    "" \""coachNumber\"": 614, "" + 
                    "" \""seatClass\"": 803, "" + 
                    "" \""seatNumber\"": \""ssvEr_m3LK\"", "" + 
                    "" \""from\"": \""iDeTktGVCg\"", "" + 
                    "" \""to\"": \""KzVkjPd3Fk4_I\"" "" + 
                    "" } "")",".header(""Authorization"", ""Bearer eyJhbGciOiJIUzI1NiJ9.eyJzdWIiOiJmZHNlX21pY3Jvc2VydmljZSIsInJvbGVzIjpbIlJPTEVfVVNFUiJdLCJpZCI6IjRkMmE0NmM3LTcxY2ItNGNmMS1iNWJiLWI2ODQwNmQ5ZGE2ZiIsImlhdCI6MTc3Nzg3MjgzMywiZXhwIjoxNzc3ODc2NDMzfQ.sv733_A_jqo65r9MkfqmDMPEDxHbVBtive-TCAjUjqI"")",faults,/mnt/train-ticket-aitest/evomaster/generated-tests/blackbox/ts-order-service/user/EvoMaster_Test_faults.java,21,6,True,0,,0,0,,100.0,0,0,0,0,0,0,False,,/mnt/train-ticket-aitest/evomaster/evomaster-config/runtime-logs/classes/ts-order-service/user/EvoMaster_Test_faults,/mnt/train-ticket-aitest/evomaster/evomaster-config/runtime-logs/classes/ts-order-service/user/EvoMaster_Test_faults/compile.log,/mnt/train-ticket-aitest/evomaster/evomaster-config/runtime-logs/classes/ts-order-service/user/EvoMaster_Test_faults/compile_stdout.log,/mnt/train-ticket-aitest/evomaster/evomaster-config/runtime-logs/classes/ts-order-service/user/EvoMaster_Test_faults/compile_stderr.log,True,True,0,,0,False,14.05,11.69,157.66,Test passed (detected via Surefire XML),/mnt/train-ticket-aitest/evomaster/evomaster-config/runtime-logs/methods/ts-order-service/user/EvoMaster_Test_faults/test_1_putOnOrderReturnsMismatchResponseWithSchema,/mnt/train-ticket-aitest/evomaster/evomaster-config/runtime-logs/methods/ts-order-service/user/EvoMaster_Test_faults/test_1_putOnOrderReturnsMismatchResponseWithSchema/run.log,/mnt/train-ticket-aitest/evomaster/evomaster-config/runtime-logs/methods/ts-order-service/user/EvoMaster_Test_faults/test_1_putOnOrderReturnsMismatchResponseWithSchema/run_stdout.log,/mnt/train-ticket-aitest/evomaster/evomaster-config/runtime-logs/methods/ts-order-service/user/EvoMaster_Test_faults/test_1_putOnOrderReturnsMismatchResponseWithSchema/run_stderr.log
ts-preserve-service,admin,EvoMaster_Test_faults.java,EvoMaster_Test_faults,test_0_postOnPreserveShowsFaults_100_101,False,1,500,/api/v1/preserveservice/preserve,POST,500,.statusCode(500) .assertThat(),6,".post(baseUrlOfSut + ""/api/v1/preserveservice/preserve"")",".body("" { "" + 
                    "" \""accountId\"": \""1tuCD\"", "" + 
                    "" \""contactsId\"": \""jS5cYwwm\"", "" + 
                    "" \""seatType\"": 469, "" + 
                    "" \""to\"": \""Z3p3ffEQ3jF\"", "" + 
                    "" \""foodPrice\"": 0.8728119361210646, "" + 
                    "" \""storeName\"": \""\"", "" + 
                    "" \""handleDate\"": \""FRRT4MVOCNZ6v\"", "" + 
                    "" \""consigneeName\"": \""5ls\"" "" + 
                    "" } "")",".header(""Authorization"", ""Bearer eyJhbGciOiJIUzI1NiJ9.eyJzdWIiOiJhZG1pbiIsInJvbGVzIjpbIlJPTEVfQURNSU4iXSwiaWQiOiI3YWRkZDMyZC1lODgyLTQ4ZjUtODFkMi0wOGIwODE4NmNmMWIiLCJpYXQiOjE3Nzc4NzI4MzIsImV4cCI6MTc3Nzg3NjQzMn0.f_DLshRkDsgTBBXterk9EZlY9-pcPc3ax3VK-ouE-ag"")",faults,/mnt/train-ticket-aitest/evomaster/generated-tests/blackbox/ts-preserve-service/admin/EvoMaster_Test_faults.java,21,6,True,0,,0,0,,100.0,0,0,0,0,0,0,False,,/mnt/train-ticket-aitest/evomaster/evomaster-config/runtime-logs/classes/ts-preserve-service/admin/EvoMaster_Test_faults,/mnt/train-ticket-aitest/evomaster/evomaster-config/runtime-logs/classes/ts-preserve-service/admin/EvoMaster_Test_faults/compile.log,/mnt/train-ticket-aitest/evomaster/evomaster-config/runtime-logs/classes/ts-preserve-service/admin/EvoMaster_Test_faults/compile_stdout.log,/mnt/train-ticket-aitest/evomaster/evomaster-config/runtime-logs/classes/ts-preserve-service/admin/EvoMaster_Test_faults/compile_stderr.log,False,True,1,java.lang.AssertionError;test_failure,1,False,18.16,12.21,161.29,"Tests run: 1, Failures: 1, Errors: 0, Skipped: 0",/mnt/train-ticket-aitest/evomaster/evomaster-config/runtime-logs/methods/ts-preserve-service/admin/EvoMaster_Test_faults/test_0_postOnPreserveShowsFaults_100_101,/mnt/train-ticket-aitest/evomaster/evomaster-config/runtime-logs/methods/ts-preserve-service/admin/EvoMaster_Test_faults/test_0_postOnPreserveShowsFaults_100_101/run.log,/mnt/train-ticket-aitest/evomaster/evomaster-config/runtime-logs/methods/ts-preserve-service/admin/EvoMaster_Test_faults/test_0_postOnPreserveShowsFaults_100_101/run_stdout.log,/mnt/train-ticket-aitest/evomaster/evomaster-config/runtime-logs/methods/ts-preserve-service/admin/EvoMaster_Test_faults/test_0_postOnPreserveShowsFaults_100_101/run_stderr.log
ts-preserve-service,admin,EvoMaster_Test_faults.java,EvoMaster_Test_faults,test_1_postOnPreserveReturnsMismatchResponseWithSchema,False,1,403,/api/v1/preserveservice/preserve,POST,403,.statusCode(403) .assertThat(),2,".post(baseUrlOfSut + ""/api/v1/preserveservice/preserve"")",".body("" { "" + 
                    "" \""contactsId\"": \""5\"", "" + 
                    "" \""tripId\"": \""hKBXtqdwBdFxG\"", "" + 
                    "" \""to\"": \""RVN3cMuTZNb_4i\"", "" + 
                    "" \""assurance\"": 30, "" + 
                    "" \""foodType\"": 284, "" + 
                    "" \""foodName\"": \""otNaei25l_N7J\"", "" + 
                    "" \""stationName\"": \""\"", "" + 
                    "" \""consigneePhone\"": \""Ijgq8kQUu\"", "" + 
                    "" \""consigneeWeight\"": 0.7369360632010675 "" + 
                    "" } "")",".header(""Authorization"", ""Bearer eyJhbGciOiJIUzI1NiJ9.eyJzdWIiOiJhZG1pbiIsInJvbGVzIjpbIlJPTEVfQURNSU4iXSwiaWQiOiI3YWRkZDMyZC1lODgyLTQ4ZjUtODFkMi0wOGIwODE4NmNmMWIiLCJpYXQiOjE3Nzc4NzI4MzIsImV4cCI6MTc3Nzg3NjQzMn0.f_DLshRkDsgTBBXterk9EZlY9-pcPc3ax3VK-ouE-ag"")",faults,/mnt/train-ticket-aitest/evomaster/generated-tests/blackbox/ts-preserve-service/admin/EvoMaster_Test_faults.java,21,6,True,0,,0,0,,100.0,0,0,0,0,0,0,False,,/mnt/train-ticket-aitest/evomaster/evomaster-config/runtime-logs/classes/ts-preserve-service/admin/EvoMaster_Test_faults,/mnt/train-ticket-aitest/evomaster/evomaster-config/runtime-logs/classes/ts-preserve-service/admin/EvoMaster_Test_faults/compile.log,/mnt/train-ticket-aitest/evomaster/evomaster-config/runtime-logs/classes/ts-preserve-service/admin/EvoMaster_Test_faults/compile_stdout.log,/mnt/train-ticket-aitest/evomaster/evomaster-config/runtime-logs/classes/ts-preserve-service/admin/EvoMaster_Test_faults/compile_stderr.log,False,True,1,java.lang.AssertionError;test_failure,1,False,15.06,12.74,170.46,"Tests run: 1, Failures: 1, Errors: 0, Skipped: 0",/mnt/train-ticket-aitest/evomaster/evomaster-config/runtime-logs/methods/ts-preserve-service/admin/EvoMaster_Test_faults/test_1_postOnPreserveReturnsMismatchResponseWithSchema,/mnt/train-ticket-aitest/evomaster/evomaster-config/runtime-logs/methods/ts-preserve-service/admin/EvoMaster_Test_faults/test_1_postOnPreserveReturnsMismatchResponseWithSchema/run.log,/mnt/train-ticket-aitest/evomaster/evomaster-config/runtime-logs/methods/ts-preserve-service/admin/EvoMaster_Test_faults/test_1_postOnPreserveReturnsMismatchResponseWithSchema/run_stdout.log,/mnt/train-ticket-aitest/evomaster/evomaster-config/runtime-logs/methods/ts-preserve-service/admin/EvoMaster_Test_faults/test_1_postOnPreserveReturnsMismatchResponseWithSchema/run_stderr.log
ts-preserve-service,none,EvoMaster_Test_faults.java,EvoMaster_Test_faults,test_0_postOnPreserveShowsFaults_100_101,False,1,500,/api/v1/preserveservice/preserve,POST,500,.statusCode(500) .assertThat(),6,".post(baseUrlOfSut + ""/api/v1/preserveservice/preserve"")",".body("" { "" + 
                    "" \""accountId\"": \""nCESDgr\"", "" + 
                    "" \""contactsId\"": \""\"", "" + 
                    "" \""seatType\"": 961, "" + 
                    "" \""date\"": \""1976-00-07\"", "" + 
                    "" \""from\"": \""BlV\"", "" + 
                    "" \""to\"": \""gpyKxbO\"", "" + 
                    "" \""foodType\"": 691, "" + 
                    "" \""storeName\"": \""ZMB6\"", "" + 
                    "" \""consigneePhone\"": \""\"" "" + 
                    "" } "")",,faults,/mnt/train-ticket-aitest/evomaster/generated-tests/blackbox/ts-preserve-service/none/EvoMaster_Test_faults.java,21,6,True,0,,0,0,,100.0,0,0,0,0,0,0,False,,/mnt/train-ticket-aitest/evomaster/evomaster-config/runtime-logs/classes/ts-preserve-service/none/EvoMaster_Test_faults,/mnt/train-ticket-aitest/evomaster/evomaster-config/runtime-logs/classes/ts-preserve-service/none/EvoMaster_Test_faults/compile.log,/mnt/train-ticket-aitest/evomaster/evomaster-config/runtime-logs/classes/ts-preserve-service/none/EvoMaster_Test_faults/compile_stdout.log,/mnt/train-ticket-aitest/evomaster/evomaster-config/runtime-logs/classes/ts-preserve-service/none/EvoMaster_Test_faults/compile_stderr.log,False,True,1,java.lang.AssertionError;test_failure,1,False,15.66,12.25,155.67,"Tests run: 1, Failures: 1, Errors: 0, Skipped: 0",/mnt/train-ticket-aitest/evomaster/evomaster-config/runtime-logs/methods/ts-preserve-service/none/EvoMaster_Test_faults/test_0_postOnPreserveShowsFaults_100_101,/mnt/train-ticket-aitest/evomaster/evomaster-config/runtime-logs/methods/ts-preserve-service/none/EvoMaster_Test_faults/test_0_postOnPreserveShowsFaults_100_101/run.log,/mnt/train-ticket-aitest/evomaster/evomaster-config/runtime-logs/methods/ts-preserve-service/none/EvoMaster_Test_faults/test_0_postOnPreserveShowsFaults_100_101/run_stdout.log,/mnt/train-ticket-aitest/evomaster/evomaster-config/runtime-logs/methods/ts-preserve-service/none/EvoMaster_Test_faults/test_0_postOnPreserveShowsFaults_100_101/run_stderr.log
ts-preserve-service,user,EvoMaster_Test_faults.java,EvoMaster_Test_faults,test_0_postOnPreserveShowsFaults_100_101,False,1,500,/api/v1/preserveservice/preserve,POST,500,.statusCode(500) .assertThat(),6,".post(baseUrlOfSut + ""/api/v1/preserveservice/preserve"")",".body("" { "" + 
                    "" \""accountId\"": \""6eE7vKPMeivz\"", "" + 
                    "" \""tripId\"": \""QvHx1clR5omo\"", "" + 
                    "" \""seatType\"": 251, "" + 
                    "" \""date\"": \""1924-11-21\"", "" + 
                    "" \""from\"": \""qKw_BfTZUlFAZ_6n\"", "" + 
                    "" \""to\"": \""Gg\"", "" + 
                    "" \""assurance\"": 992, "" + 
                    "" \""foodType\"": 94, "" + 
                    "" \""storeName\"": \""LJdBekSF\"", "" + 
                    "" \""handleDate\"": \""M055bId\"", "" + 
                    "" \""consigneeWeight\"": 0.35361882669535705 "" + 
                    "" } "")",,faults,/mnt/train-ticket-aitest/evomaster/generated-tests/blackbox/ts-preserve-service/user/EvoMaster_Test_faults.java,21,6,True,0,,0,0,,100.0,0,0,0,0,0,0,False,,/mnt/train-ticket-aitest/evomaster/evomaster-config/runtime-logs/classes/ts-preserve-service/user/EvoMaster_Test_faults,/mnt/train-ticket-aitest/evomaster/evomaster-config/runtime-logs/classes/ts-preserve-service/user/EvoMaster_Test_faults/compile.log,/mnt/train-ticket-aitest/evomaster/evomaster-config/runtime-logs/classes/ts-preserve-service/user/EvoMaster_Test_faults/compile_stdout.log,/mnt/train-ticket-aitest/evomaster/evomaster-config/runtime-logs/classes/ts-preserve-service/user/EvoMaster_Test_faults/compile_stderr.log,False,True,1,java.lang.AssertionError;test_failure,1,False,14.57,11.48,151.13,"Tests run: 1, Failures: 1, Errors: 0, Skipped: 0",/mnt/train-ticket-aitest/evomaster/evomaster-config/runtime-logs/methods/ts-preserve-service/user/EvoMaster_Test_faults/test_0_postOnPreserveShowsFaults_100_101,/mnt/train-ticket-aitest/evomaster/evomaster-config/runtime-logs/methods/ts-preserve-service/user/EvoMaster_Test_faults/test_0_postOnPreserveShowsFaults_100_101/run.log,/mnt/train-ticket-aitest/evomaster/evomaster-config/runtime-logs/methods/ts-preserve-service/user/EvoMaster_Test_faults/test_0_postOnPreserveShowsFaults_100_101/run_stdout.log,/mnt/train-ticket-aitest/evomaster/evomaster-config/runtime-logs/methods/ts-preserve-service/user/EvoMaster_Test_faults/test_0_postOnPreserveShowsFaults_100_101/run_stderr.log
ts-preserve-service,user,EvoMaster_Test_faults.java,EvoMaster_Test_faults,test_1_postOnPreserveReturnsMismatchResponseWithSchema,False,1,403,/api/v1/preserveservice/preserve,POST,403,.statusCode(403) .assertThat(),2,".post(baseUrlOfSut + ""/api/v1/preserveservice/preserve"")",".body("" { "" + 
                    "" \""accountId\"": \""aOHgOBqx16\"", "" + 
                    "" \""contactsId\"": \""oOOChDFfm7e7gz4\"", "" + 
                    "" \""tripId\"": \""VedlMFYXjSjw0v\"", "" + 
                    "" \""date\"": \""2044-01-31\"", "" + 
                    "" \""from\"": \""BMLwsb976K5\"", "" + 
                    "" \""to\"": \""nu64tuMECky6Nq7w\"", "" + 
                    "" \""assurance\"": 756, "" + 
                    "" \""foodType\"": 222, "" + 
                    "" \""foodName\"": \""\"", "" + 
                    "" \""storeName\"": \""33TZsxxva\"", "" + 
                    "" \""consigneeName\"": \""Alont2RgQJ0\"", "" + 
                    "" \""consigneePhone\"": \""vA_gpfGXjLNEgLvZ\"", "" + 
                    "" \""consigneeWeight\"": 0.1603586509324817 "" + 
                    "" } "")",".header(""Authorization"", ""Bearer eyJhbGciOiJIUzI1NiJ9.eyJzdWIiOiJmZHNlX21pY3Jvc2VydmljZSIsInJvbGVzIjpbIlJPTEVfVVNFUiJdLCJpZCI6IjRkMmE0NmM3LTcxY2ItNGNmMS1iNWJiLWI2ODQwNmQ5ZGE2ZiIsImlhdCI6MTc3Nzg3MjgzMywiZXhwIjoxNzc3ODc2NDMzfQ.sv733_A_jqo65r9MkfqmDMPEDxHbVBtive-TCAjUjqI"")",faults,/mnt/train-ticket-aitest/evomaster/generated-tests/blackbox/ts-preserve-service/user/EvoMaster_Test_faults.java,21,6,True,0,,0,0,,100.0,0,0,0,0,0,0,False,,/mnt/train-ticket-aitest/evomaster/evomaster-config/runtime-logs/classes/ts-preserve-service/user/EvoMaster_Test_faults,/mnt/train-ticket-aitest/evomaster/evomaster-config/runtime-logs/classes/ts-preserve-service/user/EvoMaster_Test_faults/compile.log,/mnt/train-ticket-aitest/evomaster/evomaster-config/runtime-logs/classes/ts-preserve-service/user/EvoMaster_Test_faults/compile_stdout.log,/mnt/train-ticket-aitest/evomaster/evomaster-config/runtime-logs/classes/ts-preserve-service/user/EvoMaster_Test_faults/compile_stderr.log,False,True,1,java.lang.AssertionError;test_failure,1,False,14.59,11.41,159.23,"Tests run: 1, Failures: 1, Errors: 0, Skipped: 0",/mnt/train-ticket-aitest/evomaster/evomaster-config/runtime-logs/methods/ts-preserve-service/user/EvoMaster_Test_faults/test_1_postOnPreserveReturnsMismatchResponseWithSchema,/mnt/train-ticket-aitest/evomaster/evomaster-config/runtime-logs/methods/ts-preserve-service/user/EvoMaster_Test_faults/test_1_postOnPreserveReturnsMismatchResponseWithSchema/run.log,/mnt/train-ticket-aitest/evomaster/evomaster-config/runtime-logs/methods/ts-preserve-service/user/EvoMaster_Test_faults/test_1_postOnPreserveReturnsMismatchResponseWithSchema/run_stdout.log,/mnt/train-ticket-aitest/evomaster/evomaster-config/runtime-logs/methods/ts-preserve-service/user/EvoMaster_Test_faults/test_1_postOnPreserveReturnsMismatchResponseWithSchema/run_stderr.log
